plantID,level,block,trmtUHURU,year,BA,height,woodystems,fruits,binfruits,fruitsnext6mo,binfruitsnext6mo,binsurnext6mo,BM,BMnext6mo
1,C,C1,CONT,11,20.42820623,29.8,4,0,0,0,0,1,8.50323383,10.15521793
2,C,C1,CONT,11,8.992808971,13.2,2,0,0,0,0,1,4.926733675,11.56590897
3,C,C1,CONT,11,38.48451001,20.5,4,0,0,NA,NA,0,9.271996698,NA
4,C,C1,CONT,11,38.89291705,71.2,5,NA,NA,NA,NA,NA,14.10017774,NA
5,C,C1,LMH,11,46.56625711,166.7,1,1,1,NA,NA,NA,19.89180284,NA
6,C,C1,LMH,11,4.154756284,56.4,2,0,0,NA,NA,0,6.182485665,NA
7,C,C1,LMH,11,1.5393804,38.4,1,0,0,0,0,1,3.903662831,4.176726403
8,C,C1,LMH,11,3.801327111,57.8,1,0,0,0,0,1,6.051014303,7.162199031
9,C,C1,LMH,11,6.157521601,53.2,1,0,0,0,0,1,6.914101559,8.309457256
10,C,C1,LMH,11,67.92908715,362,3,16,1,NA,NA,1,29.23152069,29.32376037
11,C,C1,LMH,11,26.42079422,185.6,1,2,1,NA,NA,NA,17.06384728,NA
12,C,C1,MEGA,11,0.196349541,4.5,NA,0,0,NA,NA,NA,0.959517922,NA
13,C,C1,MEGA,11,7.54767635,39.6,1,0,0,0,0,1,6.705721725,11.51353139
14,C,C1,MESO,11,NA,NA,NA,NA,NA,NA,NA,NA,NA,NA
15,C,C1,MESO,11,NA,NA,NA,NA,NA,NA,NA,NA,NA,NA
16,C,C1,MESO,11,NA,NA,NA,NA,NA,0,0,1,NA,1.940403253
17,C,C1,MESO,11,0.502654825,10,100,0,0,0,0,1,1.714423456,3.026905079
18,C,C1,MESO,11,NA,NA,NA,NA,NA,NA,NA,NA,NA,NA
19,C,C2,LMH,11,NA,NA,NA,NA,NA,0,0,NA,NA,5.460675927
20,C,C2,LMH,11,NA,NA,NA,NA,NA,0,0,NA,NA,1.051223458
21,C,C2,LMH,11,NA,NA,NA,NA,NA,NA,NA,NA,NA,NA
22,C,C2,LMH,11,NA,NA,NA,NA,NA,NA,NA,NA,NA,NA
23,C,C2,LMH,11,NA,NA,NA,NA,NA,0,0,NA,NA,0.882230761
24,C,C2,LMH,11,NA,NA,NA,NA,NA,0,0,NA,NA,0.787253138
25,C,C2,LMH,11,NA,NA,NA,NA,NA,NA,NA,NA,NA,NA
26,C,C2,MEGA,11,NA,NA,NA,NA,NA,NA,NA,NA,NA,NA
27,C,C2,MEGA,11,NA,NA,NA,NA,NA,NA,NA,NA,NA,NA
28,C,C3,CONT,11,NA,NA,NA,NA,NA,0,0,NA,NA,5.034010761
29,C,C3,CONT,11,NA,NA,NA,NA,NA,0,0,NA,NA,5.190612665
30,C,C3,CONT,11,NA,NA,NA,NA,NA,NA,NA,NA,NA,NA
31,C,C3,LMH,11,NA,NA,NA,NA,NA,1,1,NA,NA,17.37973816
32,C,C3,LMH,11,NA,NA,NA,NA,NA,NA,NA,NA,NA,NA
33,C,C3,LMH,11,NA,NA,NA,NA,NA,NA,NA,NA,NA,NA
34,C,C3,LMH,11,NA,NA,NA,NA,NA,NA,NA,NA,NA,NA
35,C,C3,LMH,11,NA,NA,NA,NA,NA,0,0,NA,NA,2.585526868
36,C,C3,LMH,11,NA,NA,NA,NA,NA,NA,NA,0,NA,NA
37,C,C3,MEGA,11,NA,NA,NA,NA,NA,NA,NA,NA,NA,NA
38,C,C3,MEGA,11,NA,NA,NA,NA,NA,0,0,NA,NA,19.97279405
39,C,C3,MEGA,11,NA,NA,NA,NA,NA,NA,NA,NA,NA,NA
40,C,C3,MEGA,11,NA,NA,NA,NA,NA,NA,NA,NA,NA,NA
41,C,C3,MESO,11,NA,NA,NA,NA,NA,NA,NA,NA,NA,NA
42,C,C3,MESO,11,NA,NA,NA,NA,NA,0,0,NA,NA,7.312287612
43,N,N1,CONT,11,NA,NA,NA,NA,NA,NA,NA,NA,NA,NA
44,N,N1,CONT,11,NA,NA,NA,NA,NA,NA,NA,NA,NA,NA
45,N,N1,CONT,11,2.010619298,5.7,NA,0,0,0,0,1,2.257429618,5.996350224
46,N,N1,CONT,11,2.83528737,16.4,1,0,0,0,0,1,3.60307377,5.460010796
47,N,N1,CONT,11,4.908738521,7.1,NA,0,0,NA,NA,NA,3.272435156,NA
48,N,N1,LMH,11,18.09557368,69.5,1,0,0,NA,NA,NA,10.83386547,NA
49,N,N1,LMH,11,NA,NA,NA,NA,NA,NA,NA,NA,NA,NA
50,N,N1,LMH,11,NA,NA,NA,NA,NA,NA,NA,NA,NA,NA
51,N,N1,LMH,11,3.801327111,38.5,1,1,1,0,0,1,5.283416485,11.90869762
52,N,N1,LMH,11,NA,30.7,2,0,0,0,0,1,NA,9.378626783
53,N,N1,LMH,11,NA,NA,NA,NA,NA,NA,NA,NA,NA,NA
54,N,N1,MEGA,11,NA,NA,NA,NA,NA,NA,NA,NA,NA,4.181262348
55,N,N1,MEGA,11,23.75829444,156.4,1,0,0,NA,NA,0,15.55455458,NA
56,N,N1,MEGA,11,11.94590607,110.1,2,0,0,NA,NA,0,10.99705884,NA
57,N,N1,MEGA,11,NA,NA,NA,NA,NA,NA,NA,0,NA,NA
58,N,N1,MEGA,11,86.94357669,NA,7,0,0,NA,NA,0,NA,NA
59,N,N1,MEGA,11,NA,NA,NA,NA,NA,NA,NA,0,NA,NA
60,N,N1,MEGA,11,NA,NA,NA,NA,NA,NA,NA,NA,NA,NA
61,N,N1,MEGA,11,4.523893421,11.2,1,0,0,0,0,1,3.707850321,13.43908109
62,N,N1,MESO,11,NA,NA,NA,NA,NA,NA,NA,NA,NA,NA
63,N,N1,MESO,11,113.0423577,269.8,3,16,1,NA,NA,0,31.41033362,NA
64,N,N1,MESO,11,NA,NA,NA,NA,NA,NA,NA,NA,NA,NA
65,N,N1,MESO,11,172.0336137,296.4,1,272,1,NA,NA,0,37.28982902,NA
66,N,N1,MESO,11,NA,NA,NA,NA,NA,NA,NA,NA,NA,NA
67,N,N1,MESO,11,NA,NA,NA,NA,NA,NA,NA,NA,NA,NA
68,N,N1,MESO,11,NA,NA,NA,NA,NA,NA,NA,NA,NA,NA
69,N,N1,MESO,11,147.3485494,173.7,6,48,1,NA,NA,0,29.62471265,NA
70,N,N1p,CONT,11,3.801327111,1.2,NA,0,0,NA,NA,NA,1.659759828,NA
71,N,N1p,CONT,11,NA,NA,NA,NA,NA,NA,NA,NA,NA,NA
72,N,N1p,CONT,11,4.908738521,NA,NA,0,0,0,0,1,NA,8.847354508
73,N,N1p,CONT,11,NA,NA,NA,NA,NA,NA,NA,NA,NA,NA
74,N,N1p,CONT,11,56.74501731,NA,NA,0,0,0,0,1,NA,22.07624345
75,N,N1p,CONT,11,2.83528737,42.4,1,0,0,0,0,1,4.947583489,9.716106694
76,N,N1p,CONT,11,2.269800692,38.7,1,0,0,0,0,1,4.455551572,11.10582965
77,N,N1p,CONT,11,4.523893421,30.8,1,0,0,0,0,1,5.197480718,14.13872464
78,N,N1p,CONT,11,3.141592654,41.6,1,0,0,0,0,1,5.087509743,9.108403001
79,N,N2,CONT,11,NA,NA,NA,NA,NA,NA,NA,NA,NA,NA
80,N,N2,CONT,11,13.8544236,41.6,3,0,0,NA,NA,0,8.349304569,7.823308573
81,N,N2,CONT,11,3.463605901,36.5,1,0,0,0,0,1,5.031419523,16.31379411
82,N,N2,CONT,11,NA,NA,NA,NA,NA,0,0,NA,NA,6.829639332
83,N,N2,CONT,11,8.042477193,29,0,0,0,0,0,1,6.172813101,7.387616078
84,N,N2,CONT,11,NA,NA,NA,NA,NA,NA,NA,NA,NA,NA
85,N,N2,CONT,11,NA,NA,NA,NA,NA,NA,NA,NA,NA,NA
86,N,N2,LMH,11,NA,NA,NA,NA,NA,NA,NA,NA,NA,NA
87,N,N2,LMH,11,4.154756284,35.6,1,0,0,0,0,1,5.302130477,14.1692698
88,N,N2,LMH,11,NA,NA,NA,NA,NA,NA,NA,NA,NA,NA
89,N,N2,MEGA,11,NA,NA,NA,NA,NA,NA,NA,NA,NA,NA
90,N,N2,MEGA,11,2.010619298,16.7,1,0,0,NA,NA,1,3.231980501,NA
91,N,N2,MEGA,11,10.75210086,27.8,1,0,0,1,1,1,6.705874673,17.75087045
92,N,N2,MESO,11,0.785398163,9.4,NA,NA,NA,NA,NA,NA,1.949186743,NA
93,N,N2,MESO,11,14.52201204,56.4,1,0,0,0,0,1,9.388661421,21.77719704
94,N,N2,MESO,11,96.58826613,97.8,6,0,0,0,0,1,21.23913656,27.30005796
95,N,N2p,CONT,11,2.544690049,3.4,NA,0,0,NA,NA,NA,2.055201085,NA
96,N,N2p,CONT,11,2.269800692,1.4,NA,0,0,NA,NA,NA,1.47106121,NA
97,N,N2p,CONT,11,25.51758633,69.1,1,2,1,4,1,1,12.12772243,16.72065963
98,N,N2p,CONT,11,1.767145868,1.3,NA,0,0,NA,NA,NA,1.320053234,NA
99,N,N2p,CONT,11,NA,0.9,NA,0,0,NA,NA,0,NA,NA
100,N,N2p,CONT,11,NA,NA,NA,NA,NA,NA,NA,NA,NA,NA
101,N,N3,CONT,11,6.605198554,11.5,2,0,0,NA,NA,0,4.24453987,NA
102,N,N3,CONT,11,NA,NA,NA,NA,NA,NA,NA,NA,NA,NA
103,N,N3,CONT,11,6.157521601,1.8,2,0,0,NA,NA,NA,2.232362131,NA
104,N,N3,CONT,11,NA,NA,NA,NA,NA,NA,NA,1,NA,NA
105,N,N3,CONT,11,4.523893421,49.6,1,0,0,NA,NA,0,6.093636437,NA
106,N,N3,CONT,11,NA,NA,NA,NA,NA,NA,NA,NA,NA,NA
107,N,N3,CONT,11,3.801327111,26,1,0,0,NA,NA,NA,4.634446139,NA
108,N,N3,CONT,11,2.83528737,32.6,1,0,0,NA,NA,NA,4.53194753,NA
109,N,N3,CONT,11,0.070685835,1.6,NA,0,0,NA,NA,NA,0.483054588,NA
110,N,N3,CONT,11,13.20254313,17.1,1,0,0,NA,NA,NA,6.10610777,NA
111,N,N3,CONT,11,3.141592654,15.3,1,0,0,NA,NA,NA,3.643180603,NA
112,N,N3,LMH,11,NA,NA,NA,NA,NA,NA,NA,NA,NA,NA
113,N,N3,LMH,11,0.282743339,4.2,NA,0,0,NA,NA,NA,1.059056263,NA
114,N,N3,MEGA,11,8.529424054,10.6,3,0,0,NA,NA,0,4.498664024,NA
115,N,N3,MEGA,11,NA,NA,NA,NA,NA,NA,NA,1,NA,NA
116,N,N3,MESO,11,0.3848451,3.6,NA,0,0,0,0,1,1.114985291,2.99187145
117,N,N3,MESO,11,2.269800692,28.6,1,0,0,0,0,1,4.027653741,7.002893117
118,N,N3,MESO,11,2.269800692,14.2,0,0,0,NA,NA,NA,3.18813098,NA
119,N,N3,MESO,11,40.71504079,119.6,1,2,1,0,0,1,17.02404639,18.82224051
120,S,S1,CONT,11,2.83528737,28.1,1,0,0,0,0,1,4.312686205,9.56641857
121,S,S1,CONT,11,NA,NA,NA,NA,NA,NA,NA,NA,NA,NA
122,S,S1,CONT,11,NA,34.2,NA,0,0,0,0,1,NA,8.060830962
123,S,S1,CONT,11,43.00840343,39.1,2,0,0,0,0,1,11.9373002,19.69161598
124,S,S1,CONT,11,34.43185548,39.3,3,0,0,0,0,1,11.1019287,10.01074915
125,S,S1,CONT,11,2.010619298,15.6,1,0,0,0,0,1,3.159290203,5.524161598
126,S,S1,CONT,11,9.621127502,37.6,2,0,0,0,0,1,7.146993416,9.141217203
127,S,S1,LMH,11,NA,NA,NA,NA,NA,NA,NA,NA,NA,NA
128,S,S1,LMH,11,63.61725124,334,1,NA,NA,NA,NA,1,27.84011633,36.04967258
129,S,S1,LMH,11,NA,NA,NA,NA,NA,NA,NA,NA,NA,NA
130,S,S1,LMH,11,0.502654825,1.6,NA,0,0,NA,NA,NA,0.929853459,NA
131,S,S1,MEGA,11,72.38229474,187.4,1,5,1,0,0,1,23.96610329,20.97199388
132,S,S1,MEGA,11,0.282743339,2.6,NA,0,0,NA,NA,NA,0.902373555,NA
133,S,S1p,CONT,11,NA,NA,NA,NA,NA,NA,NA,NA,NA,NA
134,S,S1p,CONT,11,NA,NA,NA,NA,NA,NA,NA,NA,NA,NA
135,S,S1p,CONT,11,NA,NA,NA,NA,NA,NA,NA,NA,NA,NA
136,S,S1p,CONT,11,11.34114948,44,1,0,0,0,0,1,7.957207855,11.55948789
137,S,S1p,CONT,11,15.90431281,129.4,1,2,1,0,0,1,12.77000403,15.4007742
138,S,S1p,CONT,11,14.52201204,72.2,1,0,0,0,0,1,10.19557358,11.16511326
139,S,S1p,CONT,11,1.130973355,9.2,NA,0,0,0,0,1,2.185769796,4.376404324
140,S,S1p,CONT,11,0.636172512,1.7,NA,0,0,NA,NA,NA,1.026499665,NA
141,S,S1p,CONT,11,3.463605901,20.4,1,0,0,0,0,1,4.143233337,4.023394152
142,S,S1p,CONT,11,NA,NA,NA,NA,NA,NA,NA,NA,NA,NA
143,S,S2,CONT,11,16.61902514,99.8,2,1,1,NA,NA,0,11.88242355,15.35919168
144,S,S2,CONT,11,NA,NA,NA,NA,NA,NA,NA,NA,NA,NA
145,S,S2,CONT,11,NA,NA,NA,NA,NA,NA,NA,NA,NA,NA
146,S,S2,CONT,11,2.83528737,37.4,1,0,0,NA,NA,NA,4.74460749,NA
147,S,S2,CONT,11,2.544690049,31.4,1,0,0,NA,NA,NA,4.316869186,NA
148,S,S2,CONT,11,NA,NA,NA,NA,NA,NA,NA,NA,NA,NA
149,S,S2,LMH,11,0.282743339,0.9,NA,0,0,NA,NA,1,0.633245222,NA
150,S,S2,LMH,11,0.502654825,2.3,NA,0,0,NA,NA,1,1.049619049,NA
151,S,S2,LMH,11,0.282743339,1.7,NA,0,0,NA,NA,NA,0.783038474,NA
152,S,S2,MEGA,11,0.3848451,1.7,NA,0,0,0,0,1,0.867927225,1.56432815
153,S,S2,MEGA,11,0.196349541,5.6,NA,0,0,0,0,1,1.032192151,1.79720879
154,S,S2,MEGA,11,NA,NA,NA,NA,NA,NA,NA,NA,NA,NA
155,S,S2,MEGA,11,NA,NA,NA,NA,NA,NA,NA,NA,NA,NA
156,S,S2,MEGA,11,NA,NA,NA,NA,NA,NA,NA,NA,NA,NA
157,S,S2,MEGA,11,2.269800692,52.6,1,0,0,0,0,1,4.936226737,9.499908491
158,S,S2,MEGA,11,NA,NA,NA,NA,NA,NA,NA,NA,NA,NA
159,S,S2,MEGA,11,NA,NA,NA,NA,NA,NA,NA,NA,NA,NA
160,S,S2,MEGA,11,35.25652355,182.4,2,2,1,0,0,1,18.68032697,19.3278183
161,S,S2,MEGA,11,NA,NA,NA,NA,NA,NA,NA,1,NA,10.69661366
162,S,S2,MEGA,11,NA,NA,NA,NA,NA,NA,NA,NA,NA,NA
163,S,S2,MEGA,11,18.09557368,14.5,6,0,0,0,0,1,6.420374126,5.466766272
164,S,S2,MEGA,11,6.157521601,59.2,1,0,0,NA,NA,NA,7.165222849,NA
165,S,S2,MESO,11,3.801327111,30.6,1,0,0,0,0,1,4.893470791,8.681363432
166,S,S2,MESO,11,25.14844919,31.6,6,0,0,NA,NA,0,9.294536118,10.0402038
167,S,S2,MESO,11,4.523893421,16.2,3,0,0,0,0,1,4.194084272,6.343637582
168,S,S2,MESO,11,98.52034562,270,1,20,1,0,0,1,30.00848798,34.70154314
169,S,S2p,CONT,11,0.031415927,3.3,NA,0,0,NA,NA,NA,0.469224356,NA
170,S,S2p,CONT,11,28.27433388,58,1,0,0,NA,NA,NA,11.83760719,NA
171,S,S2p,CONT,11,0.3848451,8.9,NA,0,0,0,0,1,1.508345842,1.810130044
172,S,S2p,CONT,11,0.950331778,12,1,0,0,NA,NA,NA,2.253704871,NA
173,S,S2p,CONT,11,0.785398163,11.6,1,0,0,0,0,1,2.090951238,2.921839535
174,S,S2p,CONT,11,NA,NA,NA,NA,NA,NA,NA,0,NA,NA
175,S,S2p,CONT,11,NA,NA,NA,NA,NA,NA,NA,0,NA,NA
176,S,S2p,CONT,11,NA,NA,NA,NA,NA,NA,NA,0,NA,NA
177,S,S2p,CONT,11,0.636172512,11.2,0,0,0,NA,NA,NA,1.926211156,NA
178,S,S2p,CONT,11,31.17245311,50,1,0,0,NA,NA,0,11.63838572,2.42016527
179,S,S2p,CONT,11,NA,NA,NA,NA,NA,NA,NA,NA,NA,NA
180,S,S2p,CONT,11,NA,0.6,NA,0,0,NA,NA,NA,NA,NA
181,S,S2p,CONT,11,2.83528737,31.9,1,0,0,NA,NA,0,4.499224958,NA
182,S,S2p,CONT,11,NA,NA,NA,NA,NA,NA,NA,NA,NA,NA
183,S,S2p,CONT,11,NA,NA,NA,NA,NA,NA,NA,NA,NA,NA
184,S,S2p,CONT,11,0.785398163,14.9,0,0,0,NA,NA,NA,2.273226502,NA
185,S,S2p,CONT,11,0.502654825,7.1,NA,0,0,0,0,1,1.529187988,2.014719958
186,S,S2p,CONT,11,0.502654825,12.4,0,0,0,0,0,1,1.842072917,2.763359744
187,S,S3,CONT,11,46.56625711,79,4,25,1,NA,NA,NA,15.50258566,NA
188,S,S3,CONT,11,NA,NA,NA,NA,NA,0,0,NA,NA,5.97285669
189,S,S3,CONT,11,2.544690049,30.9,1,0,0,NA,NA,0,4.293797632,NA
190,S,S3,CONT,11,22.06183441,50.8,3,6,1,NA,NA,1,10.42494317,NA
191,S,S3,CONT,11,33.1830724,39.6,3,5,1,NA,NA,0,10.99372326,NA
192,S,S3,CONT,11,1.767145868,3.9,NA,0,0,0,0,1,1.904924659,2.521405897
193,S,S3,LMH,11,NA,NA,NA,NA,NA,NA,NA,NA,NA,NA
194,S,S3,LMH,11,NA,NA,NA,NA,NA,NA,NA,NA,NA,NA
195,S,S3,LMH,11,0.3848451,2.8,NA,0,0,NA,NA,NA,1.025253801,NA
196,S,S3,LMH,11,11.34114948,47.4,4,4,1,1,1,1,8.157415565,9.400316093
197,S,S3,LMH,11,NA,NA,NA,NA,NA,NA,NA,NA,NA,NA
198,S,S3,LMH,11,41.41404516,134.2,1,19,1,0,0,1,17.79223178,22.64198523
199,S,S3,LMH,11,19.63495408,43.1,2,3,1,0,0,1,9.491716374,10.32700987
200,S,S3,LMH,11,10.75210086,41.2,1,0,0,0,0,1,7.647056659,7.518293237
201,S,S3,LMH,11,NA,NA,NA,NA,NA,NA,NA,NA,NA,NA
202,S,S3,LMH,11,0.125663706,1.7,NA,0,0,NA,NA,NA,0.597320458,NA
203,S,S3,LMH,11,15.20530844,160.5,1,6,1,0,0,1,13.51770253,NA
204,S,S3,LMH,11,18.09557368,101.1,2,8,1,3,1,1,12.27786318,13.59561508
205,S,S3,LMH,11,11.94590607,29.1,2,1,1,0,0,1,7.052566991,6.480282529
206,S,S3,LMH,11,NA,NA,NA,NA,NA,NA,NA,NA,NA,NA
207,S,S3,MEGA,11,0.282743339,4.9,NA,0,0,NA,NA,NA,1.114985291,NA
208,S,S3,MEGA,11,0.502654825,5.2,NA,0,0,NA,NA,NA,1.378180678,NA
209,S,S3,MEGA,11,0.125663706,2.8,NA,0,0,NA,NA,NA,0.705594954,NA
210,S,S3,MEGA,11,1.5393804,40.5,1,0,0,0,0,1,3.973673243,4.15957489
211,S,S3,MESO,11,23.88395815,81.6,3,2,1,0,0,1,12.53991523,11.08557782
212,S,S3,MESO,11,39.15209845,85.1,5,2,1,2,1,1,14.99836878,21.27431632
213,S,S3,MESO,11,4.154756284,65,1,0,0,NA,NA,1,6.482456921,NA
214,S,S3,MESO,11,3.141592654,33,1,0,0,NA,NA,0,4.708981075,NA
215,S,S3,MESO,11,10.1787602,1.1,NA,0,0,0,0,1,2.23994124,2.136919978
216,S,S3,MESO,11,2.83528737,2,NA,0,0,NA,NA,NA,1.784832626,NA
217,S,S3,NA,11,NA,NA,NA,NA,NA,0,0,NA,NA,NA
218,C,C1,CONT,11,33.1830724,18.7,5,0,0,0,0,1,8.557737763,14.04818953
219,C,C1,CONT,11,30.33207707,31.1,9,0,0,0,0,1,9.842094243,16.80934962
220,C,C1,CONT,11,8.552985999,37.7,4,0,0,0,0,1,6.87774491,10.14078039
221,C,C1,CONT,11,78.8147057,40.2,10,0,0,0,0,1,14.74853897,20.61024765
222,C,C1,CONT,11,3.141592654,31.2,2,0,0,0,0,1,4.621623966,8.746297501
223,C,C1,CONT,11,13.20254313,20.2,6,0,0,0,0,1,6.455355759,13.28857153
224,C,C1,CONT,11,62.21138852,32.2,4,0,0,0,0,1,12.65543813,15.33816911
225,C,C1,CONT,11,23.75829444,49.1,3,0,0,0,0,1,10.56525055,12.75063485
226,C,C1,CONT,11,6.605198554,11.6,2,0,0,0,0,1,4.256826393,10.03089372
227,C,C1,CONT,11,NA,NA,NA,NA,NA,NA,NA,NA,NA,NA
228,C,C1,CONT,11,17.34944543,35.2,2,0,0,NA,NA,1,8.512270614,NA
229,C,C1,CONT,11,11.34114948,25.1,4,0,0,NA,NA,1,6.597439116,NA
230,C,C1,CONT,11,4.908738521,10.3,1,0,0,NA,NA,1,3.705219693,NA
231,C,C1,CONT,11,3.801327111,33.4,1,0,0,NA,NA,1,5.038620095,NA
232,C,C1,CONT,11,2.83528737,7.1,NA,0,0,NA,NA,NA,2.724523582,NA
233,C,C1,CONT,11,5.976880023,31.3,2,0,0,NA,NA,NA,5.734700946,NA
234,C,C1,CONT,11,4.154756284,10.1,0,0,0,NA,NA,1,3.481706644,NA
235,C,C1,CONT,11,4.908738521,15.1,2,0,0,NA,NA,1,4.209974939,NA
236,C,C1,CONT,11,7.54767635,9.9,NA,0,0,NA,NA,1,4.221322392,NA
237,C,C1,CONT,11,4.154756284,16.1,3,0,0,NA,NA,1,4.068160337,NA
238,C,C1,CONT,11,2.010619298,11.8,0,0,0,NA,NA,NA,2.878146043,NA
239,C,C1,CONT,11,1.767145868,23.1,1,0,0,NA,NA,1,3.449783312,NA
240,C,C1,CONT,11,26.42079422,24.2,5,0,0,NA,NA,1,8.643706687,NA
241,C,C1,CONT,11,27.33971007,25.7,7,0,0,NA,NA,1,8.920237185,NA
242,C,C1,CONT,11,1.130973355,2.5,NA,0,0,NA,NA,1,1.414805714,NA
243,C,C1,CONT,11,1.5393804,15.4,1,0,0,NA,NA,1,2.877382441,NA
244,C,C1,CONT,11,0.3848451,1.4,NA,0,0,NA,NA,1,0.813453787,NA
245,C,C1,CONT,11,15.21316243,15.7,2,0,0,NA,NA,NA,6.222031795,NA
246,C,C1,CONT,11,18.8574099,16.6,3,0,0,NA,NA,1,6.81004168,NA
247,C,C1,CONT,11,19.63495408,14.6,1,0,0,NA,NA,1,6.612935409,NA
248,C,C1,CONT,11,9.314822218,33.2,2,0,0,NA,NA,1,6.782470152,NA
249,C,C1,CONT,11,78.89324551,27.4,6,0,0,NA,NA,NA,12.98122772,NA
250,C,C1,CONT,11,24.6300864,18.2,1,0,0,NA,NA,0,7.677371453,NA
251,C,C1,CONT,11,1.767145868,6,NA,0,0,0,0,1,2.19956325,3.673267274
252,C,C1,CONT,11,1.5393804,21.4,1,0,0,0,0,1,3.211458123,4.006602992
253,C,C1,CONT,11,1.130973355,8.6,NA,0,0,0,0,1,2.137106658,1.860004897
254,C,C1,CONT,11,1.63362818,17.6,1,0,0,0,0,1,3.068837236,4.334663072
255,C,C1,CONT,11,1.5393804,26.1,1,0,0,0,0,1,3.431539125,4.23657204
256,C,C1,CONT,11,0.282743339,7.5,NA,0,0,NA,NA,1,1.285245695,NA
257,C,C1,CONT,11,1.767145868,17.7,2,0,0,NA,NA,NA,3.156355932,NA
258,C,C1,CONT,11,2.269800692,13.9,1,0,0,NA,NA,1,3.165484519,NA
259,C,C1,CONT,11,NA,NA,NA,NA,NA,NA,NA,NA,NA,NA
260,C,C1,CONT,11,3.801327111,14.1,1,0,0,0,0,1,3.778123122,7.897830092
261,C,C1,CONT,11,1.5393804,8.9,1,0,0,0,0,1,2.396061362,5.039655454
262,C,C1,CONT,11,1.272345025,9.1,1,0,0,0,0,1,2.265150367,5.238681266
263,C,C1,CONT,11,3.801327111,9.4,3,0,0,1,1,1,3.299804809,6.648241476
264,C,C1,CONT,11,NA,NA,NA,NA,NA,NA,NA,NA,NA,NA
265,C,C1,CONT,11,4.154756284,6.4,NA,0,0,0,0,1,2.989805301,5.427329838
266,C,C1,CONT,11,NA,NA,NA,NA,NA,NA,NA,NA,NA,NA
267,C,C1,CONT,11,3.463605901,11.4,0,0,0,0,0,1,3.41167261,12.10452778
268,C,C1,CONT,11,3.463605901,10.4,0,0,0,0,0,1,3.308691627,6.368618981
269,C,C1,CONT,11,5.309291585,10.6,0,0,0,0,0,1,3.840163576,6.765254482
270,C,C1,CONT,11,15.20530844,12.1,3,0,0,0,0,1,5.702880707,4.725127332
271,C,C1,CONT,11,NA,NA,NA,NA,NA,NA,NA,1,NA,NA
272,C,C1,LMH,11,0.502654825,2.3,NA,0,0,NA,NA,NA,1.049619049,NA
273,C,C1,LMH,11,4.908738521,69.2,1,3,1,0,0,1,6.998366509,13.05936676
274,C,C1,LMH,11,91.01193917,294,2,34,1,NA,NA,1,30.06750788,34.93246739
275,C,C1,LMH,11,143.1388153,128.8,8,12,1,1,1,1,26.55155166,30.26560439
276,C,C1,LMH,11,0.3848451,6,NA,0,0,0,0,1,1.322309375,2.720738214
277,C,C1,LMH,11,22.06183441,108.4,1,3,1,1,1,1,13.42657452,19.19274408
278,C,C1,LMH,11,0.3848451,6,NA,0,0,0,0,1,1.322309375,2.957836285
279,C,C1,LMH,11,45.36459792,159.7,1,12,1,NA,NA,1,19.43854287,NA
280,C,C1,LMH,11,2.83528737,30.9,1,0,0,0,0,1,4.451638026,4.335018089
281,C,C1,LMH,11,0.636172512,30.5,1,0,0,0,0,1,2.691258635,3.412770597
282,C,C1,LMH,11,5.309291585,74.6,1,0,0,0,0,1,7.366551028,8.249300976
283,C,C1,LMH,11,25.51758633,108.9,1,5,1,NA,NA,1,14.11662971,NA
284,C,C1,LMH,11,9.621127502,61.2,1,0,0,0,0,1,8.409179607,11.71718393
285,C,C1,LMH,11,5.309291585,52.9,1,1,1,NA,NA,1,6.567894971,NA
286,C,C1,LMH,11,19.63495408,80.1,1,2,1,NA,NA,1,11.67352206,NA
287,C,C1,LMH,11,113.0973355,207.2,2,8,1,0,0,1,28.7651438,25.23862491
288,C,C1,LMH,11,35.25652355,169.7,2,18,1,NA,NA,1,18.23562503,NA
289,C,C1,LMH,11,47.78362426,141.2,2,1,1,0,0,1,18.9821343,24.47594295
290,C,C1,LMH,11,15.90431281,130.4,2,1,1,0,0,1,12.80286588,17.91811662
291,C,C1,LMH,11,7.54767635,65.4,1,0,0,0,0,1,7.928396462,12.78173355
292,C,C1,LMH,11,46.56625711,215.4,1,37,1,0,0,1,21.6688014,24.62443961
293,C,C1,LMH,11,4.154756284,69.6,2,0,0,NA,NA,1,6.632138304,NA
294,C,C1,LMH,11,31.17245311,214.6,1,15,1,NA,NA,1,18.92803074,21.08485752
295,C,C1,LMH,11,21.23716634,114.4,3,0,0,0,0,1,13.49747883,9.387238034
296,C,C1,LMH,11,3.141592654,47.1,0,0,0,0,0,1,5.302844727,6.874174653
297,C,C1,LMH,11,18.8574099,146.8,1,4,1,2,1,1,14.0986342,17.00246925
298,C,C1,LMH,11,NA,NA,NA,NA,NA,NA,NA,NA,NA,NA
299,C,C1,LMH,11,NA,NA,NA,NA,NA,NA,NA,NA,NA,NA
300,C,C1,LMH,11,96.76890771,110.1,2,7,1,NA,NA,1,22.10974701,NA
301,C,C1,LMH,11,39.59192142,153.1,1,6,1,2,1,1,18.31514599,20.94376471
302,C,C1,LMH,11,44.12366882,126.5,1,1,1,0,0,1,17.81771652,18.97585808
303,C,C1,LMH,11,25.51758633,126.7,1,4,1,NA,NA,1,14.84845132,NA
304,C,C1,LMH,11,0.502654825,5.2,NA,0,0,0,0,1,1.378180678,2.642569799
305,C,C1,LMH,11,3.801327111,45.7,1,0,0,NA,NA,1,5.594634465,NA
306,C,C1,LMH,11,NA,NA,NA,NA,NA,NA,NA,1,NA,NA
307,C,C1,LMH,11,NA,NA,NA,NA,NA,NA,NA,1,NA,NA
308,C,C1,LMH,11,32.16990877,110.7,1,5,1,1,1,1,15.33545079,20.54887821
309,C,C1,LMH,11,2.269800692,23.7,1,0,0,0,0,1,3.78271969,6.54681258
310,C,C1,LMH,11,0.3848451,7.4,NA,0,0,0,0,1,1.418208821,3.074554587
311,C,C1,LMH,11,NA,NA,NA,NA,NA,NA,NA,1,NA,NA
312,C,C1,LMH,11,4.154756284,59.3,1,0,0,0,0,1,6.286846728,10.6460441
313,C,C1,LMH,11,10.1787602,118,1,7,1,3,1,1,10.66873798,16.41645424
314,C,C1,LMH,11,3.463605901,74.1,1,0,0,2,1,1,6.373199267,11.64701848
315,C,C1,LMH,11,0.636172512,5.5,NA,0,0,NA,NA,1,1.519122903,NA
316,C,C1,MEGA,11,NA,NA,NA,NA,NA,NA,NA,NA,NA,NA
317,C,C1,MEGA,11,NA,NA,NA,NA,NA,NA,NA,NA,NA,NA
318,C,C1,MEGA,11,21.11935661,19.8,1,0,0,0,0,1,7.501241961,11.41879344
319,C,C1,MEGA,11,42.80419991,31.1,3,0,0,0,0,1,11.04144811,NA
320,C,C1,MEGA,11,16.32842782,38.5,3,0,0,0,0,1,8.594966428,13.85298709
321,C,C1,MEGA,11,20.42820623,38,4,0,0,1,1,1,9.222053751,17.03170424
322,C,C1,MEGA,11,36.70165618,32.5,1,0,0,0,0,1,10.6440983,8.794853713
323,C,C1,MEGA,11,0.950331778,25,1,0,0,0,0,1,2.879481375,6.948639887
324,C,C1,MEGA,11,11.34114948,59.3,1,0,0,0,0,1,8.790795567,9.945992384
325,C,C1,MEGA,11,15.49590576,19.8,4,0,0,0,0,1,6.764607827,7.146766774
326,C,C1,MEGA,11,4.154756284,18.9,2,0,0,0,0,1,4.291863809,8.20174579
327,C,C1,MEGA,11,1.767145868,22.3,2,0,0,0,0,1,3.409428243,7.213118105
328,C,C1,MEGA,11,1.327322896,22.1,1,0,0,NA,NA,1,3.089436925,NA
329,C,C1,MEGA,11,1.327322896,31.9,1,0,0,NA,NA,1,3.492161344,NA
330,C,C1,MEGA,11,8.042477193,66.1,2,0,0,0,0,1,8.12709589,NA
331,C,C1,MEGA,11,12.56637061,25.4,2,0,0,0,0,1,6.854439452,11.03167734
332,C,C1,MEGA,11,NA,NA,NA,NA,NA,0,0,NA,NA,7.224831239
333,C,C1,MEGA,11,1.327322896,14.6,1,0,0,0,0,1,2.690130753,5.128979799
334,C,C1,MEGA,11,16.1634942,31.4,7,0,0,0,0,1,8.002325456,14.05095508
335,C,C1,MEGA,11,0.282743339,8.7,NA,0,0,0,0,1,1.350533559,5.002872287
336,C,C1,MEGA,11,18.13484359,23.4,4,0,0,0,0,1,7.538143447,10.88904612
337,C,C1,MEGA,11,NA,NA,NA,NA,NA,NA,NA,NA,NA,NA
338,C,C1,MEGA,11,3.714933313,6.1,NA,0,0,NA,NA,1,2.834385306,NA
339,C,C1,MEGA,11,0.196349541,4,NA,0,0,0,0,1,0.922520197,3.135570757
340,C,C1,MEGA,11,2.83528737,4.6,NA,0,0,0,0,1,2.357001723,7.423077169
341,C,C1,MEGA,11,39.63119133,12.6,2,0,0,0,0,1,7.959030399,13.41858705
342,C,C1,MEGA,11,2.83528737,18.2,1,0,0,0,0,1,3.730545265,7.118429628
343,C,C1,MEGA,11,3.463605901,16.2,0,0,0,NA,NA,1,3.836330978,NA
344,C,C1,MEGA,11,0.950331778,12.1,0,0,0,NA,NA,1,2.25995752,NA
345,C,C1,MEGA,11,0.785398163,16.8,1,0,0,NA,NA,1,2.366158952,NA
346,C,C1,MEGA,11,9.621127502,22.3,2,0,0,0,0,1,6.003144134,10.80657588
347,C,C1,MEGA,11,17.34944543,26.8,3,0,0,0,0,1,7.771683339,3.868777141
348,C,C1,MEGA,11,7.54767635,40.6,2,0,0,0,0,1,6.761785543,10.84886558
349,C,C1,MEGA,11,0.950331778,16.1,1,0,0,0,0,1,2.486056817,5.179713425
350,C,C1,MEGA,11,14.52201204,142,2,0,0,0,0,1,12.77850747,8.42668545
351,C,C1,MEGA,11,2.83528737,16.1,1,0,0,NA,NA,1,3.580934388,NA
352,C,C1,MEGA,11,22.90221044,48.2,1,0,0,0,0,1,10.37233829,5.758997334
353,C,C1,MEGA,11,18.09557368,30.6,4,0,0,0,0,1,8.238446719,12.54317368
354,C,C1,MEGA,11,33.1830724,19.9,2,0,0,0,0,1,8.737289402,10.89070573
355,C,C1,MEGA,11,10.75210086,65.4,30,0,0,0,0,1,8.92259669,10.77320812
356,C,C1,MEGA,11,5.309291585,37.6,2,0,0,0,0,1,5.860398697,7.706075206
357,C,C1,MEGA,11,2.83528737,21.1,1,0,0,0,0,1,3.919305362,6.369787482
358,C,C1,MEGA,11,4.154756284,27.6,1,0,0,0,0,1,4.870196213,7.417548564
359,C,C1,MEGA,11,4.908738521,15.1,2,0,0,0,0,1,4.209974939,6.101012751
360,C,C1,MEGA,11,37.10220924,49.9,4,0,0,1,1,1,12.32682015,18.33569224
361,C,C1,MEGA,11,7.93252145,34.1,2,0,0,1,1,1,6.4859796,11.58805119
362,C,C1,MESO,11,3.463605901,18.1,3,0,0,0,0,1,3.981029681,7.933261946
363,C,C1,MESO,11,NA,NA,NA,NA,NA,NA,NA,NA,NA,NA
364,C,C1,MESO,11,33.45010778,21.1,3,0,0,0,0,1,8.933638851,9.445865532
365,C,C1,MESO,11,NA,NA,NA,NA,NA,NA,NA,NA,NA,NA
366,C,C1,MESO,11,3.463605901,18.6,2,0,0,0,0,1,4.017411381,8.537725534
367,C,C1,MESO,11,2.83528737,5.2,NA,0,0,0,0,1,2.455476885,9.465932209
368,C,C1,MESO,11,2.269800692,9.5,NA,0,0,0,0,1,2.787776333,6.187134575
369,C,C1,MESO,11,NA,NA,NA,NA,NA,NA,NA,NA,NA,NA
370,C,C1,MESO,11,11.94590607,14.6,4,0,0,0,0,1,5.602038718,13.40226349
371,C,C1,MESO,11,10.75210086,21.2,2,0,0,0,0,1,6.125738394,10.3197826
372,C,C1,MESO,11,11.94590607,25.9,4,0,0,0,0,1,6.783545349,15.30618259
373,C,C1,MESO,11,NA,NA,NA,NA,NA,NA,NA,1,NA,NA
374,C,C1,MESO,11,NA,NA,NA,NA,NA,NA,NA,1,NA,NA
375,C,C1,MESO,11,NA,NA,NA,NA,NA,NA,NA,1,NA,NA
376,C,C1,MESO,11,0.3848451,2.1,NA,0,0,NA,NA,NA,0.931366774,NA
377,C,C1,MESO,11,2.269800692,20.7,0,0,0,0,0,1,3.615606805,7.213190579
378,C,C1,MESO,11,9.958848712,19.2,3,0,0,0,0,1,5.776695784,8.206320867
379,C,C1,MESO,11,3.801327111,32.6,1,0,0,0,0,1,4.998003603,8.700409239
380,C,C1,MESO,11,0.196349541,2.8,NA,0,0,NA,NA,1,0.818958792,NA
381,C,C1,MESO,11,7.068583471,77.6,1,0,0,2,1,1,8.212524294,13.37622347
382,C,C1,MESO,11,0.282743339,3.4,NA,0,0,0,0,1,0.986919213,1.993252172
383,C,C1,MESO,11,NA,NA,NA,NA,NA,NA,NA,NA,NA,NA
384,C,C1,MESO,11,NA,NA,NA,NA,NA,NA,NA,NA,NA,NA
385,C,C1,MESO,11,NA,NA,NA,NA,NA,NA,NA,NA,NA,NA
386,C,C1,MESO,11,NA,NA,NA,NA,NA,NA,NA,NA,NA,NA
387,C,C1,MESO,11,0.785398163,3.1,NA,0,0,NA,NA,1,1.345911161,NA
388,C,C1,MESO,11,NA,NA,NA,NA,NA,NA,NA,NA,NA,NA
389,C,C1,MESO,11,0.636172512,5.2,NA,0,0,0,0,1,1.490941396,7.210647748
390,C,C1,MESO,11,0.950331778,5,NA,0,0,0,0,1,1.682534494,6.028175513
391,C,C1,MESO,11,NA,NA,NA,NA,NA,NA,NA,NA,NA,NA
392,C,C1,MESO,11,16.61902514,0.9,NA,0,0,NA,NA,1,2.467298036,NA
393,C,C1,MESO,11,4.85376065,13.1,2,0,0,0,0,1,3.999872218,7.016115125
394,C,C1,MESO,11,0.282743339,2,NA,0,0,0,0,1,0.826697279,2.865799363
395,C,C1,MESO,11,39.59192142,167,2,5,1,0,0,1,18.85429361,28.34370926
396,C,C1,MESO,11,24.6300864,154.3,1,0,0,1,1,1,15.67193317,16.36805028
397,C,C1,MESO,11,NA,NA,NA,NA,NA,NA,NA,1,NA,NA
398,C,C1,MESO,11,11.94590607,40,2,0,0,0,0,1,7.842853596,13.99595928
399,C,C1,MESO,11,4.154756284,18,2,0,0,0,0,1,4.222521895,6.061812311
400,C,C1,MESO,11,3.801327111,15.1,1,0,0,0,0,1,3.865544917,5.220759435
401,C,C1,MESO,11,3.463605901,22,1,0,0,0,0,1,4.249003939,6.459300837
402,C,C1,MESO,11,20.71094957,16,5,0,0,0,0,1,6.940740472,11.54918781
403,C,C2,CONT,11,NA,NA,NA,NA,NA,NA,NA,NA,NA,NA
404,C,C2,CONT,11,NA,NA,NA,NA,NA,NA,NA,NA,NA,NA
405,C,C2,LMH,11,NA,NA,NA,NA,NA,NA,NA,NA,NA,NA
406,C,C2,LMH,11,NA,NA,NA,NA,NA,6,1,NA,NA,21.43348296
407,C,C2,LMH,11,NA,NA,NA,NA,NA,0,0,NA,NA,9.235740454
408,C,C2,LMH,11,NA,NA,NA,NA,NA,4,1,NA,NA,15.90018954
409,C,C2,LMH,11,NA,NA,NA,NA,NA,NA,NA,NA,NA,37.85172561
410,C,C2,LMH,11,NA,NA,NA,NA,NA,NA,NA,NA,NA,33.29986737
411,C,C2,LMH,11,NA,NA,NA,NA,NA,NA,NA,NA,NA,NA
412,C,C2,LMH,11,NA,NA,NA,NA,NA,0,0,NA,NA,3.159593894
413,C,C2,LMH,11,NA,NA,NA,NA,NA,NA,NA,NA,NA,NA
414,C,C2,LMH,11,NA,NA,NA,NA,NA,NA,NA,NA,NA,NA
415,C,C2,LMH,11,NA,NA,NA,NA,NA,NA,NA,NA,NA,NA
416,C,C2,LMH,11,NA,NA,NA,NA,NA,NA,NA,NA,NA,NA
417,C,C2,LMH,11,NA,NA,NA,NA,NA,NA,NA,NA,NA,NA
418,C,C2,LMH,11,NA,NA,NA,NA,NA,NA,NA,NA,NA,NA
419,C,C2,LMH,11,NA,NA,NA,NA,NA,NA,NA,NA,NA,NA
420,C,C2,LMH,11,NA,NA,NA,NA,NA,NA,NA,NA,NA,NA
421,C,C2,LMH,11,NA,NA,NA,NA,NA,NA,NA,NA,NA,NA
422,C,C2,LMH,11,NA,NA,NA,NA,NA,NA,NA,NA,NA,NA
423,C,C2,LMH,11,NA,NA,NA,NA,NA,NA,NA,NA,NA,NA
424,C,C2,LMH,11,NA,NA,NA,NA,NA,NA,NA,NA,NA,NA
425,C,C2,LMH,11,NA,NA,NA,NA,NA,NA,NA,NA,NA,NA
426,C,C2,LMH,11,NA,NA,NA,NA,NA,NA,NA,NA,NA,28.4066796
427,C,C2,LMH,11,NA,NA,NA,NA,NA,35,1,NA,NA,29.30660839
428,C,C2,LMH,11,NA,NA,NA,NA,NA,NA,NA,NA,NA,NA
429,C,C2,LMH,11,NA,NA,NA,NA,NA,NA,NA,NA,NA,NA
430,C,C2,LMH,11,NA,NA,NA,NA,NA,NA,NA,NA,NA,NA
431,C,C2,LMH,11,NA,NA,NA,NA,NA,NA,NA,NA,NA,NA
432,C,C2,LMH,11,NA,NA,NA,NA,NA,NA,NA,NA,NA,NA
433,C,C2,LMH,11,NA,NA,NA,NA,NA,NA,NA,NA,NA,NA
434,C,C2,LMH,11,NA,NA,NA,NA,NA,0,0,NA,NA,3.316004106
435,C,C2,LMH,11,NA,NA,NA,NA,NA,NA,NA,NA,NA,NA
436,C,C2,LMH,11,NA,NA,NA,NA,NA,NA,NA,NA,NA,NA
437,C,C2,LMH,11,NA,NA,NA,NA,NA,NA,NA,NA,NA,NA
438,C,C2,LMH,11,NA,NA,NA,NA,NA,NA,NA,NA,NA,NA
439,C,C2,LMH,11,NA,NA,NA,NA,NA,5,1,NA,NA,13.45362714
440,C,C2,LMH,11,NA,NA,NA,NA,NA,0,0,NA,NA,7.472597296
441,C,C2,LMH,11,NA,NA,NA,NA,NA,1,1,NA,NA,14.62351332
442,C,C2,LMH,11,NA,NA,NA,NA,NA,1,1,NA,NA,5.66234732
443,C,C2,LMH,11,NA,NA,NA,NA,NA,5,1,NA,NA,13.11460457
444,C,C2,LMH,11,NA,NA,NA,NA,NA,NA,NA,NA,NA,NA
445,C,C2,LMH,11,NA,NA,NA,NA,NA,NA,NA,NA,NA,NA
446,C,C2,LMH,11,NA,NA,NA,NA,NA,4,1,NA,NA,15.80351885
447,C,C2,LMH,11,NA,NA,NA,NA,NA,NA,NA,NA,NA,35.76750911
448,C,C2,LMH,11,NA,NA,NA,NA,NA,0,0,NA,NA,6.831513015
449,C,C2,LMH,11,NA,NA,NA,NA,NA,NA,NA,NA,NA,20.25560979
450,C,C2,MEGA,11,NA,NA,NA,NA,NA,NA,NA,NA,NA,NA
451,C,C2,MEGA,11,NA,NA,NA,NA,NA,NA,NA,NA,NA,NA
452,C,C2,MEGA,11,NA,NA,NA,NA,NA,2,1,NA,NA,13.74991156
453,C,C2,MEGA,11,NA,NA,NA,NA,NA,0,0,NA,NA,7.414056172
454,C,C2,MEGA,11,NA,NA,NA,NA,NA,0,0,NA,NA,5.242740482
455,C,C2,MEGA,11,NA,NA,NA,NA,NA,0,0,NA,NA,16.57261402
456,C,C2,MEGA,11,NA,NA,NA,NA,NA,7,1,NA,NA,17.35812237
457,C,C2,MEGA,11,NA,NA,NA,NA,NA,0,0,NA,NA,3.809727139
458,C,C2,MEGA,11,NA,NA,NA,NA,NA,NA,NA,NA,NA,NA
459,C,C2,MEGA,11,NA,NA,NA,NA,NA,NA,NA,NA,NA,NA
460,C,C2,MEGA,11,NA,NA,NA,NA,NA,NA,NA,NA,NA,NA
461,C,C2,MEGA,11,NA,NA,NA,NA,NA,NA,NA,NA,NA,NA
462,C,C2,MEGA,11,NA,NA,NA,NA,NA,NA,NA,NA,NA,NA
463,C,C2,MEGA,11,NA,NA,NA,NA,NA,0,0,NA,NA,14.63541262
464,C,C2,MEGA,11,NA,NA,NA,NA,NA,NA,NA,NA,NA,NA
465,C,C2,MEGA,11,NA,NA,NA,NA,NA,0,0,NA,NA,14.90407222
466,C,C2,MEGA,11,NA,NA,NA,NA,NA,NA,NA,NA,NA,NA
467,C,C2,MEGA,11,NA,NA,NA,NA,NA,NA,NA,NA,NA,NA
468,C,C2,MEGA,11,NA,NA,NA,NA,NA,NA,NA,NA,NA,NA
469,C,C2,MEGA,11,NA,NA,NA,NA,NA,1,1,NA,NA,20.58746787
470,C,C2,MEGA,11,NA,NA,NA,NA,NA,NA,NA,NA,NA,NA
471,C,C2,MEGA,11,NA,NA,NA,NA,NA,NA,NA,NA,NA,NA
472,C,C2,MEGA,11,NA,NA,NA,NA,NA,0,0,NA,NA,13.01322649
473,C,C2,MEGA,11,NA,NA,NA,NA,NA,NA,NA,NA,NA,NA
474,C,C2,MEGA,11,NA,NA,NA,NA,NA,1,1,NA,NA,19.6986757
475,C,C2,MESO,11,NA,NA,NA,NA,NA,1,1,NA,NA,13.63624779
476,C,C2,MESO,11,NA,NA,NA,NA,NA,0,0,NA,NA,14.11520971
477,C,C2,MESO,11,NA,NA,NA,NA,NA,2,1,NA,NA,15.20333486
478,C,C2,MESO,11,NA,NA,NA,NA,NA,0,0,NA,NA,18.79998603
479,C,C2,MESO,11,NA,NA,NA,NA,NA,2,1,NA,NA,16.08466386
480,C,C2,MESO,11,NA,NA,NA,NA,NA,NA,NA,NA,NA,NA
481,C,C2,MESO,11,NA,NA,NA,NA,NA,0,0,NA,NA,11.06935992
482,C,C2,MESO,11,NA,NA,NA,NA,NA,NA,NA,NA,NA,NA
483,C,C2,MESO,11,NA,NA,NA,NA,NA,2,1,NA,NA,21.18976359
484,C,C2,MESO,11,NA,NA,NA,NA,NA,NA,NA,NA,NA,NA
485,C,C2,MESO,11,NA,NA,NA,NA,NA,6,1,NA,NA,21.72477921
486,C,C2,MESO,11,NA,NA,NA,NA,NA,3,1,NA,NA,13.33017536
487,C,C2,MESO,11,NA,NA,NA,NA,NA,0,0,NA,NA,9.291957334
488,C,C2,MESO,11,NA,NA,NA,NA,NA,3,1,NA,NA,11.18003399
489,C,C2,MESO,11,NA,NA,NA,NA,NA,0,0,NA,NA,22.03111895
490,C,C2,MESO,11,NA,NA,NA,NA,NA,1,1,NA,NA,15.48422035
491,C,C2,MESO,11,NA,NA,NA,NA,NA,1,1,NA,NA,13.92254058
492,C,C2,MESO,11,NA,NA,NA,NA,NA,0,0,NA,NA,14.47168931
493,C,C2,MESO,11,NA,NA,NA,NA,NA,NA,NA,NA,NA,NA
494,C,C2,MESO,11,NA,NA,NA,NA,NA,0,0,NA,NA,7.568312055
495,C,C2,MESO,11,NA,NA,NA,NA,NA,NA,NA,NA,NA,NA
496,C,C2,MESO,11,NA,NA,NA,NA,NA,0,0,NA,NA,8.205179934
497,C,C2,MESO,11,NA,NA,NA,NA,NA,0,0,NA,NA,3.135848489
498,C,C2,MESO,11,NA,NA,NA,NA,NA,1,1,NA,NA,14.41208185
499,C,C2,MESO,11,NA,NA,NA,NA,NA,3,1,NA,NA,12.8133669
500,C,C2,MESO,11,NA,NA,NA,NA,NA,NA,NA,NA,NA,NA
501,C,C3,CONT,11,NA,NA,NA,NA,NA,NA,NA,NA,NA,NA
502,C,C3,CONT,11,NA,NA,NA,NA,NA,NA,NA,NA,NA,NA
503,C,C3,CONT,11,NA,NA,NA,NA,NA,NA,NA,NA,NA,NA
504,C,C3,CONT,11,NA,NA,NA,NA,NA,NA,NA,NA,NA,NA
505,C,C3,CONT,11,NA,NA,NA,NA,NA,NA,NA,NA,NA,NA
506,C,C3,CONT,11,NA,NA,NA,NA,NA,0,0,NA,NA,8.145804655
507,C,C3,CONT,11,NA,NA,NA,NA,NA,NA,NA,NA,NA,NA
508,C,C3,CONT,11,NA,NA,NA,NA,NA,NA,NA,NA,NA,NA
509,C,C3,CONT,11,NA,NA,NA,NA,NA,NA,NA,NA,NA,NA
510,C,C3,CONT,11,NA,NA,NA,NA,NA,0,0,NA,NA,5.976918293
511,C,C3,CONT,11,NA,NA,NA,NA,NA,NA,NA,NA,NA,NA
512,C,C3,CONT,11,NA,NA,NA,NA,NA,NA,NA,NA,NA,NA
513,C,C3,CONT,11,NA,NA,NA,NA,NA,NA,NA,NA,NA,NA
514,C,C3,CONT,11,NA,NA,NA,NA,NA,NA,NA,NA,NA,NA
515,C,C3,CONT,11,NA,NA,NA,NA,NA,0,0,NA,NA,3.773717122
516,C,C3,CONT,11,NA,NA,NA,NA,NA,NA,NA,NA,NA,NA
517,C,C3,CONT,11,NA,NA,NA,NA,NA,NA,NA,NA,NA,NA
518,C,C3,CONT,11,NA,NA,NA,NA,NA,0,0,NA,NA,2.699272153
519,C,C3,CONT,11,NA,NA,NA,NA,NA,0,0,NA,NA,4.472089634
520,C,C3,CONT,11,NA,NA,NA,NA,NA,NA,NA,NA,NA,NA
521,C,C3,CONT,11,NA,NA,NA,NA,NA,0,0,NA,NA,3.763490591
522,C,C3,CONT,11,NA,NA,NA,NA,NA,1,1,NA,NA,13.07865421
523,C,C3,CONT,11,NA,NA,NA,NA,NA,NA,NA,NA,NA,NA
524,C,C3,CONT,11,NA,NA,NA,NA,NA,NA,NA,NA,NA,NA
525,C,C3,CONT,11,NA,NA,NA,NA,NA,18,1,NA,NA,27.81393552
526,C,C3,CONT,11,NA,NA,NA,NA,NA,2,1,NA,NA,17.81128511
527,C,C3,CONT,11,NA,NA,NA,NA,NA,0,0,NA,NA,7.96812648
528,C,C3,CONT,11,NA,NA,NA,NA,NA,NA,NA,NA,NA,NA
529,C,C3,CONT,11,NA,NA,NA,NA,NA,0,0,NA,NA,15.55524944
530,C,C3,CONT,11,NA,NA,NA,NA,NA,NA,NA,NA,NA,NA
531,C,C3,CONT,11,NA,NA,NA,NA,NA,0,0,NA,NA,23.82889765
532,C,C3,CONT,11,NA,NA,NA,NA,NA,0,0,NA,NA,14.29079387
533,C,C3,CONT,11,NA,NA,NA,NA,NA,0,0,NA,NA,28.07753176
534,C,C3,CONT,11,NA,NA,NA,NA,NA,14,1,NA,NA,48.72579828
535,C,C3,CONT,11,NA,NA,NA,NA,NA,NA,NA,NA,NA,NA
536,C,C3,CONT,11,NA,NA,NA,NA,NA,0,0,NA,NA,15.6601081
537,C,C3,LMH,11,NA,NA,NA,NA,NA,48,1,NA,NA,23.03876022
538,C,C3,LMH,11,NA,NA,NA,NA,NA,NA,NA,NA,NA,NA
539,C,C3,LMH,11,NA,NA,NA,NA,NA,NA,NA,NA,NA,NA
540,C,C3,LMH,11,NA,NA,NA,NA,NA,NA,NA,NA,NA,NA
541,C,C3,LMH,11,NA,NA,NA,NA,NA,NA,NA,NA,NA,NA
542,C,C3,LMH,11,NA,NA,NA,NA,NA,NA,NA,NA,NA,NA
543,C,C3,LMH,11,NA,NA,NA,NA,NA,2,1,NA,NA,18.86348219
544,C,C3,LMH,11,NA,NA,NA,NA,NA,0,0,NA,NA,2.204694811
545,C,C3,LMH,11,NA,NA,NA,NA,NA,1,1,NA,NA,20.26477413
546,C,C3,LMH,11,NA,NA,NA,NA,NA,NA,NA,NA,NA,NA
547,C,C3,LMH,11,NA,NA,NA,NA,NA,NA,NA,NA,NA,NA
548,C,C3,LMH,11,NA,NA,NA,NA,NA,NA,NA,NA,NA,23.83739738
549,C,C3,LMH,11,NA,NA,NA,NA,NA,NA,NA,NA,NA,NA
550,C,C3,LMH,11,NA,NA,NA,NA,NA,0,0,NA,NA,14.18126692
551,C,C3,LMH,11,NA,NA,NA,NA,NA,0,0,NA,NA,5.072857771
552,C,C3,LMH,11,NA,NA,NA,NA,NA,NA,NA,NA,NA,NA
553,C,C3,LMH,11,NA,NA,NA,NA,NA,1,1,NA,NA,15.77415674
554,C,C3,LMH,11,NA,NA,NA,NA,NA,1,1,NA,NA,18.84469599
555,C,C3,LMH,11,NA,NA,NA,NA,NA,0,0,NA,NA,10.16800626
556,C,C3,LMH,11,NA,NA,NA,NA,NA,2,1,NA,NA,22.70735854
557,C,C3,LMH,11,NA,NA,NA,NA,NA,1,1,NA,NA,20.22363023
558,C,C3,LMH,11,NA,NA,NA,NA,NA,NA,NA,NA,NA,NA
559,C,C3,LMH,11,NA,NA,NA,NA,NA,0,0,NA,NA,2.668125652
560,C,C3,LMH,11,NA,NA,NA,NA,NA,2,1,NA,NA,21.85739276
561,C,C3,LMH,11,NA,NA,NA,NA,NA,NA,NA,NA,NA,36.65502789
562,C,C3,LMH,11,NA,NA,NA,NA,NA,0,0,NA,NA,8.012539617
563,C,C3,LMH,11,NA,NA,NA,NA,NA,NA,NA,NA,NA,1.578796591
564,C,C3,LMH,11,NA,NA,NA,NA,NA,0,0,NA,NA,2.266044631
565,C,C3,MEGA,11,NA,NA,NA,NA,NA,NA,NA,NA,NA,NA
566,C,C3,MEGA,11,NA,NA,NA,NA,NA,1,1,NA,NA,13.43497422
567,C,C3,MEGA,11,NA,NA,NA,NA,NA,NA,NA,NA,NA,NA
568,C,C3,MEGA,11,NA,NA,NA,NA,NA,NA,NA,NA,NA,NA
569,C,C3,MEGA,11,NA,NA,NA,NA,NA,NA,NA,NA,NA,NA
570,C,C3,MEGA,11,NA,NA,NA,NA,NA,0,0,NA,NA,6.639469761
571,C,C3,MEGA,11,NA,NA,NA,NA,NA,1,1,NA,NA,NA
572,C,C3,MEGA,11,NA,NA,NA,NA,NA,NA,NA,NA,NA,NA
573,C,C3,MEGA,11,NA,NA,NA,NA,NA,NA,NA,NA,NA,NA
574,C,C3,MEGA,11,NA,NA,NA,NA,NA,1,1,NA,NA,12.50558431
575,C,C3,MEGA,11,NA,NA,NA,NA,NA,NA,NA,NA,NA,NA
576,C,C3,MEGA,11,NA,NA,NA,NA,NA,NA,NA,NA,NA,NA
577,C,C3,MEGA,11,NA,NA,NA,NA,NA,9,1,NA,NA,12.00274003
578,C,C3,MEGA,11,NA,NA,NA,NA,NA,NA,NA,NA,NA,NA
579,C,C3,MEGA,11,NA,NA,NA,NA,NA,NA,NA,NA,NA,NA
580,C,C3,MEGA,11,NA,NA,NA,NA,NA,0,0,NA,NA,3.931806072
581,C,C3,MEGA,11,NA,NA,NA,NA,NA,NA,NA,NA,NA,NA
582,C,C3,MEGA,11,NA,NA,NA,NA,NA,NA,NA,NA,NA,NA
583,C,C3,MEGA,11,NA,NA,NA,NA,NA,NA,NA,NA,NA,NA
584,C,C3,MEGA,11,NA,NA,NA,NA,NA,0,0,NA,NA,9.770462143
585,C,C3,MEGA,11,NA,NA,NA,NA,NA,6,1,NA,NA,14.17399112
586,C,C3,MEGA,11,NA,NA,NA,NA,NA,0,0,NA,NA,9.986611101
587,C,C3,MEGA,11,NA,NA,NA,NA,NA,0,0,NA,NA,5.186753777
588,C,C3,MEGA,11,NA,NA,NA,NA,NA,NA,NA,NA,NA,23.87992386
589,C,C3,MEGA,11,NA,NA,NA,NA,NA,NA,NA,NA,NA,NA
590,C,C3,MEGA,11,NA,NA,NA,NA,NA,0,0,NA,NA,6.956297648
591,C,C3,MEGA,11,NA,NA,NA,NA,NA,NA,NA,NA,NA,NA
592,C,C3,MEGA,11,NA,NA,NA,NA,NA,NA,NA,NA,NA,NA
593,C,C3,MEGA,11,NA,NA,NA,NA,NA,0,0,NA,NA,12.95104104
594,C,C3,MEGA,11,NA,NA,NA,NA,NA,NA,NA,NA,NA,NA
595,C,C3,MEGA,11,NA,NA,NA,NA,NA,NA,NA,NA,NA,NA
596,C,C3,MEGA,11,NA,NA,NA,NA,NA,0,0,NA,NA,12.72520222
597,C,C3,MESO,11,NA,NA,NA,NA,NA,3,1,NA,NA,11.77566496
598,C,C3,MESO,11,NA,NA,NA,NA,NA,4,1,NA,NA,NA
599,C,C3,MESO,11,NA,NA,NA,NA,NA,0,0,NA,NA,12.80827391
600,C,C3,MESO,11,NA,NA,NA,NA,NA,2,1,NA,NA,20.32984321
601,C,C3,MESO,11,NA,NA,NA,NA,NA,NA,NA,NA,NA,NA
602,C,C3,MESO,11,NA,NA,NA,NA,NA,NA,NA,NA,NA,NA
603,C,C3,MESO,11,NA,NA,NA,NA,NA,0,0,NA,NA,17.02616205
604,C,C3,MESO,11,NA,NA,NA,NA,NA,NA,NA,NA,NA,NA
605,C,C3,MESO,11,NA,NA,NA,NA,NA,0,0,NA,NA,19.54575968
606,C,C3,MESO,11,NA,NA,NA,NA,NA,0,0,NA,NA,14.43858674
607,C,C3,MESO,11,NA,NA,NA,NA,NA,NA,NA,NA,NA,NA
608,C,C3,MESO,11,NA,NA,NA,NA,NA,0,0,NA,NA,5.41201603
609,C,C3,MESO,11,NA,NA,NA,NA,NA,0,0,NA,NA,11.93792322
610,C,C3,MESO,11,NA,NA,NA,NA,NA,NA,NA,NA,NA,NA
611,C,C3,MESO,11,NA,NA,NA,NA,NA,NA,NA,NA,NA,NA
612,C,C3,MESO,11,NA,NA,NA,NA,NA,1,1,NA,NA,13.6932256
613,C,C3,MESO,11,NA,NA,NA,NA,NA,NA,NA,NA,NA,NA
614,C,C3,MESO,11,NA,NA,NA,NA,NA,NA,NA,NA,NA,NA
615,C,C3,MESO,11,NA,NA,NA,NA,NA,1,1,NA,NA,8.125700046
616,C,C3,MESO,11,NA,NA,NA,NA,NA,2,1,NA,NA,20.26923264
617,C,C3,MESO,11,NA,NA,NA,NA,NA,0,0,NA,NA,9.532577664
618,C,C3,MESO,11,NA,NA,NA,NA,NA,0,0,NA,NA,9.067693298
619,C,C3,MESO,11,NA,NA,NA,NA,NA,0,0,NA,NA,10.15199242
620,C,C3,MESO,11,NA,NA,NA,NA,NA,0,0,NA,NA,9.969781308
621,C,C3,MESO,11,NA,NA,NA,NA,NA,NA,NA,NA,NA,11.86468912
622,C,C3,MESO,11,NA,NA,NA,NA,NA,NA,NA,NA,NA,NA
623,C,C3,MESO,11,NA,NA,NA,NA,NA,NA,NA,NA,NA,NA
624,N,N1,CONT,11,NA,NA,NA,NA,NA,NA,NA,NA,NA,NA
625,N,N1,CONT,11,NA,NA,NA,NA,NA,NA,NA,NA,NA,NA
626,N,N1,CONT,11,NA,NA,NA,NA,NA,NA,NA,NA,NA,NA
627,N,N1,CONT,11,5.725552611,17.6,1,0,0,NA,NA,NA,4.664545593,NA
628,N,N1,CONT,11,0.785398163,24.4,1,0,0,0,0,1,2.680120443,5.067726475
629,N,N1,CONT,11,24.6300864,133.5,2,8,1,0,0,1,14.93236519,19.90884508
630,N,N1,CONT,11,10.75210086,4.9,NA,0,0,0,0,1,3.756504759,13.75051479
631,N,N1,CONT,11,34.97378022,102.7,2,0,0,1,1,1,15.37931476,18.05561173
632,N,N1,CONT,11,1.5393804,22.7,1,0,0,NA,NA,1,3.275313134,NA
633,N,N1,CONT,11,NA,NA,NA,NA,NA,NA,NA,NA,NA,NA
634,N,N1,CONT,11,NA,NA,NA,NA,NA,NA,NA,NA,NA,NA
635,N,N1,CONT,11,66.47610055,131.7,3,2,1,0,0,1,20.70693735,17.52433227
636,N,N1,CONT,11,NA,NA,NA,NA,NA,NA,NA,NA,NA,NA
637,N,N1,CONT,11,23.75829444,54.5,4,0,0,0,0,1,10.93976927,19.28768923
638,N,N1,CONT,11,NA,NA,NA,NA,NA,NA,NA,1,NA,NA
639,N,N1,CONT,11,NA,NA,NA,NA,NA,NA,NA,1,NA,NA
640,N,N1,CONT,11,0.785398163,11.5,1,0,0,0,0,1,2.084916104,5.825561403
641,N,N1,CONT,11,NA,NA,NA,NA,NA,NA,NA,NA,NA,NA
642,N,N1,CONT,11,12.56637061,52.4,5,0,0,0,0,1,8.729041957,15.14607173
643,N,N1,CONT,11,NA,NA,NA,NA,NA,NA,NA,NA,NA,NA
644,N,N1,CONT,11,2.83528737,16,2,0,0,0,0,1,3.573493565,12.26951823
645,N,N1,CONT,11,NA,NA,NA,NA,NA,NA,NA,NA,NA,NA
646,N,N1,CONT,11,2.544690049,16.5,1,0,0,0,0,1,3.482380927,6.408257296
647,N,N1,CONT,11,NA,NA,NA,NA,NA,0,0,NA,NA,4.632432819
648,N,N1,CONT,11,NA,NA,NA,NA,NA,0,0,NA,NA,5.981703118
649,N,N1,CONT,11,NA,NA,NA,NA,NA,0,0,NA,NA,4.512884035
650,N,N1,CONT,11,NA,NA,NA,NA,NA,0,0,1,NA,4.997859778
651,N,N1,CONT,11,NA,NA,NA,NA,NA,0,0,1,NA,6.119598623
652,N,N1,CONT,11,NA,NA,NA,NA,NA,NA,NA,NA,NA,NA
653,N,N1,CONT,11,12.29148126,8.2,NA,0,0,0,0,1,4.664861139,12.93335334
654,N,N1,CONT,11,NA,NA,NA,NA,NA,0,0,NA,NA,4.278834139
655,N,N1,CONT,11,2.544690049,13.6,1,0,0,0,0,1,3.264760491,5.945067388
656,N,N1,CONT,11,NA,NA,NA,NA,NA,NA,NA,NA,NA,NA
657,N,N1,CONT,11,1.130973355,6.8,NA,0,0,0,0,1,1.975955284,4.037727037
658,N,N1,CONT,11,NA,NA,NA,NA,NA,NA,NA,NA,NA,NA
659,N,N1,CONT,11,NA,NA,NA,NA,NA,NA,NA,NA,NA,NA
660,N,N1,CONT,11,NA,NA,NA,NA,NA,NA,NA,NA,NA,NA
661,N,N1,CONT,11,NA,NA,NA,NA,NA,NA,NA,NA,NA,NA
662,N,N1,CONT,11,NA,NA,NA,NA,NA,NA,NA,NA,NA,NA
663,N,N1,CONT,11,14.80475538,38.6,3,0,0,0,0,1,8.325634015,15.40957953
664,N,N1,CONT,11,5.725552611,31.4,3,0,0,0,0,1,5.659063922,9.73370642
665,N,N1,CONT,11,3.141592654,28.6,1,0,0,0,0,1,4.489303231,8.540632935
666,N,N1,CONT,11,2.83528737,33.1,2,0,0,0,0,1,4.55503528,7.068133858
667,N,N1,CONT,11,9.621127502,59.6,2,0,0,NA,NA,1,8.335135105,11.64413912
668,N,N1,CONT,11,19.63495408,49.6,3,0,0,1,1,1,9.947432486,10.88450703
669,N,N1,CONT,11,30.1907054,48.1,2,0,0,NA,NA,NA,11.36674265,NA
670,N,N1,CONT,11,NA,NA,NA,NA,NA,NA,NA,NA,NA,NA
671,N,N1,CONT,11,1.327322896,4.3,NA,0,0,0,0,1,1.78870314,2.98327556
672,N,N1,LMH,11,4.908738521,95.5,1,0,0,NA,NA,1,7.792938001,NA
673,N,N1,LMH,11,NA,NA,NA,NA,NA,NA,NA,NA,NA,NA
674,N,N1,LMH,11,NA,NA,NA,NA,NA,NA,NA,NA,NA,NA
675,N,N1,LMH,11,40.71504079,227,1,16,1,3,1,1,21.08488022,21.55484569
676,N,N1,LMH,11,NA,NA,NA,NA,NA,NA,NA,NA,NA,NA
677,N,N1,LMH,11,NA,NA,NA,NA,NA,NA,NA,NA,NA,NA
678,N,N1,LMH,11,NA,NA,NA,NA,NA,NA,NA,NA,NA,NA
679,N,N1,LMH,11,NA,NA,NA,NA,NA,NA,NA,NA,NA,NA
680,N,N1,LMH,11,37.39280656,138.5,1,12,1,9,1,1,17.37776198,26.15286687
681,N,N1,LMH,11,18.8574099,155.2,1,8,1,2,1,1,14.36298542,16.62677718
682,N,N1,LMH,11,NA,NA,NA,NA,NA,NA,NA,NA,NA,NA
683,N,N1,LMH,11,NA,NA,NA,NA,NA,NA,NA,NA,NA,NA
684,N,N1,LMH,11,7.068583471,93,1,1,1,0,0,1,8.724173013,11.29229319
685,N,N1,LMH,11,45.36459792,183.5,1,16,1,0,0,1,20.36128531,22.17222232
686,N,N1,LMH,11,NA,NA,NA,NA,NA,NA,NA,1,NA,NA
687,N,N1,LMH,11,NA,NA,NA,NA,NA,NA,NA,NA,NA,NA
688,N,N1,LMH,11,81.5950152,173.4,4,0,0,NA,NA,0,24.30583028,NA
689,N,N1,LMH,11,50.26548246,159.5,5,2,1,NA,NA,1,20.10739974,25.37420958
690,N,N1,LMH,11,NA,NA,NA,NA,NA,NA,NA,1,NA,NA
691,N,N1,LMH,11,9.079202769,68.5,1,0,0,0,0,1,8.564187651,9.473884768
692,N,N1,LMH,11,33.1830724,110.6,2,0,0,NA,NA,0,15.49035521,NA
693,N,N1,LMH,11,NA,NA,NA,NA,NA,NA,NA,0,NA,NA
694,N,N1,LMH,11,42.53716453,157.5,3,0,0,NA,NA,0,18.93746744,NA
695,N,N1,LMH,11,NA,NA,NA,NA,NA,NA,NA,NA,NA,NA
696,N,N1,LMH,11,NA,NA,NA,NA,NA,NA,NA,NA,NA,NA
697,N,N1,LMH,11,4.908738521,9.1,NA,0,0,0,0,1,3.555120204,10.31638618
698,N,N1,LMH,11,3.801327111,18.3,1,0,0,0,0,1,4.121719817,8.77696546
699,N,N1,LMH,11,NA,NA,NA,NA,NA,NA,NA,NA,NA,NA
700,N,N1,LMH,11,NA,NA,NA,NA,NA,NA,NA,NA,NA,NA
701,N,N1,LMH,11,NA,NA,NA,NA,NA,NA,NA,NA,NA,NA
702,N,N1,LMH,11,NA,NA,NA,NA,NA,NA,NA,NA,NA,NA
703,N,N1,LMH,11,NA,NA,NA,NA,NA,NA,NA,NA,NA,NA
704,N,N1,LMH,11,2.269800692,23.2,1,0,0,0,0,1,3.75588771,7.282917499
705,N,N1,LMH,11,NA,NA,NA,NA,NA,NA,NA,NA,NA,NA
706,N,N1,LMH,11,NA,NA,NA,NA,NA,NA,NA,NA,NA,NA
707,N,N1,LMH,11,NA,NA,NA,NA,NA,NA,NA,NA,NA,NA
708,N,N1,LMH,11,NA,NA,NA,NA,NA,NA,NA,NA,NA,NA
709,N,N1,LMH,11,48.37267288,91.6,5,0,0,0,0,1,16.49598172,16.14034229
710,N,N1,LMH,11,NA,NA,NA,NA,NA,NA,NA,NA,NA,NA
711,N,N1,LMH,11,NA,NA,NA,NA,NA,NA,NA,NA,NA,NA
712,N,N1,LMH,11,28.19579407,155.7,5,0,0,0,0,1,16.44505086,13.7017955
713,N,N1,LMH,11,NA,NA,NA,NA,NA,NA,NA,NA,NA,NA
714,N,N1,LMH,11,NA,NA,NA,NA,NA,NA,NA,NA,NA,NA
715,N,N1,LMH,11,NA,NA,NA,NA,NA,NA,NA,NA,NA,NA
716,N,N1,LMH,11,18.09557368,186.3,1,0,0,NA,NA,1,15.05729154,21.4681667
717,N,N1,LMH,11,0.070685835,1.1,NA,0,0,NA,NA,NA,0.426255404,NA
718,N,N1,LMH,11,12.84911395,10,0,0,0,58,1,1,5.05876821,30.33356209
719,N,N1,LMH,11,NA,NA,NA,NA,NA,NA,NA,NA,NA,NA
720,N,N1,LMH,11,NA,NA,NA,NA,NA,NA,NA,NA,NA,NA
721,N,N1,LMH,11,774.1512617,341,4,165,1,NA,NA,0,64.56364569,NA
722,N,N1,LMH,11,196.0667975,330,1,0,0,NA,NA,0,40.37561956,NA
723,N,N1,LMH,11,153.93804,293,1,114,1,NA,NA,0,35.7934546,NA
724,N,N1,LMH,11,60.82123377,240.3,1,0,0,NA,NA,1,24.57064095,29.18102839
725,N,N1,LMH,11,23.75829444,139.8,1,1,1,1,1,1,14.98267187,20.08190652
726,N,N1,LMH,11,3.463605901,52.8,1,0,0,0,0,1,5.691414296,7.72835012
727,N,N1,LMH,11,18.8574099,255.4,1,0,0,NA,NA,1,16.96156634,17.0330947
728,N,N1,LMH,11,NA,NA,NA,NA,NA,NA,NA,NA,NA,NA
729,N,N1,LMH,11,NA,NA,NA,NA,NA,NA,NA,NA,NA,NA
730,N,N1,LMH,11,NA,NA,NA,NA,NA,NA,NA,NA,NA,NA
731,N,N1,LMH,11,NA,NA,NA,NA,NA,NA,NA,NA,NA,NA
732,N,N1,LMH,11,NA,NA,NA,NA,NA,NA,NA,NA,NA,NA
733,N,N1,LMH,11,NA,NA,NA,NA,NA,NA,NA,NA,NA,NA
734,N,N1,MEGA,11,70.88218425,138.2,5,0,0,NA,NA,0,21.49837475,NA
735,N,N1,MEGA,11,NA,NA,NA,NA,NA,NA,NA,NA,NA,NA
736,N,N1,MEGA,11,1.5393804,21.3,1,0,0,0,0,1,3.206440298,4.586382114
737,N,N1,MEGA,11,10.75210086,42.9,3,0,0,0,0,1,7.750981822,13.07824311
738,N,N1,MEGA,11,NA,NA,NA,NA,NA,NA,NA,NA,NA,2.785186426
739,N,N1,MEGA,11,75.42963961,176.8,5,0,0,NA,NA,1,23.8305689,25.82485747
740,N,N1,MEGA,11,22.06183441,42.3,3,0,0,2,1,1,9.806745903,13.52292538
741,N,N1,MEGA,11,53.84689808,62.6,3,1,1,0,0,1,15.05671064,28.72089746
742,N,N1,MEGA,11,NA,NA,NA,NA,NA,NA,NA,NA,NA,NA
743,N,N1,MEGA,11,34.211944,116.8,4,1,1,1,1,1,15.93663822,16.8612628
744,N,N1,MEGA,11,33.30088213,85,2,0,0,NA,NA,0,14.20378907,NA
745,N,N1,MEGA,11,13.8544236,60.6,2,0,0,2,1,1,9.466605621,19.07033803
746,N,N1,MEGA,11,2.010619298,12.2,1,0,0,0,0,1,2.910356772,5.237949065
747,N,N1,MEGA,11,NA,NA,NA,NA,NA,NA,NA,0,NA,NA
748,N,N1,MEGA,11,2.83528737,22.5,1,0,0,0,0,1,4.00427139,8.899456258
749,N,N1,MEGA,11,17.34944543,71,4,3,1,0,0,1,10.75906144,17.96558455
750,N,N1,MEGA,11,25.51758633,58.6,3,3,1,0,0,1,11.47842253,18.02116202
751,N,N1,MEGA,11,NA,NA,NA,NA,NA,0,0,NA,NA,5.487839169
752,N,N1,MEGA,11,29.22466566,19.4,2,0,0,NA,NA,0,8.303664449,NA
753,N,N1,MEGA,11,2.010619298,7.4,1,0,0,0,0,1,2.462965179,5.9188388
754,N,N1,MEGA,11,2.010619298,9.8,1,0,0,0,0,1,2.705116299,5.138663157
755,N,N1,MEGA,11,NA,NA,NA,NA,NA,NA,NA,1,NA,NA
756,N,N1,MEGA,11,NA,NA,NA,NA,NA,NA,NA,NA,NA,NA
757,N,N1,MEGA,11,3.463605901,14.9,1,0,0,0,0,1,3.730677952,8.491053607
758,N,N1,MEGA,11,NA,NA,NA,NA,NA,NA,NA,0,NA,NA
759,N,N1,MEGA,11,NA,NA,NA,NA,NA,NA,NA,0,NA,NA
760,N,N1,MEGA,11,2.83528737,5.8,1,0,0,0,0,1,2.546645608,6.984176615
761,N,N1,MEGA,11,NA,NA,NA,NA,NA,NA,NA,NA,NA,NA
762,N,N1,MEGA,11,NA,NA,NA,NA,NA,NA,NA,NA,NA,NA
763,N,N1,MEGA,11,NA,NA,NA,NA,NA,NA,NA,NA,NA,NA
764,N,N1,MEGA,11,NA,NA,NA,NA,NA,NA,NA,NA,NA,NA
765,N,N1,MEGA,11,NA,NA,NA,NA,NA,NA,NA,NA,NA,NA
766,N,N1,MEGA,11,2.010619298,14.5,1,0,0,0,0,1,3.083100056,6.903302716
767,N,N1,MEGA,11,NA,NA,NA,NA,NA,NA,NA,NA,NA,NA
768,N,N1,MEGA,11,NA,NA,NA,NA,NA,NA,NA,NA,NA,NA
769,N,N1,MEGA,11,14.21570676,32.5,3,0,0,1,1,1,7.75516088,12.55119375
770,N,N1,MEGA,11,55.41769441,5,0,0,0,1,1,1,6.538305982,17.19339111
771,N,N1,MEGA,11,67.92908715,112,3,5,1,18,1,1,19.75871063,26.5645945
772,N,N1,MESO,11,380.1327111,271,4,35,1,21,1,1,47.1576509,52.96862185
773,N,N1,MESO,11,95.03317777,178.5,4,22,1,13,1,1,25.82367202,36.87390332
774,N,N1,MESO,11,NA,NA,NA,NA,NA,NA,NA,NA,NA,NA
775,N,N1,MESO,11,NA,NA,NA,NA,NA,NA,NA,NA,NA,NA
776,N,N1,MESO,11,NA,NA,NA,NA,NA,NA,NA,NA,NA,NA
777,N,N1,MESO,11,NA,NA,NA,NA,NA,NA,NA,NA,NA,NA
778,N,N1,MESO,11,NA,NA,NA,NA,NA,NA,NA,NA,NA,NA
779,N,N1,MESO,11,NA,NA,NA,NA,NA,NA,NA,NA,NA,NA
780,N,N1,MESO,11,NA,NA,NA,NA,NA,NA,NA,1,NA,NA
781,N,N1,MESO,11,NA,249,NA,NA,NA,NA,NA,1,NA,24.68660605
782,N,N1,MESO,11,113.0973355,195.3,1,121,1,208.6666667,1,1,28.20270767,53.63889706
783,N,N1,MESO,11,151.7467792,63.2,2,151,1,NA,NA,0,21.34673002,NA
784,N,N1,MESO,11,208.672438,136.5,1,95,1,17,1,1,30.70167786,27.18226483
785,N,N1,MESO,11,93.31315579,101.5,1,61,1,77,1,1,21.25785038,39.28104055
786,N,N1,MESO,11,32.16990877,151,1,27,1,NA,NA,NA,17.01018965,NA
787,N,N1,MESO,11,NA,NA,NA,NA,NA,NA,NA,NA,NA,NA
788,N,N1,MESO,11,341.6482011,294.4,5,40,1,NA,NA,1,46.78259183,47.87322061
789,N,N1,MESO,11,92.09578864,81.6,4,0,0,2,1,1,19.67771001,21.65929928
790,N,N1,MESO,11,NA,NA,NA,NA,NA,NA,NA,NA,NA,NA
791,N,N1,MESO,11,NA,NA,NA,NA,NA,NA,NA,1,NA,NA
792,N,N1,MESO,11,70.88218425,233.6,1,0,0,6,1,1,25.61600518,34.30651722
793,N,N1,MESO,11,NA,NA,NA,NA,NA,NA,NA,NA,NA,NA
794,N,N1,MESO,11,27.33971007,108.4,1,4,1,2,1,1,14.42327901,17.32532214
795,N,N1,MESO,11,8.552985999,41,0,0,0,0,0,1,7.07314158,11.42861469
796,N,N1,MESO,11,70.88218425,281.2,1,4,1,NA,NA,1,27.25212749,32.05606574
797,N,N1,MESO,11,78.53981634,280,1,5,1,NA,NA,1,28.16140089,26.19577207
798,N,N1,MESO,11,NA,NA,NA,NA,NA,NA,NA,1,NA,NA
799,N,N1,MESO,11,NA,NA,NA,NA,NA,NA,NA,1,NA,NA
800,N,N1,MESO,11,173.0075074,208.5,3,15,1,8,1,1,33.22049295,42.33572225
801,N,N1,MESO,11,286.521104,NA,4,0,0,NA,NA,0,NA,NA
802,N,N1,MESO,11,NA,NA,NA,NA,NA,NA,NA,NA,NA,NA
803,N,N1,MESO,11,11.94590607,94.1,1,0,0,2,1,1,10.43539349,17.53311351
804,N,N1p,CONT,11,NA,NA,NA,NA,NA,NA,NA,NA,NA,NA
805,N,N1p,CONT,11,NA,NA,NA,NA,NA,0,0,NA,NA,6.618208452
806,N,N1p,CONT,11,38.09181092,47.1,3,0,0,0,0,1,12.19817224,15.54996388
807,N,N1p,CONT,11,NA,NA,NA,NA,NA,NA,NA,1,NA,NA
808,N,N1p,CONT,11,6.605198554,9.4,NA,0,0,0,0,1,3.968217631,10.10339795
809,N,N1p,CONT,11,NA,NA,NA,NA,NA,NA,NA,NA,NA,NA
810,N,N1p,CONT,11,6.157521601,50.1,1,0,0,0,0,1,6.776898984,14.79838387
811,N,N1p,CONT,11,5.309291585,23.9,1,0,0,0,0,1,5.037662593,12.84309072
812,N,N1p,CONT,11,8.552985999,10.2,1,0,0,1,1,1,4.445354019,12.82054708
813,N,N1p,CONT,11,125.8914716,24.6,2,0,0,4,1,1,14.63670314,19.05741523
814,N,N1p,CONT,11,15.20530844,34.8,3,0,0,0,0,1,8.11450573,13.54244704
815,N,N1p,CONT,11,72.76713984,45.4,4,0,0,0,0,1,14.95584568,18.66074647
816,N,N1p,CONT,11,14.52201204,53.2,3,0,0,0,0,1,9.207352655,14.76441493
817,N,N1p,CONT,11,NA,NA,NA,NA,NA,NA,NA,NA,NA,NA
818,N,N1p,CONT,11,3.141592654,27.3,1,0,0,0,0,1,4.420120049,6.840796719
819,N,N1p,CONT,11,NA,NA,NA,NA,NA,0,0,NA,NA,3.039907891
820,N,N1p,CONT,11,14.52201204,26.1,1,0,0,0,0,1,7.259136847,9.774604306
821,N,N1p,CONT,11,4.908738521,36.7,1,0,0,0,0,1,5.662932167,11.87559335
822,N,N1p,CONT,11,53.76050428,NA,NA,7,1,0,0,1,NA,21.48860886
823,N,N1p,CONT,11,NA,NA,NA,NA,NA,NA,NA,NA,NA,NA
824,N,N1p,CONT,11,NA,NA,NA,NA,NA,NA,NA,NA,NA,NA
825,N,N1p,CONT,11,3.801327111,NA,NA,0,0,0,0,1,NA,7.857344081
826,N,N1p,CONT,11,NA,NA,NA,NA,NA,NA,NA,NA,NA,NA
827,N,N1p,CONT,11,NA,NA,NA,NA,NA,NA,NA,NA,NA,NA
828,N,N1p,CONT,11,4.154756284,NA,NA,0,0,0,0,1,NA,4.416754303
829,N,N1p,CONT,11,74.92698479,NA,NA,0,0,NA,NA,0,NA,NA
830,N,N1p,CONT,11,35.25652355,NA,NA,8,1,0,0,1,NA,16.60649013
831,N,N1p,CONT,11,22.90221044,NA,NA,5,1,0,0,1,NA,14.29066217
832,N,N1p,CONT,11,17.34944543,NA,NA,0,0,0,0,1,NA,12.83419127
833,N,N1p,CONT,11,NA,NA,NA,NA,NA,NA,NA,NA,NA,NA
834,N,N1p,CONT,11,NA,NA,NA,NA,NA,NA,NA,NA,NA,NA
835,N,N1p,CONT,11,37.39280656,103.4,4,2,1,0,0,1,15.76226671,19.73294501
836,N,N1p,CONT,11,84.94866535,117.3,1,2,1,0,0,1,21.62117345,19.87747428
837,N,N1p,CONT,11,14.52201204,57.6,1,0,0,0,0,1,9.45488354,14.76304351
838,N,N1p,CONT,11,37.39280656,112.6,1,2,1,0,0,1,16.21724349,19.05912576
839,N,N1p,CONT,11,NA,NA,NA,NA,NA,NA,NA,NA,NA,NA
840,N,N1p,CONT,11,NA,NA,NA,NA,NA,NA,NA,NA,NA,NA
841,N,N1p,CONT,11,NA,NA,NA,NA,NA,NA,NA,NA,NA,NA
842,N,N1p,CONT,11,4.154756284,27.5,1,0,0,NA,NA,NA,4.864298115,NA
843,N,N1p,CONT,11,13.8544236,65,1,1,1,NA,NA,1,9.690738774,NA
844,N,N1p,CONT,11,NA,NA,NA,NA,NA,NA,NA,NA,NA,NA
845,N,N2,CONT,11,NA,NA,NA,NA,NA,NA,NA,NA,NA,NA
846,N,N2,CONT,11,NA,NA,NA,NA,NA,NA,NA,NA,NA,NA
847,N,N2,CONT,11,NA,NA,NA,NA,NA,NA,NA,1,NA,NA
848,N,N2,CONT,11,8.552985999,53.6,1,0,0,0,0,1,7.735100951,14.46563654
849,N,N2,CONT,11,87.50906337,123.1,3,5,1,0,0,1,22.1912731,20.77811459
850,N,N2,CONT,11,1.5393804,21.4,1,0,0,0,0,1,3.211458123,4.926067248
851,N,N2,CONT,11,11.01128225,70.5,1,0,0,0,0,1,9.222147199,11.52111224
852,N,N2,CONT,11,NA,NA,NA,NA,NA,NA,NA,NA,NA,NA
853,N,N2,CONT,11,NA,NA,NA,NA,NA,NA,NA,NA,NA,NA
854,N,N2,CONT,11,NA,NA,NA,NA,NA,NA,NA,NA,NA,NA
855,N,N2,CONT,11,NA,NA,NA,NA,NA,NA,NA,NA,NA,NA
856,N,N2,CONT,11,5.309291585,5.6,NA,0,0,0,0,1,3.103375065,10.77782203
857,N,N2,CONT,11,6.605198554,47.2,1,0,0,2,1,1,6.800822559,16.9693858
858,N,N2,CONT,11,56.08528285,89.4,5,0,0,2,1,1,17.19106572,32.025988
859,N,N2,CONT,11,8.042477193,78.4,1,0,0,0,0,1,8.603565221,15.53162065
860,N,N2,CONT,11,58.08804816,20.4,3,0,0,0,0,1,10.62078741,15.73642528
861,N,N2,CONT,11,NA,NA,NA,NA,NA,NA,NA,NA,NA,NA
862,N,N2,CONT,11,72.88494956,160.4,2,19,1,1,1,1,22.80574396,20.14891184
863,N,N2,CONT,11,2.269800692,35.2,1,0,0,0,0,1,4.316755856,11.95261953
864,N,N2,CONT,11,3.463605901,37.1,2,0,0,0,0,1,5.058881762,15.18561236
865,N,N2,CONT,11,153.93804,67.6,2,0,0,5,1,1,21.93655018,19.20612495
866,N,N2,CONT,11,114.9901451,29.2,2,0,0,NA,NA,0,15.03714482,NA
867,N,N2,CONT,11,75.42963961,121.1,2,0,0,2,1,1,21.00246777,23.7617717
868,N,N2,CONT,11,NA,NA,NA,NA,NA,NA,NA,NA,NA,NA
869,N,N2,LMH,11,NA,NA,NA,NA,NA,NA,NA,NA,NA,NA
870,N,N2,LMH,11,NA,NA,NA,NA,NA,NA,NA,NA,NA,NA
871,N,N2,LMH,11,NA,NA,NA,NA,NA,1,1,NA,NA,9.536270733
872,N,N2,LMH,11,NA,NA,NA,NA,NA,NA,NA,NA,NA,NA
873,N,N2,LMH,11,88.24733764,176.3,1,3,1,18,1,1,25.08873633,33.49572404
874,N,N2,LMH,11,NA,NA,NA,NA,NA,NA,NA,1,NA,NA
875,N,N2,LMH,11,4.908738521,77.5,1,0,0,NA,NA,1,7.268094707,NA
876,N,N2,LMH,11,NA,NA,NA,NA,NA,NA,NA,1,NA,NA
877,N,N2,LMH,11,NA,NA,NA,NA,NA,NA,NA,NA,NA,NA
878,N,N2,LMH,11,NA,NA,NA,NA,NA,NA,NA,NA,NA,NA
879,N,N2,LMH,11,NA,NA,NA,NA,NA,NA,NA,NA,NA,NA
880,N,N2,LMH,11,NA,NA,NA,NA,NA,NA,NA,NA,NA,NA
881,N,N2,LMH,11,NA,NA,NA,NA,NA,NA,NA,NA,NA,NA
882,N,N2,LMH,11,NA,NA,NA,NA,NA,NA,NA,NA,NA,NA
883,N,N2,LMH,11,NA,NA,NA,NA,NA,NA,NA,NA,NA,NA
884,N,N2,LMH,11,15.90431281,48.6,2,0,0,3,1,1,9.208858611,20.355932
885,N,N2,LMH,11,91.60884178,66.3,4,0,0,2,1,1,18.32738697,31.93925118
886,N,N2,LMH,11,NA,NA,NA,NA,NA,NA,NA,NA,NA,NA
887,N,N2,LMH,11,2.544690049,35.2,1,0,0,0,0,1,4.484686963,8.997495141
888,N,N2,LMH,11,NA,NA,NA,NA,NA,NA,NA,NA,NA,NA
889,N,N2,LMH,11,NA,NA,NA,NA,NA,NA,NA,NA,NA,NA
890,N,N2,LMH,11,1.327322896,16.1,0,0,0,0,0,1,2.779412179,7.577500849
891,N,N2,LMH,11,0.636172512,7.1,NA,0,0,1,1,1,1.654303903,10.18794876
892,N,N2,LMH,11,4.908738521,31,1,0,0,0,0,1,5.352649221,13.0948747
893,N,N2,LMH,11,0.950331778,15.2,1,0,0,0,0,1,2.438769433,4.086895026
894,N,N2,LMH,11,4.908738521,26.8,1,0,0,0,0,1,5.098712906,8.178344696
895,N,N2,LMH,11,2.83528737,49.4,1,0,0,0,0,1,5.206521937,9.189531335
896,N,N2,LMH,11,3.141592654,25.8,1,0,0,0,0,1,4.337509443,10.59190675
897,N,N2,LMH,11,13.20254313,44.3,2,0,0,3,1,1,8.390350463,12.94001512
898,N,N2,LMH,11,3.801327111,24.7,1,0,0,NA,NA,NA,4.555760571,NA
899,N,N2,LMH,11,4.154756284,24.3,1,0,0,NA,NA,NA,4.667493077,NA
900,N,N2,LMH,11,4.908738521,85.1,1,1,1,NA,NA,NA,7.498668231,NA
901,N,N2,LMH,11,9.621127502,27.9,1,0,0,NA,NA,NA,6.469370723,NA
902,N,N2,MEGA,11,40.71504079,80.4,1,0,0,4,1,1,14.9101557,8.853045303
903,N,N2,MEGA,11,NA,NA,NA,NA,NA,NA,NA,NA,NA,NA
904,N,N2,MEGA,11,NA,NA,NA,NA,NA,NA,NA,NA,NA,NA
905,N,N2,MEGA,11,4.154756284,29.8,1,0,0,NA,NA,1,4.996501492,15.63533597
906,N,N2,MEGA,11,NA,NA,NA,NA,NA,NA,NA,NA,NA,NA
907,N,N2,MEGA,11,NA,NA,NA,NA,NA,NA,NA,NA,NA,NA
908,N,N2,MEGA,11,NA,NA,NA,NA,NA,NA,NA,NA,NA,NA
909,N,N2,MEGA,11,0.502654825,11.3,1,0,0,0,0,1,1.785822434,5.178419305
910,N,N2,MEGA,11,44.17864669,19.1,4,0,0,0,0,1,9.482517233,18.54813314
911,N,N2,MEGA,11,34.211944,50.4,3,0,0,1,1,1,12.03754139,NA
912,N,N2,MEGA,11,206.8424603,171.9,9,2,1,1,1,1,33.0611307,57.66284311
913,N,N2,MEGA,11,22.06183441,96.1,1,1,1,13,1,1,12.89742367,25.72700329
914,N,N2,MEGA,11,30.1907054,44.9,2,0,0,0,0,1,11.10847317,17.81795215
915,N,N2,MEGA,11,60.82123377,129.5,2,7,1,6,1,1,19.98864816,30.19879385
916,N,N2,MEGA,11,27.4103959,72.6,3,0,0,0,0,1,12.62751107,17.68832961
917,N,N2,MEGA,11,44.17864669,156.8,2,7,1,2,1,1,19.14987023,28.74612555
918,N,N2,MEGA,11,NA,NA,NA,NA,NA,NA,NA,NA,NA,NA
919,N,N2,MEGA,11,NA,NA,NA,NA,NA,NA,NA,NA,NA,NA
920,N,N2,MEGA,11,NA,NA,NA,NA,NA,NA,NA,NA,NA,NA
921,N,N2,MEGA,11,NA,NA,NA,NA,NA,NA,NA,NA,NA,NA
922,N,N2,MEGA,11,NA,NA,NA,NA,NA,NA,NA,NA,NA,NA
923,N,N2,MEGA,11,NA,NA,NA,NA,NA,NA,NA,NA,NA,NA
924,N,N2,MEGA,11,NA,NA,NA,NA,NA,NA,NA,NA,NA,NA
925,N,N2,MEGA,11,13.20254313,22.9,1,0,0,0,0,1,6.731465701,15.05415526
926,N,N2,MEGA,11,NA,NA,NA,NA,NA,NA,NA,NA,NA,NA
927,N,N2,MEGA,11,NA,NA,NA,NA,NA,NA,NA,NA,NA,NA
928,N,N2,MEGA,11,1.5393804,22.6,1,0,0,0,0,1,3.270489047,6.821387125
929,N,N2,MEGA,11,102.0703453,89.9,4,0,0,NA,NA,0,21.03434748,NA
930,N,N2,MEGA,11,73.89811319,49.7,3,0,0,0,0,1,15.49414251,16.46121364
931,N,N2,MEGA,11,52.22112388,89.2,6,NA,NA,NA,NA,NA,16.77366107,NA
932,N,N2,MEGA,11,2.269800692,14.3,1,0,0,NA,NA,1,3.195608916,17.28695048
933,N,N2,MEGA,11,2.269800692,16.9,1,0,0,0,0,1,3.378894076,11.36974818
934,N,N2,MEGA,11,61.04114526,151.4,5,0,0,NA,NA,1,21.0843586,34.51669489
935,N,N2,MEGA,11,5.309291585,67.4,1,0,0,NA,NA,1,7.121123265,11.95846478
936,N,N2,MEGA,11,8.395906367,80.2,2,0,0,NA,NA,1,8.794379098,17.72345886
937,N,N2,MEGA,11,NA,NA,NA,NA,NA,NA,NA,NA,NA,NA
938,N,N2,MEGA,11,NA,NA,NA,NA,NA,NA,NA,NA,NA,NA
939,N,N2,MESO,11,NA,NA,NA,NA,NA,NA,NA,1,NA,NA
940,N,N2,MESO,11,23.75829444,141.2,2,0,0,0,0,1,15.03259674,17.73401337
941,N,N2,MESO,11,NA,NA,NA,NA,NA,NA,NA,NA,NA,NA
942,N,N2,MESO,11,41.85386813,153.6,1,0,0,0,0,1,18.67835254,21.05201009
943,N,N2,MESO,11,NA,NA,NA,NA,NA,NA,NA,NA,NA,NA
944,N,N2,MESO,11,NA,NA,NA,NA,NA,NA,NA,NA,NA,NA
945,N,N2,MESO,11,11.94590607,114.2,2,0,0,0,0,1,11.13211443,13.70576035
946,N,N2,MESO,11,NA,NA,NA,NA,NA,NA,NA,NA,NA,NA
947,N,N2,MESO,11,23.50696703,140.6,2,0,0,0,0,1,14.95803898,19.94422754
948,N,N2,MESO,11,41.85386813,142.1,5,0,0,0,0,1,18.19933144,27.89393206
949,N,N2,MESO,11,18.8574099,105.1,1,0,0,0,0,1,12.61036885,NA
950,N,N2,MESO,11,8.552985999,66.2,3,0,0,0,0,1,8.29999156,12.35490229
951,N,N2,MESO,11,NA,NA,NA,NA,NA,NA,NA,NA,NA,NA
952,N,N2,MESO,11,3.141592654,29.8,1,0,0,0,0,1,4.551328883,12.91526686
953,N,N2,MESO,11,44.17864669,72.3,2,NA,NA,NA,NA,NA,14.78847113,NA
954,N,N2,MESO,11,23.28705554,58.4,3,0,0,0,0,1,11.12050145,12.86285166
955,N,N2,MESO,11,15.90431281,81.4,1,0,0,1,1,1,10.93916002,13.8535716
956,N,N2,MESO,11,NA,NA,NA,NA,NA,NA,NA,NA,NA,NA
957,N,N2,MESO,11,NA,NA,NA,NA,NA,NA,NA,NA,NA,NA
958,N,N2,MESO,11,NA,NA,NA,NA,NA,NA,NA,NA,NA,NA
959,N,N2,MESO,11,NA,NA,NA,NA,NA,NA,NA,NA,NA,NA
960,N,N2,MESO,11,NA,NA,NA,NA,NA,NA,NA,NA,NA,NA
961,N,N2,MESO,11,15.20530844,73.2,1,0,0,18,1,1,10.40093728,19.24419108
962,N,N2,MESO,11,4.154756284,26.1,2,0,0,2,1,1,4.780181911,16.29189885
963,N,N2,MESO,11,NA,NA,NA,NA,NA,NA,NA,NA,NA,NA
964,N,N2,MESO,11,2.269800692,32,1,0,0,0,0,1,4.181562463,11.88227387
965,N,N2,MESO,11,5.725552611,29.2,1,0,0,0,0,1,5.523479409,13.30585526
966,N,N2,MESO,11,NA,NA,NA,NA,NA,NA,NA,NA,NA,NA
967,N,N2,MESO,11,NA,NA,NA,NA,NA,NA,NA,NA,NA,NA
968,N,N2,MESO,11,23.19280777,41.6,1,0,0,0,0,1,9.916397696,23.34806429
969,N,N2,MESO,11,NA,NA,NA,NA,NA,NA,NA,NA,NA,NA
970,N,N2,MESO,11,NA,NA,NA,NA,NA,NA,NA,NA,NA,NA
971,N,N2,MESO,11,34.211944,71.2,3,0,0,0,0,1,13.509262,18.25427221
972,N,N2,MESO,11,NA,NA,NA,NA,NA,NA,NA,NA,NA,NA
973,N,N2,MESO,11,13.8544236,67.2,1,0,0,0,0,1,9.799027515,11.18189766
974,N,N2,MESO,11,0.785398163,17.8,1,0,0,0,0,1,2.412276577,3.214310276
975,N,N2,MESO,11,3.801327111,40.6,1,0,0,0,0,1,5.377930322,10.23788858
976,N,N2,MESO,11,1.5393804,11.4,1,0,0,0,0,1,2.602505391,8.922464137
977,N,N2,MESO,11,1.5393804,24.6,1,0,0,0,0,1,3.364397006,9.970184021
978,N,N2,MESO,11,NA,NA,NA,NA,NA,NA,NA,NA,NA,NA
979,N,N2p,CONT,11,2.010619298,1.4,NA,0,0,NA,NA,NA,1.412703349,NA
980,N,N2p,CONT,11,2.010619298,0.9,NA,0,0,NA,NA,NA,1.218962154,NA
981,N,N2p,CONT,11,0.950331778,1.3,NA,0,0,NA,NA,NA,1.073132952,NA
982,N,N2p,CONT,11,1.130973355,1,NA,0,0,NA,NA,NA,1.041945518,NA
983,N,N2p,CONT,11,NA,NA,NA,NA,NA,NA,NA,NA,NA,NA
984,N,N2p,CONT,11,2.83528737,2.3,NA,0,0,NA,NA,NA,1.870085217,NA
985,N,N2p,CONT,11,NA,NA,NA,NA,NA,NA,NA,NA,NA,NA
986,N,N2p,CONT,11,NA,NA,NA,NA,NA,NA,NA,NA,NA,NA
987,N,N2p,CONT,11,0.785398163,0.9,NA,0,0,NA,NA,NA,0.890635085,NA
988,N,N2p,CONT,11,NA,NA,NA,NA,NA,NA,NA,NA,NA,NA
989,N,N2p,CONT,11,NA,NA,NA,NA,NA,0,0,1,NA,27.16421989
990,N,N2p,CONT,11,NA,NA,NA,NA,NA,NA,NA,NA,NA,NA
991,N,N2p,CONT,11,NA,NA,NA,NA,NA,NA,NA,NA,NA,NA
992,N,N2p,CONT,11,NA,NA,NA,NA,NA,NA,NA,NA,NA,NA
993,N,N2p,CONT,11,NA,NA,NA,NA,NA,NA,NA,NA,NA,NA
994,N,N2p,CONT,11,NA,NA,NA,NA,NA,NA,NA,NA,NA,NA
995,N,N2p,CONT,11,0.3848451,1.7,NA,0,0,NA,NA,NA,0.867927225,NA
996,N,N2p,CONT,11,NA,NA,NA,NA,NA,NA,NA,NA,NA,NA
997,N,N2p,CONT,11,NA,NA,NA,NA,NA,NA,NA,NA,NA,NA
998,N,N2p,CONT,11,NA,NA,NA,NA,NA,NA,NA,NA,NA,NA
999,N,N2p,CONT,11,NA,NA,NA,NA,NA,NA,NA,NA,NA,NA
1000,N,N2p,CONT,11,NA,NA,NA,NA,NA,NA,NA,NA,NA,NA
1001,N,N2p,CONT,11,NA,NA,NA,NA,NA,NA,NA,NA,NA,NA
1002,N,N2p,CONT,11,77.73871021,95.4,2,0,0,0,0,1,19.59101123,23.822559
1003,N,N2p,CONT,11,1.5393804,1.3,NA,0,0,NA,NA,NA,1.260622554,NA
1004,N,N3,CONT,11,2.269800692,7.7,NA,0,0,0,0,1,2.598962058,7.146958553
1005,N,N3,CONT,11,NA,NA,NA,NA,NA,2,1,NA,NA,5.378284075
1006,N,N3,CONT,11,6.605198554,16.9,1,0,0,0,0,1,4.826656797,9.482374028
1007,N,N3,CONT,11,8.042477193,21.7,1,0,0,0,0,1,5.603234383,6.930973746
1008,N,N3,CONT,11,8.874999246,17.2,2,0,0,0,0,1,5.358269422,10.63834564
1009,N,N3,CONT,11,3.141592654,24.3,1,0,0,0,0,1,4.251634086,5.373778291
1010,N,N3,CONT,11,108.7383757,49.2,9,0,0,0,0,1,17.56727853,17.45046359
1011,N,N3,CONT,11,97.47576606,43.4,6,0,0,1,1,1,16.24294387,20.83795479
1012,N,N3,CONT,11,10.75210086,7.1,NA,0,0,NA,NA,NA,4.251619483,NA
1013,N,N3,CONT,11,4.908738521,61.4,1,0,0,0,0,1,6.72445879,16.40264142
1014,N,N3,CONT,11,0.502654825,1.6,NA,0,0,0,0,1,0.929853459,4.188417175
1015,N,N3,CONT,11,0.282743339,2.4,NA,0,0,NA,NA,NA,0.878579513,NA
1016,N,N3,CONT,11,120.7628216,97.2,1,1,1,4,1,1,22.83657214,18.31235637
1017,N,N3,CONT,11,0.636172512,4.4,NA,0,0,0,0,1,1.410066582,3.563923968
1018,N,N3,CONT,11,5.725552611,17.2,1,0,0,0,0,1,4.628882132,11.89956704
1019,N,N3,CONT,11,2.269800692,19.8,1,0,0,0,0,1,3.562346766,5.106445748
1020,N,N3,CONT,11,1.767145868,21.7,1,0,0,0,0,1,3.378524497,4.939888217
1021,N,N3,CONT,11,NA,NA,NA,NA,NA,NA,NA,NA,NA,NA
1022,N,N3,CONT,11,14.7105076,62.8,2,0,0,0,0,1,9.773672045,12.26041075
1023,N,N3,CONT,11,7.54767635,70.6,1,0,0,0,0,1,8.13351248,8.747311813
1024,N,N3,CONT,11,2.544690049,29.5,2,0,0,0,0,1,4.227844816,9.077442889
1025,N,N3,CONT,11,2.83528737,34.9,1,0,0,0,0,1,4.636277374,17.6129945
1026,N,N3,CONT,11,NA,NA,NA,NA,NA,NA,NA,1,NA,NA
1027,N,N3,CONT,11,NA,NA,NA,NA,NA,NA,NA,NA,NA,NA
1028,N,N3,CONT,11,NA,NA,NA,NA,NA,NA,NA,0,NA,NA
1029,N,N3,CONT,11,NA,NA,NA,NA,NA,NA,NA,NA,NA,NA
1030,N,N3,CONT,11,NA,NA,NA,NA,NA,NA,NA,1,NA,NA
1031,N,N3,CONT,11,NA,NA,NA,NA,NA,NA,NA,NA,NA,NA
1032,N,N3,CONT,11,NA,NA,NA,NA,NA,NA,NA,1,NA,NA
1033,N,N3,CONT,11,NA,NA,NA,NA,NA,NA,NA,1,NA,NA
1034,N,N3,CONT,11,NA,NA,NA,NA,NA,NA,NA,NA,NA,NA
1035,N,N3,CONT,11,NA,NA,NA,NA,NA,NA,NA,NA,NA,NA
1036,N,N3,CONT,11,NA,NA,NA,NA,NA,NA,NA,NA,NA,NA
1037,N,N3,CONT,11,NA,NA,NA,NA,NA,NA,NA,NA,NA,NA
1038,N,N3,CONT,11,7.068583471,50.4,1,0,0,16,1,1,7.110546668,14.96670946
1039,N,N3,CONT,11,NA,NA,NA,NA,NA,NA,NA,NA,NA,NA
1040,N,N3,CONT,11,NA,NA,NA,NA,NA,NA,NA,1,NA,NA
1041,N,N3,CONT,11,NA,NA,NA,NA,NA,NA,NA,NA,NA,NA
1042,N,N3,CONT,11,NA,NA,NA,NA,NA,NA,NA,NA,NA,NA
1043,N,N3,CONT,11,95.03317777,99.4,3,11,1,0,0,1,21.23911062,24.20949433
1044,N,N3,CONT,11,NA,NA,NA,NA,NA,NA,NA,1,NA,NA
1045,N,N3,CONT,11,2.83528737,18.8,1,0,0,1,1,1,3.771160898,14.50936278
1046,N,N3,CONT,11,2.010619298,30.3,1,0,0,0,0,1,3.943157725,8.705986065
1047,N,N3,CONT,11,2.010619298,26.2,1,0,0,0,0,1,3.756336493,8.169329753
1048,N,N3,CONT,11,70.88218425,45.6,2,0,0,0,0,1,14.84714703,19.08328704
1049,N,N3,CONT,11,13.20254313,67.6,1,0,0,0,0,1,9.661747908,9.296596627
1050,N,N3,CONT,11,60.82123377,73.4,1,0,0,0,0,1,16.53731836,21.51828298
1051,N,N3,CONT,11,2.544690049,28.1,1,0,0,0,0,1,4.159772584,6.957396051
1052,N,N3,CONT,11,46.56625711,137.9,1,0,0,0,0,1,18.67130078,16.894883
1053,N,N3,CONT,11,NA,NA,NA,NA,NA,NA,NA,1,NA,NA
1054,N,N3,CONT,11,20.42820623,19.7,3,0,0,NA,NA,1,7.405847885,15.21837393
1055,N,N3,CONT,11,NA,NA,NA,NA,NA,NA,NA,1,NA,NA
1056,N,N3,LMH,11,NA,NA,NA,NA,NA,NA,NA,NA,NA,NA
1057,N,N3,LMH,11,NA,NA,NA,NA,NA,NA,NA,NA,NA,NA
1058,N,N3,LMH,11,NA,NA,NA,NA,NA,NA,NA,1,NA,NA
1059,N,N3,LMH,11,28.27433388,158.9,1,1,1,NA,NA,0,16.57250569,NA
1060,N,N3,LMH,11,7.068583471,43.4,1,0,0,0,0,1,6.764295641,10.95911251
1061,N,N3,LMH,11,109.2174686,191.2,2,1,1,NA,NA,0,27.6791894,NA
1062,N,N3,LMH,11,NA,NA,NA,NA,NA,NA,NA,NA,NA,NA
1063,N,N3,LMH,11,1.5393804,4.9,NA,0,0,0,0,1,1.963208178,9.99447464
1064,N,N3,LMH,11,NA,NA,NA,NA,NA,NA,NA,NA,NA,NA
1065,N,N3,LMH,11,9.621127502,18.6,1,0,0,0,0,1,5.650334818,11.96324993
1066,N,N3,LMH,11,22.90221044,125.4,1,0,0,0,0,1,14.27274652,26.01543994
1067,N,N3,LMH,11,NA,NA,NA,NA,NA,NA,NA,0,NA,NA
1068,N,N3,LMH,11,NA,NA,NA,NA,NA,NA,NA,NA,NA,NA
1069,N,N3,LMH,11,NA,NA,NA,NA,NA,NA,NA,NA,NA,NA
1070,N,N3,LMH,11,4.908738521,60.1,1,0,0,NA,NA,0,6.676588028,NA
1071,N,N3,LMH,11,72.38229474,184.2,1,2,1,64,1,1,23.82869458,28.28894753
1072,N,N3,LMH,11,NA,NA,NA,NA,NA,NA,NA,1,NA,NA
1073,N,N3,LMH,11,NA,NA,NA,NA,NA,NA,NA,NA,NA,NA
1074,N,N3,LMH,11,5.725552611,39.2,1,0,0,0,0,1,6.094149084,7.809557617
1075,N,N3,LMH,11,8.144578954,47.6,2,0,0,0,0,1,7.314076016,7.908155147
1076,N,N3,LMH,11,NA,NA,NA,NA,NA,NA,NA,1,NA,NA
1077,N,N3,LMH,11,2.83528737,46.8,1,0,0,0,0,1,5.113385869,7.370723149
1078,N,N3,LMH,11,3.801327111,54.9,1,0,0,0,0,1,5.947915975,7.685410404
1079,N,N3,LMH,11,0.196349541,3.2,NA,0,0,NA,NA,0,0.85629339,NA
1080,N,N3,LMH,11,8.042477193,66.1,1,0,0,NA,NA,0,8.12709589,NA
1081,N,N3,LMH,11,NA,NA,NA,NA,NA,NA,NA,NA,NA,NA
1082,N,N3,LMH,11,10.75210086,51.4,1,0,0,0,0,1,8.233145574,8.694091562
1083,N,N3,LMH,11,NA,NA,NA,NA,NA,NA,NA,1,NA,NA
1084,N,N3,LMH,11,NA,NA,NA,NA,NA,NA,NA,1,NA,NA
1085,N,N3,LMH,11,NA,NA,NA,NA,NA,NA,NA,NA,NA,NA
1086,N,N3,LMH,11,NA,NA,NA,NA,NA,NA,NA,NA,NA,NA
1087,N,N3,LMH,11,NA,NA,NA,NA,NA,NA,NA,NA,NA,NA
1088,N,N3,LMH,11,NA,NA,NA,NA,NA,NA,NA,NA,NA,NA
1089,N,N3,LMH,11,NA,NA,NA,NA,NA,NA,NA,NA,NA,NA
1090,N,N3,LMH,11,NA,NA,NA,NA,NA,NA,NA,NA,NA,NA
1091,N,N3,LMH,11,NA,NA,NA,NA,NA,NA,NA,NA,NA,NA
1092,N,N3,LMH,11,2.83528737,22.8,1,0,0,NA,NA,0,4.022017096,NA
1093,N,N3,LMH,11,NA,NA,NA,NA,NA,NA,NA,NA,NA,NA
1094,N,N3,LMH,11,NA,NA,NA,NA,NA,NA,NA,NA,NA,NA
1095,N,N3,LMH,11,235.0618163,257.6,2,17,1,823,1,1,39.49186796,40.93405207
1096,N,N3,LMH,11,NA,NA,NA,NA,NA,NA,NA,NA,NA,NA
1097,N,N3,LMH,11,NA,NA,NA,NA,NA,NA,NA,NA,NA,NA
1098,N,N3,LMH,11,4.523893421,50.3,1,0,0,0,0,1,6.122213156,9.760728
1099,N,N3,LMH,11,3.141592654,33,0,0,0,0,0,1,4.708981075,9.04961439
1100,N,N3,LMH,11,0.196349541,3.9,NA,NA,NA,0,0,1,0.914755621,2.156122243
1101,N,N3,MEGA,11,1.327322896,10.6,1,0,0,0,0,1,2.417423382,3.84229149
1102,N,N3,MEGA,11,9.432631942,31.5,2,0,0,0,0,1,6.69251265,14.2867878
1103,N,N3,MEGA,11,NA,NA,NA,NA,NA,0,0,NA,NA,5.231587162
1104,N,N3,MEGA,11,1.327322896,13.9,1,0,0,0,0,1,2.646364762,5.112931136
1105,N,N3,MEGA,11,NA,NA,NA,NA,NA,NA,NA,NA,NA,NA
1106,N,N3,MEGA,11,NA,NA,NA,NA,NA,0,0,NA,NA,1.46054756
1107,N,N3,MEGA,11,14.52201204,33.8,3,0,0,NA,NA,NA,7.913493608,NA
1108,N,N3,MEGA,11,2.010619298,28.3,1,0,0,1,1,1,3.854281803,6.353154042
1109,N,N3,MEGA,11,3.463605901,25.2,1,0,0,0,0,1,4.446075379,8.466945344
1110,N,N3,MEGA,11,NA,NA,NA,NA,NA,NA,NA,NA,NA,NA
1111,N,N3,MEGA,11,10.1787602,67.5,2,0,0,0,0,1,8.85377736,12.6071131
1112,N,N3,MEGA,11,NA,NA,NA,NA,NA,NA,NA,1,NA,NA
1113,N,N3,MEGA,11,115.5242159,186,6,12,1,2,1,1,27.94441927,28.97909148
1114,N,N3,MEGA,11,0.950331778,8.7,NA,0,0,0,0,1,2.024282191,2.203255867
1115,N,N3,MEGA,11,23.2634936,23.6,3,0,0,0,0,1,8.215004618,12.37251963
1116,N,N3,MEGA,11,NA,NA,NA,NA,NA,NA,NA,NA,NA,NA
1117,N,N3,MEGA,11,NA,NA,NA,NA,NA,NA,NA,NA,NA,NA
1118,N,N3,MEGA,11,1.5393804,20.2,1,0,0,NA,NA,1,3.150178838,NA
1119,N,N3,MEGA,11,55.41769441,22.5,3,0,0,NA,NA,1,10.80287759,NA
1120,N,N3,MEGA,11,75.42963961,46.9,3,0,0,NA,NA,1,15.30150691,NA
1121,N,N3,MEGA,11,1.327322896,14.5,1,0,0,NA,NA,1,2.683965318,NA
1122,N,N3,MEGA,11,49.01669938,14.2,1,1,1,0,0,1,8.892204018,17.37524906
1123,N,N3,MEGA,11,6.605198554,37.1,1,0,0,0,0,1,6.275545933,17.96053951
1124,N,N3,MEGA,11,NA,NA,NA,NA,NA,NA,NA,NA,NA,NA
1125,N,N3,MEGA,11,NA,NA,NA,NA,NA,NA,NA,NA,NA,NA
1126,N,N3,MEGA,11,NA,NA,NA,NA,NA,NA,NA,NA,NA,NA
1127,N,N3,MEGA,11,NA,NA,NA,NA,NA,NA,NA,NA,NA,NA
1128,N,N3,MEGA,11,NA,NA,NA,NA,NA,NA,NA,NA,NA,NA
1129,N,N3,MEGA,11,97.3736643,146.8,6,0,0,2,1,1,24.38920851,26.97855078
1130,N,N3,MEGA,11,NA,NA,NA,NA,NA,NA,NA,NA,NA,NA
1131,N,N3,MEGA,11,1.767145868,6.2,NA,0,0,0,0,1,2.223773797,4.005900095
1132,N,N3,MEGA,11,2.544690049,6.1,NA,0,0,0,0,1,2.498055855,5.553222893
1133,N,N3,MEGA,11,1.5393804,12.2,1,0,0,1,1,1,2.662104793,5.369887088
1134,N,N3,MEGA,11,2.544690049,4.2,NA,0,0,0,0,1,2.205422238,4.889065617
1135,N,N3,MEGA,11,1.327322896,8.9,NA,0,0,0,0,1,2.280385654,4.96191591
1136,N,N3,MEGA,11,NA,NA,NA,NA,NA,NA,NA,NA,NA,NA
1137,N,N3,MEGA,11,2.269800692,7.2,NA,0,0,0,0,1,2.54135596,9.857886628
1138,N,N3,MEGA,11,1.767145868,10.1,0,0,0,0,0,1,2.617237169,6.145615364
1139,N,N3,MEGA,11,NA,NA,NA,NA,NA,NA,NA,NA,NA,NA
1140,N,N3,MEGA,11,17.1923658,18.1,2,0,0,0,0,1,6.79657017,8.620219749
1141,N,N3,MESO,11,14.07433509,16.5,5,0,0,0,0,1,6.163917618,13.45346209
1142,N,N3,MESO,11,2.010619298,9.6,1,0,0,1,1,1,2.68655897,6.379277854
1143,N,N3,MESO,11,NA,NA,NA,NA,NA,NA,NA,NA,NA,NA
1144,N,N3,MESO,11,1.5393804,5.7,NA,0,0,0,0,1,2.064871999,5.897286369
1145,N,N3,MESO,11,0.636172512,2.2,NA,0,0,0,0,1,1.118770786,4.388907658
1146,N,N3,MESO,11,0.950331778,2,1,0,0,0,0,1,1.23911662,3.559249802
1147,N,N3,MESO,11,0.950331778,1.9,1,0,0,0,0,1,1.218078379,3.603192217
1148,N,N3,MESO,11,NA,NA,NA,NA,NA,NA,NA,NA,NA,NA
1149,N,N3,MESO,11,8.647233779,18.4,2,0,0,0,0,1,5.432919142,6.605574197
1150,N,N3,MESO,11,NA,NA,NA,NA,NA,NA,NA,NA,NA,NA
1151,N,N3,MESO,11,25.51758633,191.4,1,5,1,NA,NA,1,17.04100822,20.99737398
1152,N,N3,MESO,11,NA,NA,NA,NA,NA,NA,NA,NA,NA,NA
1153,N,N3,MESO,11,1.327322896,29.6,1,0,0,0,0,1,3.405999327,5.38535415
1154,N,N3,MESO,11,NA,NA,NA,NA,NA,NA,NA,NA,NA,NA
1155,N,N3,MESO,11,NA,NA,NA,NA,NA,NA,NA,NA,NA,NA
1156,N,N3,MESO,11,NA,NA,NA,NA,NA,0,0,1,NA,9.981169786
1157,N,N3,MESO,11,20.42820623,57.9,3,0,0,0,0,1,10.61419139,16.6685099
1158,N,N3,MESO,11,17.8756622,107.3,2,0,0,2,1,1,12.47324615,20.57954359
1159,N,N3,MESO,11,16.61902514,63.2,1,0,0,0,0,1,10.2015211,12.96704885
1160,N,N3,MESO,11,19.7998877,72.1,2,0,0,0,0,1,11.30208981,14.23377678
1161,N,N3,MESO,11,NA,NA,NA,NA,NA,NA,NA,1,NA,NA
1162,N,N3,MESO,11,2.83528737,28.2,1,0,0,NA,NA,1,4.317803934,NA
1163,N,N3,MESO,11,55.41769441,163.4,2,0,0,0,0,1,20.94143729,21.54525095
1164,N,N3,MESO,11,5.309291585,28.5,1,0,0,0,0,1,5.342577146,10.58088774
1165,N,N3,MESO,11,28.27433388,100.4,4,1,1,0,0,1,14.21745961,18.56611824
1166,N,N3,MESO,11,4.154756284,55.4,1,0,0,0,0,1,6.145671372,12.97093908
1167,N,N3,MESO,11,14.52201204,96.4,1,1,1,0,0,1,11.22853216,17.27259128
1168,N,N3,MESO,11,12.56637061,92.6,1,2,1,2,1,1,10.55651604,16.30251926
1169,N,N3,MESO,11,20.42820623,84.7,1,11,1,0,0,1,12.05147916,16.64207691
1170,S,S1,CONT,11,3.801327111,43.6,1,0,0,0,0,1,5.507459118,9.727952896
1171,S,S1,CONT,11,NA,4.1,NA,NA,NA,0,0,1,NA,1.677575933
1172,S,S1,CONT,11,5.309291585,37.8,NA,NA,NA,0,0,1,5.87078716,7.480648532
1173,S,S1,CONT,11,27.33971007,112.6,1,3,1,1,1,1,14.60748842,17.02370765
1174,S,S1,CONT,11,NA,NA,NA,NA,NA,NA,NA,NA,NA,NA
1175,S,S1,CONT,11,4.154756284,51.6,1,0,0,0,0,1,6.001595739,9.940727611
1176,S,S1,CONT,11,1.327322896,32.2,1,0,0,0,0,1,3.503091321,6.310077841
1177,S,S1,CONT,11,30.1907054,115.5,1,2,1,0,0,1,15.22805485,18.90020392
1178,S,S1,CONT,11,19.76847177,69,3,1,1,0,0,1,11.13157523,18.22314038
1179,S,S1,CONT,11,6.283185307,36.1,1,0,0,0,0,1,6.11565956,11.64025044
1180,S,S1,CONT,11,NA,NA,NA,NA,NA,NA,NA,NA,NA,NA
1181,S,S1,CONT,11,NA,NA,NA,NA,NA,NA,NA,NA,NA,NA
1182,S,S1,CONT,11,NA,NA,NA,NA,NA,NA,NA,NA,NA,NA
1183,S,S1,CONT,11,1.5393804,32.6,1,0,0,0,0,1,3.695992671,5.136543152
1184,S,S1,CONT,11,2.010619298,39.4,1,0,0,NA,NA,1,4.304481091,NA
1185,S,S1,CONT,11,1.767145868,33.8,1,0,0,0,0,1,3.91722574,6.073917455
1186,S,S1,CONT,11,26.42079422,49.1,1,1,1,1,1,1,10.94663024,13.91375745
1187,S,S1,CONT,11,NA,NA,NA,NA,NA,NA,NA,1,NA,NA
1188,S,S1,CONT,11,1.327322896,16.9,0,0,0,NA,NA,1,2.82477648,NA
1189,S,S1,CONT,11,3.141592654,16.3,1,0,0,0,0,1,3.721005102,7.41035982
1190,S,S1,CONT,11,3.463605901,15.1,1,0,0,0,0,1,3.747321645,6.672932151
1191,S,S1,CONT,11,NA,NA,NA,NA,NA,NA,NA,NA,NA,NA
1192,S,S1,CONT,11,NA,NA,NA,NA,NA,0,0,NA,NA,6.06499716
1193,S,S1,CONT,11,9.079202769,49.5,3,1,1,0,0,1,7.683958175,12.70978881
1194,S,S1,CONT,11,NA,NA,NA,NA,NA,NA,NA,NA,NA,NA
1195,S,S1,CONT,11,6.605198554,32.3,3,0,0,0,0,1,5.991883589,14.27064859
1196,S,S1,CONT,11,0.3848451,6.2,NA,0,0,0,0,1,1.336864006,3.830441845
1197,S,S1,CONT,11,NA,NA,NA,NA,NA,NA,NA,1,NA,NA
1198,S,S1,CONT,11,28.27433388,44.3,4,0,0,0,0,1,10.81920908,16.91101619
1199,S,S1,CONT,11,4.523893421,52.4,1,0,0,0,0,1,6.206384867,13.77700289
1200,S,S1,CONT,11,1.5393804,24.2,1,0,0,0,0,1,3.346033778,8.499943638
1201,S,S1,CONT,11,1.130973355,23.4,1,0,0,0,0,1,2.985080735,6.974848317
1202,S,S1,LMH,11,67.92908715,178.6,1,63,1,2,1,1,23.08966035,26.22711118
1203,S,S1,LMH,11,30.1907054,129.6,2,18,1,3,1,1,15.82503054,24.1992164
1204,S,S1,LMH,11,66.47610055,197.2,1,51,1,2,1,1,23.69444935,33.85084992
1205,S,S1,LMH,11,66.47610055,165.1,1,13,1,0,0,1,22.32990632,27.20264124
1206,S,S1,LMH,11,156.0586151,223.4,3,54,1,0,0,1,32.8446834,38.40116672
1207,S,S1,LMH,11,144.9059611,185.6,2,60,1,15,1,1,30.11882919,36.75041519
1208,S,S1,LMH,11,83.32289115,189.6,1,43,1,2,1,1,25.21729279,31.24972756
1209,S,S1,LMH,11,NA,NA,NA,NA,NA,NA,NA,1,NA,NA
1210,S,S1,LMH,11,NA,NA,NA,NA,NA,NA,NA,1,NA,NA
1211,S,S1,LMH,11,260.5479867,338,3,NA,NA,NA,NA,1,44.75247128,48.56227998
1212,S,S1,LMH,11,NA,NA,NA,NA,NA,NA,NA,1,NA,NA
1213,S,S1,LMH,11,78.53981634,390,1,NA,NA,NA,NA,1,31.45555068,38.72181359
1214,S,S1,LMH,11,67.92908715,338,1,NA,NA,NA,NA,1,28.56968348,36.12288185
1215,S,S1,LMH,11,211.24069,443,1,NA,NA,NA,NA,1,45.66914834,43.19414697
1216,S,S1,LMH,11,NA,NA,NA,NA,NA,NA,NA,1,NA,NA
1217,S,S1,LMH,11,375.2710965,464,3,NA,NA,NA,NA,1,56.18958905,65.37738993
1218,S,S1,LMH,11,NA,NA,NA,NA,NA,NA,NA,1,NA,NA
1219,S,S1,LMH,11,NA,NA,NA,NA,NA,NA,NA,1,NA,47.89008979
1220,S,S1,LMH,11,NA,NA,NA,NA,NA,NA,NA,NA,NA,NA
1221,S,S1,LMH,11,15.90431281,138.3,1,16,1,NA,NA,1,13.05675414,NA
1222,S,S1,LMH,11,51.5299735,108.3,1,1,1,1,1,1,17.81670619,25.84037995
1223,S,S1,LMH,11,NA,NA,NA,NA,NA,NA,NA,NA,NA,NA
1224,S,S1,LMH,11,NA,NA,NA,NA,NA,NA,NA,NA,NA,NA
1225,S,S1,LMH,11,95.03317777,92.8,12,59,1,55,1,1,20.7574887,30.26551304
1226,S,S1,LMH,11,11.34114948,44.6,1,3,1,0,0,1,7.993269616,20.80967549
1227,S,S1,LMH,11,165.1299639,225,4,NA,NA,NA,NA,1,33.54994571,39.18043437
1228,S,S1,LMH,11,5.309291585,37.2,1,0,0,0,0,1,5.839510815,13.47210265
1229,S,S1,LMH,11,NA,NA,NA,NA,NA,NA,NA,NA,NA,NA
1230,S,S1,LMH,11,3.801327111,37.4,1,1,1,0,0,1,5.232533071,15.86462203
1231,S,S1,LMH,11,NA,NA,NA,NA,NA,0,0,1,NA,21.78129484
1232,S,S1,LMH,11,58.08804816,108.5,2,11,1,1,1,1,18.55513128,27.01977754
1233,S,S1,LMH,11,45.36459792,77.2,1,17,1,1,1,1,15.25006782,24.63855489
1234,S,S1,LMH,11,NA,NA,NA,NA,NA,NA,NA,NA,NA,NA
1235,S,S1,LMH,11,NA,NA,NA,NA,NA,NA,NA,NA,NA,NA
1236,S,S1,LMH,11,NA,NA,NA,NA,NA,NA,NA,NA,NA,NA
1237,S,S1,LMH,11,NA,NA,NA,NA,NA,NA,NA,NA,NA,NA
1238,S,S1,LMH,11,471.4352476,156.1,3,146,1,1,1,1,42.14865014,43.49401034
1239,S,S1,LMH,11,297.2732048,182.8,5,409,1,0,0,1,38.090627,49.91351201
1240,S,S1,LMH,11,NA,NA,NA,NA,NA,NA,NA,NA,NA,NA
1241,S,S1,MEGA,11,NA,NA,NA,NA,NA,NA,NA,1,NA,NA
1242,S,S1,MEGA,11,46.56625711,135.6,2,4,1,1,1,1,18.56675262,27.82030503
1243,S,S1,MEGA,11,50.26548246,246,3,19,1,0,0,1,23.2368747,32.12773877
1244,S,S1,MEGA,11,NA,NA,NA,NA,NA,NA,NA,1,NA,NA
1245,S,S1,MEGA,11,2.544690049,57.2,1,0,0,0,0,1,5.273819687,10.76370357
1246,S,S1,MEGA,11,49.01669938,132,2,17,1,1,1,1,18.71847224,16.96443647
1247,S,S1,MEGA,11,10.1787602,103.2,1,6,1,0,0,1,10.20192856,13.7456283
1248,S,S1,MEGA,11,24.6300864,253,NA,NA,NA,NA,NA,1,18.48494382,28.17961168
1249,S,S1,MEGA,11,62.21138852,130.5,1,11,1,0,0,1,20.19181424,23.8851032
1250,S,S1,MEGA,11,36.31681108,NA,2,NA,NA,NA,NA,1,NA,NA
1251,S,S1,MEGA,11,3.463605901,55.5,1,0,0,0,0,1,5.786967613,6.59826499
1252,S,S1,MEGA,11,NA,NA,NA,NA,NA,NA,NA,NA,NA,NA
1253,S,S1,MEGA,11,NA,NA,NA,NA,NA,NA,NA,NA,NA,NA
1254,S,S1,MEGA,11,1.767145868,21.3,1,0,0,NA,NA,1,3.357604439,NA
1255,S,S1,MEGA,11,NA,NA,NA,NA,NA,NA,NA,NA,NA,NA
1256,S,S1,MEGA,11,44.17864669,29,5,0,0,0,0,1,10.9011422,16.68206842
1257,S,S1,MEGA,11,NA,NA,NA,NA,NA,NA,NA,NA,NA,NA
1258,S,S1,MEGA,11,52.81017251,104.4,3,4,1,0,0,1,17.74467044,22.164874
1259,S,S1,MEGA,11,44.17864669,78.5,5,1,1,0,0,1,15.20029964,16.0119983
1260,S,S1,MEGA,11,10.1787602,39.4,3,0,0,0,0,1,7.397282873,3.778276706
1261,S,S1,MEGA,11,0.125663706,2.8,NA,0,0,NA,NA,NA,0.705594954,NA
1262,S,S1,MEGA,11,NA,NA,NA,NA,NA,NA,NA,NA,NA,NA
1263,S,S1,MEGA,11,NA,NA,NA,NA,NA,NA,NA,NA,NA,NA
1264,S,S1,MEGA,11,34.07057233,22.3,5,1,1,0,0,1,9.156152008,10.77139051
1265,S,S1,MEGA,11,31.23528496,21.5,4,0,0,0,0,1,8.786553916,12.89670538
1266,S,S1,MEGA,11,33.80353695,19.2,3,0,0,0,0,1,8.687018617,16.48137041
1267,S,S1,MEGA,11,11.94590607,31.9,2,1,1,0,0,1,7.272220145,14.60050345
1268,S,S1,MEGA,11,30.6619443,44.3,4,0,0,0,0,1,11.11602285,14.56870901
1269,S,S1,MEGA,11,44.26504049,39.1,5,0,0,0,0,1,12.05262778,17.87227992
1270,S,S1,MEGA,11,18.15840554,36.7,3,1,1,0,0,1,8.764022239,15.09853558
1271,S,S1,MESO,11,NA,NA,NA,NA,NA,NA,NA,NA,NA,NA
1272,S,S1,MESO,11,2.83528737,50.9,1,0,0,0,0,1,5.258776054,13.93720088
1273,S,S1,MESO,11,NA,NA,NA,NA,NA,NA,NA,NA,NA,NA
1274,S,S1,MESO,11,NA,NA,NA,NA,NA,NA,NA,NA,NA,NA
1275,S,S1,MESO,11,NA,NA,NA,NA,NA,NA,NA,NA,NA,NA
1276,S,S1,MESO,11,10.1787602,48.4,1,0,0,4,1,1,7.923212971,19.8348611
1277,S,S1,MESO,11,4.154756284,35.1,1,0,0,1,1,1,5.277152166,13.90405128
1278,S,S1,MESO,11,15.20530844,62.4,3,6,1,2,1,1,9.86115787,16.61444923
1279,S,S1,MESO,11,57.6874951,165.4,4,9,1,NA,NA,1,21.31034213,26.28039542
1280,S,S1,MESO,11,23.75829444,186.3,1,6,1,5,1,1,16.49005526,20.423386
1281,S,S1,MESO,11,54.10607948,178.4,3,12,1,NA,NA,1,21.3927979,32.32855542
1282,S,S1,MESO,11,45.36459792,196.3,1,6,1,0,0,1,20.82484103,26.87376691
1283,S,S1,MESO,11,76.97687399,128.4,1,1,1,1,1,1,21.56259449,23.48456337
1284,S,S1,MESO,11,24.6300864,188,1,4,1,NA,NA,1,16.74033335,23.16844347
1285,S,S1,MESO,11,35.25652355,206.4,2,7,1,NA,NA,1,19.46736175,27.86824971
1286,S,S1,MESO,11,2.010619298,197,1,9,1,NA,NA,1,7.366668067,18.87140834
1287,S,S1,MESO,11,43.00840343,141,1,18,1,0,0,1,18.31783057,20.54049581
1288,S,S1,MESO,11,22.90221044,155.6,1,12,1,NA,NA,1,15.33886448,NA
1289,S,S1,MESO,11,18.09557368,47.4,3,0,0,0,0,1,9.534449227,20.51628549
1290,S,S1,MESO,11,38.75154538,60.2,10,0,0,0,0,1,13.31571645,17.4059326
1291,S,S1,MESO,11,70.88218425,161.4,2,11,1,0,0,1,22.64151752,25.60611283
1292,S,S1,MESO,11,6.157521601,64.1,1,0,0,0,0,1,7.357997095,12.52028588
1293,S,S1,MESO,11,65.03882191,231.4,1,51,1,NA,NA,1,24.81220653,29.60613581
1294,S,S1,MESO,11,2.269800692,31.8,1,0,0,0,0,1,4.172819177,7.810548039
1295,S,S1,MESO,11,0.636172512,12.1,0,0,0,0,0,1,1.976561413,4.203441245
1296,S,S1p,CONT,11,4.523893421,28.9,1,0,0,0,0,1,5.088162913,6.937842927
1297,S,S1p,CONT,11,NA,NA,NA,NA,NA,NA,NA,NA,NA,NA
1298,S,S1p,CONT,11,NA,NA,NA,NA,NA,NA,NA,NA,NA,NA
1299,S,S1p,CONT,11,8.042477193,7.6,1,0,0,0,0,1,3.947497574,5.625527073
1300,S,S1p,CONT,11,3.141592654,22.5,1,0,0,0,0,1,4.14378677,6.701931129
1301,S,S1p,CONT,11,20.42820623,13.2,2,0,0,0,0,1,6.479195039,9.274174124
1302,S,S1p,CONT,11,NA,NA,NA,NA,NA,NA,NA,NA,NA,NA
1303,S,S1p,CONT,11,NA,NA,NA,NA,NA,NA,NA,NA,NA,NA
1304,S,S1p,CONT,11,NA,NA,NA,NA,NA,NA,NA,NA,NA,NA
1305,S,S1p,CONT,11,NA,NA,NA,NA,NA,NA,NA,NA,NA,NA
1306,S,S1p,CONT,11,NA,NA,NA,NA,NA,NA,NA,NA,NA,NA
1307,S,S1p,CONT,11,5.309291585,32,1,0,0,0,0,1,5.553222893,6.905292255
1308,S,S1p,CONT,11,34.211944,92.8,1,3,1,0,0,1,14.75866016,16.95759905
1309,S,S1p,CONT,11,NA,NA,NA,NA,NA,0,0,NA,NA,5.525154351
1310,S,S1p,CONT,11,2.010619298,50.6,1,0,0,0,0,1,4.679451069,7.794366557
1311,S,S1p,CONT,11,22.90221044,103.8,1,3,1,0,0,1,13.39980584,18.04669542
1312,S,S1p,CONT,11,27.33971007,147.6,1,0,0,0,0,1,15.98890781,20.88296211
1313,S,S1p,CONT,11,NA,NA,NA,NA,NA,NA,NA,NA,NA,NA
1314,S,S1p,CONT,11,4.154756284,12.8,2,0,0,0,0,1,3.768264773,7.622800658
1315,S,S1p,CONT,11,NA,NA,NA,NA,NA,NA,NA,NA,NA,NA
1316,S,S1p,CONT,11,15.20530844,92.1,1,3,1,0,0,1,11.22983592,10.27245051
1317,S,S1p,CONT,11,8.042477193,39.6,2,0,0,0,0,1,6.84939057,15.3792081
1318,S,S1p,CONT,11,11.34114948,53.6,2,0,0,0,0,1,8.499151854,9.602319471
1319,S,S1p,CONT,11,22.06183441,47.2,1,0,0,0,0,1,10.17224169,13.22502983
1320,S,S1p,CONT,11,5.725552611,23.2,2,0,0,0,0,1,5.115203994,7.446190852
1321,S,S1p,CONT,11,24.6300864,146.7,1,0,0,0,0,1,15.40988247,23.22004052
1322,S,S1p,CONT,11,13.20254313,90.2,1,0,0,0,0,1,10.63833224,16.30553329
1323,S,S1p,CONT,11,3.801327111,33.9,1,0,0,0,0,1,5.063677265,10.19144165
1324,S,S1p,CONT,11,11.94590607,58.7,1,0,0,0,0,1,8.91427464,11.80901024
1325,S,S1p,CONT,11,NA,NA,NA,NA,NA,NA,NA,NA,NA,NA
1326,S,S1p,CONT,11,NA,NA,NA,NA,NA,NA,NA,NA,NA,NA
1327,S,S1p,CONT,11,NA,NA,NA,NA,NA,NA,NA,NA,NA,NA
1328,S,S1p,CONT,11,NA,NA,NA,NA,NA,NA,NA,NA,NA,NA
1329,S,S1p,CONT,11,NA,NA,NA,NA,NA,NA,NA,NA,NA,NA
1330,S,S1p,CONT,11,NA,NA,NA,NA,NA,NA,NA,NA,NA,NA
1331,S,S2,CONT,11,NA,NA,NA,NA,NA,NA,NA,NA,NA,NA
1332,S,S2,CONT,11,15.90431281,83.1,1,0,0,0,0,1,11.01490634,18.52063854
1333,S,S2,CONT,11,7.068583471,83.8,1,1,1,0,0,1,8.425997137,16.26112247
1334,S,S2,CONT,11,22.90221044,66.8,4,0,0,1,1,1,11.56625787,25.94869281
1335,S,S2,CONT,11,23.95464398,132.8,2,1,1,NA,NA,1,14.76844373,21.09318818
1336,S,S2,CONT,11,39.52123558,128.7,4,3,1,NA,NA,1,17.27349494,24.01727138
1337,S,S2,CONT,11,64.48118921,158.6,2,10,1,14,1,1,21.80949582,26.63341895
1338,S,S2,CONT,11,41.42189914,93.4,2,4,1,NA,NA,NA,15.76551773,NA
1339,S,S2,CONT,11,NA,NA,NA,NA,NA,NA,NA,NA,NA,NA
1340,S,S2,CONT,11,NA,NA,NA,NA,NA,NA,NA,1,NA,NA
1341,S,S2,CONT,11,NA,NA,NA,NA,NA,NA,NA,1,NA,NA
1342,S,S2,CONT,11,NA,NA,NA,NA,NA,NA,NA,NA,NA,NA
1343,S,S2,CONT,11,NA,NA,NA,NA,NA,0,0,NA,NA,4.372696057
1344,S,S2,CONT,11,4.523893421,79.6,1,0,0,0,0,1,7.136077582,7.877610723
1345,S,S2,CONT,11,1.5393804,30,0,0,0,0,0,1,3.594846741,NA
1346,S,S2,CONT,11,1.130973355,31.5,1,0,0,NA,NA,NA,3.296508433,NA
1347,S,S2,CONT,11,1.327322896,13.9,0,0,0,0,0,1,2.646364762,2.959306376
1348,S,S2,CONT,11,22.06183441,86.3,2,5,1,0,0,1,12.44251072,11.85847164
1349,S,S2,CONT,11,NA,NA,NA,NA,NA,NA,NA,NA,NA,NA
1350,S,S2,CONT,11,NA,NA,NA,NA,NA,NA,NA,NA,NA,NA
1351,S,S2,CONT,11,NA,NA,NA,NA,NA,NA,NA,NA,NA,NA
1352,S,S2,CONT,11,NA,NA,NA,NA,NA,NA,NA,NA,NA,NA
1353,S,S2,CONT,11,NA,NA,NA,NA,NA,NA,NA,NA,NA,NA
1354,S,S2,CONT,11,NA,NA,NA,NA,NA,NA,NA,1,NA,NA
1355,S,S2,CONT,11,18.09557368,63.2,3,3,1,0,0,1,10.49557551,11.19626237
1356,S,S2,CONT,11,11.34114948,75,1,8,1,0,0,1,9.507863792,11.28794585
1357,S,S2,CONT,11,10.1787602,44.4,1,4,1,0,0,1,7.698295104,12.73550053
1358,S,S2,CONT,11,50.26548246,89.8,3,1,1,0,0,1,16.59838603,11.64798721
1359,S,S2,CONT,11,NA,NA,NA,NA,NA,NA,NA,0,NA,NA
1360,S,S2,CONT,11,10.75210086,62.3,2,0,0,NA,NA,0,8.779110013,NA
1361,S,S2,CONT,11,0.785398163,7.4,NA,0,0,0,0,1,1.79956629,2.090951238
1362,S,S2,CONT,11,6.157521601,78.2,1,0,0,NA,NA,0,7.862977443,NA
1363,S,S2,CONT,11,NA,NA,NA,NA,NA,NA,NA,NA,NA,NA
1364,S,S2,CONT,11,13.02190155,88.6,3,3,1,2,1,1,10.52643043,12.11500752
1365,S,S2,CONT,11,7.068583471,54.6,2,0,0,2,1,1,7.303117341,11.17402771
1366,S,S2,CONT,11,41.85386813,90.4,4,1,1,0,0,1,15.64872532,15.23783542
1367,S,S2,CONT,11,NA,NA,NA,NA,NA,NA,NA,NA,NA,NA
1368,S,S2,CONT,11,NA,NA,NA,NA,NA,2,1,NA,NA,8.717068543
1369,S,S2,CONT,11,NA,NA,NA,NA,NA,NA,NA,NA,NA,NA
1370,S,S2,LMH,11,0.3848451,2.1,NA,0,0,NA,NA,NA,0.931366774,NA
1371,S,S2,LMH,11,NA,NA,NA,NA,NA,NA,NA,NA,NA,NA
1372,S,S2,LMH,11,57.27908806,40.1,7,5,1,0,0,1,13.24685284,24.45444825
1373,S,S2,LMH,11,NA,NA,NA,NA,NA,NA,NA,NA,NA,NA
1374,S,S2,LMH,11,114.6838398,106.4,5,61,1,0,0,1,23.13419419,31.92916171
1375,S,S2,LMH,11,14.52201204,62.5,1,7,1,5,1,1,9.716137204,20.31603887
1376,S,S2,LMH,11,229.658277,179.5,6,107,1,72,1,1,34.73450701,45.91655046
1377,S,S2,LMH,11,104.2458982,75.4,5,17,1,NA,NA,1,19.97490573,28.16472734
1378,S,S2,LMH,11,NA,NA,NA,NA,NA,NA,NA,NA,NA,NA
1379,S,S2,LMH,11,10.1787602,51.1,3,4,1,16,1,1,8.068113421,17.68815585
1380,S,S3,LMH,11,NA,NA,NA,NA,NA,NA,NA,NA,NA,NA
1381,S,S2,LMH,11,32.27986452,15.5,1,0,0,0,0,1,7.964267665,13.02063496
1382,S,S2,LMH,11,29.22466566,18.7,2,0,0,0,0,1,8.202410928,11.91582699
1383,S,S2,LMH,11,NA,NA,NA,NA,NA,NA,NA,NA,NA,NA
1384,S,S2,LMH,11,9.079202769,20.6,1,0,0,0,0,1,5.734242761,11.164325
1385,S,S2,LMH,11,24.89712178,22.1,2,0,0,0,0,1,8.221034363,14.67247294
1386,S,S2,LMH,11,1.130973355,31.4,1,0,0,0,0,1,3.293010969,7.30005971
1387,S,S2,LMH,11,109.3588403,19.4,7,0,0,0,0,1,12.90030531,21.60739925
1388,S,S2,LMH,11,0.785398163,2.4,NA,0,0,NA,NA,NA,1.235688342,NA
1389,S,S2,LMH,11,36.31681108,38.1,1,0,0,1,1,1,11.18484556,12.96037204
1390,S,S2,LMH,11,91.60884178,102.2,6,13,1,0,0,1,21.17596519,29.13930319
1391,S,S2,LMH,11,29.22466566,18.5,7,0,0,0,0,1,8.173018647,13.23583784
1392,S,S2,LMH,11,191.134497,18.3,9,0,0,0,0,1,15.24368953,25.7036485
1393,S,S2,LMH,11,30.1907054,27.2,3,0,0,0,0,1,9.396865685,13.71071431
1394,S,S2,LMH,11,36.10475357,26.7,1,0,0,0,0,1,9.913569913,8.17813655
1395,S,S2,LMH,11,104.6385973,174.2,6,3,1,NA,NA,1,26.45105242,32.6934103
1396,S,S2,LMH,11,NA,NA,NA,NA,NA,NA,NA,NA,NA,NA
1397,S,S2,LMH,11,NA,NA,NA,NA,NA,NA,NA,NA,NA,NA
1398,S,S2,LMH,11,NA,NA,NA,NA,NA,NA,NA,NA,NA,NA
1399,S,S2,LMH,11,13.35176878,21.7,2,0,0,6,1,1,6.636441295,13.86088843
1400,S,S2,LMH,11,0.502654825,0.7,NA,0,0,NA,NA,0,0.705594954,NA
1401,S,S2,LMH,11,0.3848451,0.9,NA,0,0,0,0,1,0.701894974,1.638598219
1402,S,S2,LMH,11,0.3848451,1.5,NA,0,0,NA,NA,1,0.832407666,NA
1403,S,S2,LMH,11,0.282743339,1.4,NA,0,0,0,0,1,0.73389288,1.067408579
1404,S,S2,LMH,11,NA,NA,NA,NA,NA,NA,NA,NA,NA,NA
1405,S,S2,LMH,11,NA,NA,NA,NA,NA,NA,NA,1,NA,NA
1406,S,S2,LMH,11,NA,NA,NA,NA,NA,NA,NA,NA,NA,NA
1407,S,S2,LMH,11,NA,NA,NA,NA,NA,NA,NA,NA,NA,NA
1408,S,S2,LMH,11,51.50641156,40.8,3,1,1,7,1,1,12.85937323,20.80171838
1409,S,S2,LMH,11,NA,NA,NA,NA,NA,NA,NA,NA,NA,NA
1410,S,S2,LMH,11,2.83528737,22.5,1,0,0,2,1,1,4.00427139,12.36356079
1411,S,S2,MEGA,11,29.22466566,123.4,2,1,1,1,1,1,15.40003775,22.53842732
1412,S,S2,MEGA,11,NA,NA,NA,NA,NA,NA,NA,NA,NA,NA
1413,S,S2,MEGA,11,NA,NA,NA,NA,NA,NA,NA,NA,NA,NA
1414,S,S2,MEGA,11,NA,NA,NA,NA,NA,NA,NA,NA,NA,NA
1415,S,S2,MEGA,11,NA,NA,NA,NA,NA,NA,NA,NA,NA,NA
1416,S,S2,MEGA,11,NA,NA,NA,NA,NA,NA,NA,NA,NA,NA
1417,S,S2,MEGA,11,NA,NA,NA,NA,NA,NA,NA,NA,NA,NA
1418,S,S2,MEGA,11,NA,NA,NA,NA,NA,NA,NA,NA,NA,NA
1419,S,S2,MEGA,11,NA,NA,NA,NA,NA,NA,NA,NA,NA,NA
1420,S,S2,MEGA,11,NA,NA,NA,NA,NA,NA,NA,NA,NA,NA
1421,S,S2,MEGA,11,NA,NA,NA,NA,NA,NA,NA,NA,NA,NA
1422,S,S2,MEGA,11,NA,NA,NA,NA,NA,NA,NA,NA,NA,NA
1423,S,S2,MEGA,11,NA,NA,NA,NA,NA,NA,NA,NA,NA,NA
1424,S,S2,MEGA,11,83.32289115,267.2,1,15,1,NA,NA,1,28.27751913,29.47121302
1425,S,S2,MEGA,11,NA,NA,NA,NA,NA,NA,NA,NA,NA,NA
1426,S,S2,MEGA,11,18.8574099,25.9,1,0,0,0,0,1,7.900354501,9.234571421
1427,S,S2,MEGA,11,81.71282492,355,2,20,1,NA,NA,1,30.8891866,34.97551838
1428,S,S2,MEGA,11,0.196349541,3.4,NA,0,0,0,0,1,0.873800876,1.647844543
1429,S,S2,MEGA,11,NA,NA,NA,NA,NA,NA,NA,NA,NA,NA
1430,S,S2,MEGA,11,NA,NA,NA,NA,NA,NA,NA,NA,NA,NA
1431,S,S2,MEGA,11,NA,NA,NA,NA,NA,NA,NA,NA,NA,NA
1432,S,S2,MEGA,11,NA,NA,NA,NA,NA,NA,NA,NA,NA,NA
1433,S,S2,MEGA,11,NA,NA,NA,NA,NA,NA,NA,NA,NA,NA
1434,S,S2,MEGA,11,NA,NA,NA,NA,NA,NA,NA,NA,NA,NA
1435,S,S2,MEGA,11,5.309291585,154.2,1,0,0,0,0,1,9.387326726,13.49279247
1436,S,S2,MEGA,11,8.552985999,57.2,1,0,0,0,0,1,7.904801184,9.638130688
1437,S,S2,MEGA,11,4.908738521,31.9,2,0,0,0,0,1,5.404035415,5.447776681
1438,S,S2,MEGA,11,15.90431281,58.6,2,0,0,0,0,1,9.802453892,8.973641243
1439,S,S2,MEGA,11,11.94590607,7.6,1,0,0,0,0,1,4.50491772,6.690722688
1440,S,S2,MEGA,11,11.34114948,124.2,1,5,1,0,0,1,11.25164395,15.17521072
1441,S,S2,MEGA,11,18.09557368,14.6,6,0,0,0,0,1,6.435122604,4.350157278
1442,S,S2,MEGA,11,18.29977721,13.9,8,0,0,0,0,1,6.354189106,6.047835343
1443,S,S2,MEGA,11,NA,NA,NA,NA,NA,NA,NA,1,NA,NA
1444,S,S2,MEGA,11,9.079202769,58.3,1,0,0,0,0,1,8.11539024,8.014461619
1445,S,S2,MEGA,11,NA,NA,NA,NA,NA,NA,NA,1,NA,16.42992084
1446,S,S2,MEGA,11,12.56637061,25.4,2,0,0,0,0,1,6.854439452,9.451847652
1447,S,S2,MEGA,11,0.785398163,20.4,1,0,0,0,0,1,2.524610258,5.242011913
1448,S,S2,MEGA,11,24.6300864,39.6,2,0,0,NA,NA,0,9.952400705,NA
1449,S,S2,MEGA,11,13.20254313,137,1,3,1,0,0,1,12.23127669,7.536978835
1450,S,S2,MEGA,11,10.1787602,11,1,0,0,NA,NA,0,4.831538291,NA
1451,S,S2,MEGA,11,19.63495408,25.6,1,3,1,0,0,1,7.976561163,9.141679137
1452,S,S2,MEGA,11,4.908738521,62.4,1,0,0,0,0,1,6.760824968,8.137760613
1453,S,S2,MEGA,11,8.042477193,43.6,2,0,0,0,0,1,7.07300407,8.027461064
1454,S,S2,MESO,11,1.767145868,18.8,1,0,0,0,0,1,3.220532327,6.618422102
1455,S,S2,MESO,11,2.544690049,29.5,1,0,0,0,0,1,4.227844816,13.43573639
1456,S,S2,MESO,11,3.463605901,36.5,1,0,0,1,1,1,5.031419523,14.82065173
1457,S,S2,MESO,11,3.141592654,32.8,1,0,0,1,1,1,4.699433973,11.61892681
1458,S,S2,MESO,11,6.157521601,29.6,6,0,0,0,0,1,5.68500956,14.61651341
1459,S,S2,MESO,11,7.068583471,49.3,1,1,1,0,0,1,7.058355238,10.73275218
1460,S,S2,MESO,11,2.269800692,9.6,1,0,0,0,0,1,2.797538982,5.963812633
1461,S,S2,MESO,11,NA,NA,NA,NA,NA,NA,NA,NA,NA,NA
1462,S,S2,MESO,11,NA,NA,NA,NA,NA,NA,NA,NA,NA,NA
1463,S,S2,MESO,11,4.154756284,26.9,1,0,0,0,0,1,4.828606045,4.481701278
1464,S,S2,MESO,11,NA,NA,NA,NA,NA,NA,NA,NA,NA,NA
1465,S,S2,MESO,11,NA,NA,NA,NA,NA,NA,NA,NA,NA,NA
1466,S,S2,MESO,11,26.42079422,39.4,8,0,0,1,1,1,10.17113505,10.94441026
1467,S,S2,MESO,11,4.523893421,47.4,1,0,0,0,0,1,6.002036122,6.679887384
1468,S,S2,MESO,11,NA,NA,NA,NA,NA,NA,NA,NA,NA,NA
1469,S,S2,MESO,11,1.767145868,84.2,1,0,0,1,1,1,5.312693059,8.024262631
1470,S,S2,MESO,11,3.141592654,24.3,1,0,0,0,0,1,4.251634086,6.211549306
1471,S,S2,MESO,11,4.523893421,35.4,1,0,0,0,0,1,5.4447118,4.811356821
1472,S,S2,MESO,11,NA,NA,NA,NA,NA,NA,NA,NA,NA,NA
1473,S,S2,MESO,11,4.908738521,48,1,0,0,0,0,1,6.193837985,6.517945359
1474,S,S2,MESO,11,12.76272016,38.7,3,0,0,0,0,1,7.930000711,13.56046443
1475,S,S2,MESO,11,NA,NA,NA,NA,NA,NA,NA,NA,NA,NA
1476,S,S2,MESO,11,NA,NA,NA,NA,NA,NA,NA,NA,NA,NA
1477,S,S2,MESO,11,NA,NA,NA,NA,NA,NA,NA,NA,NA,NA
1478,S,S2,MESO,11,NA,NA,NA,NA,NA,NA,NA,NA,NA,NA
1479,S,S2,MESO,11,NA,NA,NA,NA,NA,NA,NA,NA,NA,NA
1480,S,S2,MESO,11,NA,NA,NA,NA,NA,NA,NA,NA,NA,NA
1481,S,S2,MESO,11,1.130973355,22.6,1,0,0,NA,NA,NA,2.950614608,NA
1482,S,S2,MESO,11,NA,NA,NA,NA,NA,NA,NA,NA,NA,NA
1483,S,S2,MESO,11,25.51758633,172.4,1,7,1,NA,NA,0,16.45648168,NA
1484,S,S2,MESO,11,14.52201204,105.2,1,2,1,7,1,1,11.56082371,21.90043679
1485,S,S2,MESO,11,NA,NA,NA,NA,NA,NA,NA,1,NA,NA
1486,S,S2p,CONT,11,3.801327111,21.4,1,0,0,0,0,1,4.342778976,5.138435525
1487,S,S2p,CONT,11,2.83528737,18.8,1,0,0,0,0,1,3.771160898,8.20520648
1488,S,S2p,CONT,11,NA,NA,NA,NA,NA,NA,NA,NA,NA,NA
1489,S,S2p,CONT,11,NA,NA,NA,NA,NA,NA,NA,NA,NA,NA
1490,S,S2p,CONT,11,10.1787602,60.2,1,0,0,1,1,1,8.521849902,14.93230965
1491,S,S2p,CONT,11,NA,NA,NA,NA,NA,NA,NA,NA,NA,NA
1492,S,S2p,CONT,11,NA,NA,NA,NA,NA,NA,NA,NA,NA,NA
1493,S,S2p,CONT,11,2.010619298,44.6,1,0,0,0,0,1,4.486366703,11.69037829
1494,S,S2p,CONT,11,NA,NA,NA,NA,NA,NA,NA,NA,NA,NA
1495,S,S2p,CONT,11,NA,NA,NA,NA,NA,NA,NA,NA,NA,NA
1496,S,S2p,CONT,11,14.52201204,113.4,1,1,1,0,0,1,11.85417551,20.97377063
1497,S,S2p,CONT,11,0.636172512,9,NA,0,0,0,0,1,1.790591146,1.84295977
1498,S,S2p,CONT,11,NA,NA,NA,NA,NA,NA,NA,0,NA,NA
1499,S,S2p,CONT,11,NA,NA,NA,NA,NA,NA,NA,0,NA,NA
1500,S,S2p,CONT,11,NA,NA,NA,NA,NA,NA,NA,NA,NA,NA
1501,S,S2p,CONT,11,NA,NA,NA,NA,NA,NA,NA,0,NA,NA
1502,S,S2p,CONT,11,NA,NA,NA,NA,NA,NA,NA,0,NA,NA
1503,S,S2p,CONT,11,NA,NA,NA,NA,NA,NA,NA,0,NA,NA
1504,S,S2p,CONT,11,NA,NA,NA,NA,NA,NA,NA,0,NA,NA
1505,S,S2p,CONT,11,NA,NA,NA,NA,NA,NA,NA,0,NA,NA
1506,S,S2p,CONT,11,NA,NA,NA,NA,NA,NA,NA,0,NA,NA
1507,S,S2p,CONT,11,NA,NA,NA,NA,NA,NA,NA,NA,NA,NA
1508,S,S2p,CONT,11,22.06183441,38.7,2,3,1,NA,NA,0,9.519815752,NA
1509,S,S2p,CONT,11,9.621127502,44.1,2,0,0,0,0,1,7.537766152,11.21243167
1510,S,S2p,CONT,11,NA,NA,NA,NA,NA,NA,NA,NA,NA,NA
1511,S,S2p,CONT,11,0.196349541,1.2,NA,0,0,NA,NA,NA,0.61718227,NA
1512,S,S2p,CONT,11,NA,NA,NA,NA,NA,0,0,NA,NA,2.770840349
1513,S,S2p,CONT,11,22.90221044,43.2,1,0,0,0,0,1,9.99994761,10.12290078
1514,S,S2p,CONT,11,NA,NA,NA,NA,NA,NA,NA,NA,NA,NA
1515,S,S2p,CONT,11,NA,NA,NA,NA,NA,NA,NA,NA,NA,NA
1516,S,S2p,CONT,11,2.83528737,20.3,1,0,0,0,0,1,3.86905565,4.387704925
1517,S,S2p,CONT,11,NA,NA,NA,NA,NA,NA,NA,NA,NA,NA
1518,S,S2p,CONT,11,11.94590607,50.5,1,0,0,NA,NA,0,8.477544635,NA
1519,S,S2p,CONT,11,NA,NA,NA,NA,NA,NA,NA,NA,NA,NA
1520,S,S2p,CONT,11,NA,NA,NA,NA,NA,NA,NA,NA,NA,NA
1521,S,S3,CONT,11,0.502654825,5.5,NA,0,0,0,0,1,1.404230802,4.259947649
1522,S,S3,CONT,11,0.785398163,7.1,NA,0,0,0,0,1,1.774873728,4.02819865
1523,S,S3,CONT,11,15.90431281,28.9,5,2,1,3,1,1,7.741824147,12.46826764
1524,S,S3,CONT,11,NA,NA,NA,NA,NA,NA,NA,1,NA,NA
1525,S,S3,CONT,11,1.327322896,34.2,1,0,0,0,0,1,3.574278266,4.96006982
1526,S,S3,CONT,11,0.636172512,27.3,1,0,0,NA,NA,1,2.593491879,NA
1527,S,S3,CONT,11,NA,NA,NA,NA,NA,NA,NA,NA,NA,NA
1528,S,S3,CONT,11,2.83528737,29.2,1,0,0,0,0,1,4.368328597,8.790348106
1529,S,S3,CONT,11,NA,NA,NA,NA,NA,NA,NA,NA,NA,NA
1530,S,S3,CONT,11,13.8544236,88.1,2,10,1,3,1,1,10.72619804,14.41735223
1531,S,S3,CONT,11,1.327322896,40.7,1,0,0,0,0,1,3.788059114,11.78616988
1532,S,S3,CONT,11,0.636172512,16.4,1,0,0,0,0,1,2.187750929,4.495422482
1533,S,S3,CONT,11,3.463605901,73.5,1,0,0,0,0,1,6.355924375,10.3209123
1534,S,S3,CONT,11,NA,NA,NA,NA,NA,1,1,NA,NA,16.80577158
1535,S,S3,CONT,11,2.83528737,25.5,0,0,0,0,0,1,4.175137133,4.691912292
1536,S,S3,CONT,11,5.309291585,32.1,1,0,0,0,0,1,5.559010426,7.917064081
1537,S,S3,CONT,11,1.767145868,27.2,1,0,0,1,1,1,3.643180603,6.406667214
1538,S,S3,CONT,11,0.502654825,31.6,1,0,0,0,0,1,2.517317719,4.974438256
1539,S,S3,CONT,11,2.83528737,38.9,1,0,0,0,0,1,4.807305916,7.992621099
1540,S,S3,CONT,11,1.130973355,31.1,1,0,0,0,0,1,3.282473852,5.393165031
1541,S,S3,CONT,11,0.636172512,12,NA,0,0,NA,NA,NA,1.971092839,NA
1542,S,S3,CONT,11,5.725552611,40.1,1,0,0,3,1,1,6.140507383,14.37426695
1543,S,S3,CONT,11,3.141592654,37.8,1,0,0,5,1,1,4.92738654,14.65899767
1544,S,S3,CONT,11,4.908738521,42.8,1,2,1,5,1,1,5.961218164,11.11161099
1545,S,S3,CONT,11,2.269800692,26.7,1,0,0,3,1,1,3.93627242,9.784102915
1546,S,S3,CONT,11,1.767145868,21.8,1,0,0,1,1,1,3.38371431,6.440874632
1547,S,S3,CONT,11,NA,NA,NA,NA,NA,NA,NA,NA,NA,NA
1548,S,S3,CONT,11,NA,NA,NA,NA,NA,NA,NA,NA,NA,NA
1549,S,S3,CONT,11,NA,NA,NA,NA,NA,NA,NA,NA,NA,NA
1550,S,S3,CONT,11,NA,NA,NA,NA,NA,NA,NA,NA,NA,NA
1551,S,S3,CONT,11,NA,NA,NA,NA,NA,NA,NA,NA,NA,NA
1552,S,S3,CONT,11,1.130973355,20.4,0,0,0,0,0,1,2.851434964,5.898030624
1553,S,S3,CONT,11,NA,NA,NA,NA,NA,NA,NA,NA,NA,NA
1554,S,S3,CONT,11,NA,NA,NA,NA,NA,NA,NA,NA,NA,NA
1555,S,S3,CONT,11,NA,NA,NA,NA,NA,NA,NA,NA,NA,NA
1556,S,S3,CONT,11,16.68971097,58,3,3,1,44,1,1,9.927305564,21.32750802
1557,S,S3,CONT,11,NA,NA,NA,NA,NA,NA,NA,NA,NA,NA
1558,S,S3,CONT,11,NA,NA,NA,NA,NA,NA,NA,NA,NA,NA
1559,S,S3,CONT,11,NA,NA,NA,NA,NA,NA,NA,NA,NA,NA
1560,S,S3,CONT,11,3.141592654,29.4,1,0,0,NA,NA,NA,4.530841635,NA
1561,S,S3,CONT,11,4.523893421,35.1,1,0,0,NA,NA,1,5.429263787,NA
1562,S,S3,CONT,11,5.309291585,29.4,1,0,0,0,0,1,5.39831951,8.659893533
1563,S,S3,CONT,11,NA,NA,NA,NA,NA,NA,NA,NA,NA,NA
1564,S,S3,LMH,11,4.154756284,17.4,3,0,0,2,1,1,4.175000854,9.043229211
1565,S,S3,LMH,11,NA,NA,NA,NA,NA,NA,NA,NA,NA,NA
1566,S,S3,LMH,11,7.068583471,89.7,1,0,0,0,0,1,8.619578183,9.9671349
1567,S,S3,LMH,11,0.282743339,2.4,NA,0,0,0,0,1,0.878579513,1.36748724
1568,S,S3,LMH,11,0.636172512,2.2,NA,0,0,0,0,1,1.118770786,4.99479688
1569,S,S3,LMH,11,47.78362426,138,3,35,1,3,1,1,18.83741793,18.61945698
1570,S,S3,LMH,11,NA,NA,NA,NA,NA,NA,NA,NA,NA,NA
1571,S,S3,LMH,11,0.196349541,1.4,NA,0,0,0,0,1,0.649775821,1.017450999
1572,S,S3,LMH,11,0.282743339,2.2,NA,0,0,0,0,1,0.853425089,1.248448098
1573,S,S3,LMH,11,18.09557368,218,1,16,1,NA,NA,NA,15.86828223,NA
1574,S,S3,LMH,11,33.1830724,117.4,3,15,1,NA,NA,0,15.80201212,NA
1575,S,S3,LMH,11,NA,NA,NA,NA,NA,NA,NA,NA,NA,NA
1576,S,S3,LMH,11,NA,NA,NA,NA,NA,NA,NA,NA,NA,NA
1577,S,S3,LMH,11,27.85021887,96.1,3,9,1,2,1,1,13.94068526,15.23271097
1578,S,S3,LMH,11,20.36537438,74.1,2,5,1,9,1,1,11.51353595,16.9296433
1579,S,S3,LMH,11,15.20530844,50.4,1,1,1,1,1,1,9.182524214,12.48399244
1580,S,S3,LMH,11,98.87377479,126.2,3,11,1,3,1,1,23.3072793,23.39629607
1581,S,S3,LMH,11,NA,NA,NA,NA,NA,NA,NA,NA,NA,NA
1582,S,S3,LMH,11,NA,NA,NA,NA,NA,NA,NA,NA,NA,NA
1583,S,S3,LMH,11,26.42079422,107.5,2,4,1,3,1,1,14.21995428,17.28252498
1584,S,S3,LMH,11,NA,NA,NA,NA,NA,NA,NA,NA,NA,NA
1585,S,S3,LMH,11,31.17245311,155.2,3,3,1,0,0,1,16.98713819,17.068983
1586,S,S3,LMH,11,16.61902514,114.2,1,2,1,0,0,1,12.42931103,13.61464148
1587,S,S3,LMH,11,27.33971007,156.7,3,7,1,0,0,1,16.31146886,17.78420326
1588,S,S3,LMH,11,13.8544236,166.9,2,7,1,NA,NA,1,13.27646085,16.78554561
1589,S,S3,LMH,11,NA,NA,NA,NA,NA,NA,NA,NA,NA,NA
1590,S,S3,LMH,11,65.03882191,139.6,2,4,1,1,1,1,20.96008028,16.94945269
1591,S,S3,LMH,11,39.59192142,189,4,7,1,0,0,1,19.64957135,17.69163002
1592,S,S3,LMH,11,5.725552611,99.6,1,7,1,NA,NA,0,8.319800549,NA
1593,S,S3,LMH,11,27.33971007,117.2,2,18,1,3,1,1,14.80406289,NA
1594,S,S3,LMH,11,NA,NA,NA,NA,NA,NA,NA,NA,NA,NA
1595,S,S3,LMH,11,12.56637061,99,1,2,1,0,0,1,10.79469333,10.54530754
1596,S,S3,LMH,11,15.90431281,138.1,1,10,1,0,0,1,13.05044744,12.62412846
1597,S,S3,LMH,11,13.20254313,151.1,2,7,1,NA,NA,1,12.63790305,NA
1598,S,S3,LMH,11,30.1907054,131.8,3,5,1,NA,NA,1,15.91421159,19.60346782
1599,S,S3,LMH,11,NA,NA,NA,NA,NA,NA,NA,NA,NA,NA
1600,S,S3,LMH,11,NA,NA,NA,NA,NA,NA,NA,NA,NA,NA
1601,S,S3,LMH,11,NA,NA,NA,NA,NA,NA,NA,NA,NA,NA
1602,S,S3,LMH,11,NA,NA,NA,NA,NA,NA,NA,NA,NA,NA
1603,S,S3,LMH,11,NA,NA,NA,NA,NA,NA,NA,NA,NA,NA
1604,S,S3,LMH,11,NA,NA,NA,NA,NA,NA,NA,1,NA,NA
1605,S,S3,LMH,11,NA,NA,NA,NA,NA,NA,NA,1,NA,NA
1606,S,S3,LMH,11,NA,NA,NA,NA,NA,NA,NA,1,NA,NA
1607,S,S3,LMH,11,3.801327111,69,1,0,0,NA,NA,0,6.419604123,NA
1608,S,S3,LMH,11,NA,NA,NA,NA,NA,NA,NA,NA,NA,NA
1609,S,S3,LMH,11,NA,NA,NA,NA,NA,NA,NA,NA,NA,NA
1610,S,S3,LMH,11,8.552985999,91.4,1,1,1,NA,NA,0,9.243701875,NA
1611,S,S3,LMH,11,31.17245311,148.2,1,7,1,NA,NA,0,16.72741058,NA
1612,S,S3,LMH,11,80.11846665,211.5,1,3,1,NA,NA,0,25.81433436,NA
1613,S,S3,LMH,11,NA,NA,NA,NA,NA,NA,NA,1,NA,NA
1614,S,S3,LMH,11,3.801327111,37.8,1,0,0,NA,NA,1,5.251150063,NA
1615,S,S3,LMH,11,14.52201204,31,1,0,0,0,0,1,7.688304263,6.670471929
1616,S,S3,LMH,11,7.54767635,92.1,2,2,1,0,0,1,8.888380275,14.09097692
1617,S,S3,LMH,11,4.523893421,68.5,1,1,1,0,0,1,6.787113483,12.00825137
1618,S,S3,LMH,11,8.042477193,86.9,1,2,1,0,0,1,8.904360542,15.541103
1619,S,S3,LMH,11,NA,NA,NA,NA,NA,NA,NA,NA,NA,NA
1620,S,S3,LMH,11,NA,NA,NA,NA,NA,NA,NA,NA,NA,NA
1621,S,S3,LMH,11,NA,NA,NA,NA,NA,NA,NA,NA,NA,NA
1622,S,S3,LMH,11,31.17245311,157.7,2,12,1,9,1,1,17.07800446,24.10142059
1623,S,S3,MEGA,11,56.74501731,185,3,9,1,NA,NA,1,22.00083834,31.73579822
1624,S,S3,MEGA,11,2.269800692,32.5,1,0,0,0,0,1,4.203262569,6.063098303
1625,S,S3,MEGA,11,NA,NA,NA,NA,NA,NA,NA,NA,NA,NA
1626,S,S3,MEGA,11,NA,NA,NA,NA,NA,0,0,NA,NA,2.270357865
1627,S,S3,MEGA,11,0.3848451,3,NA,0,0,0,0,1,1.049142727,4.19429899
1628,S,S3,MEGA,11,NA,NA,NA,NA,NA,0,0,NA,NA,1.525919508
1629,S,S3,MEGA,11,NA,NA,NA,NA,NA,NA,NA,NA,NA,NA
1630,S,S3,MEGA,11,1.130973355,20.1,1,0,0,0,0,1,2.83736659,6.366793793
1631,S,S3,MEGA,11,NA,NA,NA,NA,NA,NA,NA,1,NA,NA
1632,S,S3,MEGA,11,NA,NA,NA,NA,NA,NA,NA,NA,NA,NA
1633,S,S3,MEGA,11,NA,NA,NA,NA,NA,0,0,NA,NA,2.662425878
1634,S,S3,MEGA,11,NA,NA,NA,NA,NA,NA,NA,NA,NA,NA
1635,S,S3,MEGA,11,20.8680292,62.9,4,0,0,NA,NA,1,10.98967005,13.49031245
1636,S,S3,MEGA,11,13.8544236,17,0,0,0,8,1,1,6.193010752,17.6832231
1637,S,S3,MEGA,11,11.22333975,36,7,0,0,4,1,1,7.415692766,13.79193155
1638,S,S3,MEGA,11,NA,NA,NA,NA,NA,NA,NA,NA,NA,NA
1639,S,S3,MEGA,11,3.801327111,37.6,3,0,0,0,0,1,5.241858059,11.86487406
1640,S,S3,MEGA,11,0.785398163,20.9,1,0,0,0,0,1,2.545101671,4.272827731
1641,S,S3,MEGA,11,22.64302905,64,3,1,1,2,1,1,11.35884784,14.21539654
1642,S,S3,MEGA,11,9.126326659,86.4,3,3,1,0,0,1,9.270357009,11.77553932
1643,S,S3,MEGA,11,2.544690049,23.9,1,0,0,1,1,1,3.940916262,6.679842567
1644,S,S3,MEGA,11,2.269800692,21,1,0,0,0,0,1,3.633016743,6.543522743
1645,S,S3,MEGA,11,16.249888,52.8,5,0,0,3,1,1,9.535428446,16.37068049
1646,S,S3,MEGA,11,1.327322896,16.2,1,0,0,0,0,1,2.785163672,6.292882657
1647,S,S3,MEGA,11,11.94590607,35.4,4,0,0,0,0,1,7.529414094,8.514678702
1648,S,S3,MEGA,11,NA,NA,NA,NA,NA,NA,NA,NA,NA,NA
1649,S,S3,MEGA,11,13.20254313,53.5,4,2,1,1,1,1,8.935915007,12.56142884
1650,S,S3,MEGA,11,0.785398163,7.1,NA,0,0,0,0,1,1.774873728,2.689269289
1651,S,S3,MEGA,11,2.010619298,14.2,0,0,0,0,0,1,3.061655954,3.36454935
1652,S,S3,MEGA,11,24.6300864,133.4,1,15,1,1,1,1,14.92863007,16.88625768
1653,S,S3,MEGA,11,1.130973355,26.5,1,0,0,0,0,1,3.111672902,3.964184088
1654,S,S3,MEGA,11,NA,NA,NA,NA,NA,NA,NA,NA,NA,NA
1655,S,S3,MEGA,11,NA,NA,NA,NA,NA,NA,NA,NA,NA,NA
1656,S,S3,MEGA,11,NA,NA,NA,NA,NA,NA,NA,NA,NA,NA
1657,S,S3,MEGA,11,NA,NA,NA,NA,NA,NA,NA,NA,NA,NA
1658,S,S3,MEGA,11,34.211944,142.5,1,2,1,3,1,1,17.03067689,21.60091108
1659,S,S3,MEGA,11,NA,NA,NA,NA,NA,NA,NA,NA,NA,NA
1660,S,S3,MEGA,11,143.264479,39.6,6,4,1,2,1,1,17.91483777,21.5310519
1661,S,S3,MEGA,11,2.269800692,53.5,0,0,0,0,0,1,4.964264473,6.766289382
1662,S,S3,MEGA,11,3.463605901,61.7,1,0,0,0,0,1,5.995224993,10.07503578
1663,S,S3,MEGA,11,2.544690049,52.6,1,0,0,0,0,1,5.128256596,6.626783042
1664,S,S3,MEGA,11,4.523893421,10,0,0,0,0,0,1,3.570185784,8.342460823
1665,S,S3,MEGA,11,3.141592654,17.4,1,0,0,0,0,1,3.803021374,8.809649389
1666,S,S3,MEGA,11,3.463605901,23.1,1,0,0,0,0,1,4.318780738,8.111211892
1667,S,S3,MEGA,11,2.544690049,17.1,0,0,0,1,1,1,3.524154937,5.732236818
1668,S,S3,MEGA,11,1.767145868,11.1,0,0,0,0,0,1,2.701042489,6.231285684
1669,S,S3,MEGA,11,6.605198554,46.4,1,0,0,1,1,1,6.762121102,10.62765043
1670,S,S3,MEGA,11,NA,NA,NA,NA,NA,NA,NA,NA,NA,NA
1671,S,S3,MEGA,11,NA,NA,NA,NA,NA,NA,NA,NA,NA,NA
1672,S,S3,MEGA,11,7.963937377,22.1,1,0,0,4,1,1,5.619066788,11.03982395
1673,S,S3,MEGA,11,NA,NA,NA,NA,NA,NA,NA,NA,NA,NA
1674,S,S3,MEGA,11,NA,NA,NA,NA,NA,NA,NA,NA,NA,NA
1675,S,S3,MEGA,11,NA,NA,NA,NA,NA,NA,NA,NA,NA,NA
1676,S,S3,MEGA,11,NA,NA,NA,NA,NA,NA,NA,NA,NA,NA
1677,S,S3,MESO,11,2.269800692,29.4,1,0,0,0,0,1,4.064920617,7.261849804
1678,S,S3,MESO,11,2.544690049,24.1,1,0,0,0,0,1,3.951895509,6.930614866
1679,S,S3,MESO,11,3.801327111,31,1,0,0,0,0,1,4.914733766,7.684960271
1680,S,S3,MESO,11,3.463605901,37.8,1,0,0,1,1,1,5.090549642,9.159133793
1681,S,S3,MESO,11,NA,NA,NA,NA,NA,NA,NA,NA,NA,NA
1682,S,S3,MESO,11,NA,NA,NA,NA,NA,NA,NA,NA,NA,NA
1683,S,S3,MESO,11,NA,NA,NA,NA,NA,NA,NA,NA,NA,NA
1684,S,S3,MESO,11,NA,NA,NA,NA,NA,NA,NA,NA,NA,NA
1685,S,S3,MESO,11,51.5299735,81.2,3,1,1,3,1,1,16.18348831,14.25173695
1686,S,S3,MESO,11,NA,NA,NA,NA,NA,NA,NA,NA,NA,NA
1687,S,S3,MESO,11,22.06183441,92.4,3,5,1,0,0,1,12.72947145,15.62691292
1688,S,S3,MESO,11,NA,NA,NA,NA,NA,NA,NA,NA,NA,NA
1689,S,S3,MESO,11,24.51227668,88.4,3,3,1,0,0,1,12.99166511,16.93932516
1690,S,S3,MESO,11,83.33859912,90.6,10,2,1,1,1,1,19.70866001,27.92190348
1691,S,S3,MESO,11,2.010619298,40.4,1,0,0,NA,NA,1,4.340650276,NA
1692,S,S3,MESO,11,13.20254313,62.5,3,0,0,0,0,1,9.412014379,17.81167362
1693,S,S3,MESO,11,13.8544236,150.5,2,2,1,0,0,1,12.825842,17.02253961
1694,S,S3,MESO,11,NA,NA,NA,NA,NA,1,1,1,NA,22.67972259
1695,S,S3,MESO,11,NA,NA,NA,NA,NA,NA,NA,NA,NA,NA
1696,S,S3,MESO,11,NA,NA,NA,NA,NA,NA,NA,NA,NA,NA
1697,S,S3,MESO,11,NA,NA,NA,NA,NA,NA,NA,NA,NA,NA
1698,S,S3,MESO,11,NA,NA,NA,NA,NA,NA,NA,NA,NA,NA
1699,S,S3,MESO,11,NA,NA,NA,NA,NA,NA,NA,NA,NA,NA
1700,S,S3,MESO,11,NA,NA,NA,NA,NA,NA,NA,NA,NA,NA
1701,S,S3,MESO,11,NA,NA,NA,NA,NA,NA,NA,NA,NA,NA
1702,S,S3,MESO,11,3.463605901,29.8,1,0,0,0,0,1,4.702039393,4.99771806
1703,S,S3,MESO,11,NA,NA,NA,NA,NA,NA,NA,NA,NA,NA
1704,S,S3,MESO,11,43.00840343,43.7,14,2,1,0,0,1,12.38889508,14.44629964
1705,S,S3,MESO,11,NA,NA,NA,NA,NA,NA,NA,NA,NA,NA
1706,S,S3,MESO,11,NA,NA,NA,NA,NA,NA,NA,NA,NA,NA
1707,S,S3,MESO,11,NA,NA,NA,NA,NA,NA,NA,NA,NA,NA
1708,S,S3,MESO,11,NA,NA,NA,NA,NA,NA,NA,NA,NA,NA
1709,S,S3,MESO,11,NA,NA,NA,NA,NA,NA,NA,NA,NA,NA
1710,S,S3,MESO,11,NA,NA,NA,NA,NA,NA,NA,NA,NA,NA
1711,S,S3,MESO,11,50.26548246,189.5,3,10,1,10,1,1,21.29825403,23.22358177
1712,S,S3,MESO,11,2.544690049,39,1,0,0,0,0,1,4.640830766,7.346883513
1713,S,S3,MESO,11,3.801327111,57.9,1,0,0,0,0,1,6.054507315,9.92658082
1714,S,S3,MESO,11,6.605198554,65.1,1,0,0,4,1,1,7.571462103,11.61346557
1715,S,S3,MESO,11,0.125663706,2,NA,0,0,NA,NA,NA,0.630624438,NA
1716,S,S3,MESO,11,2.83528737,30.5,1,0,0,0,0,1,4.432315976,7.931061431
1717,C,C3,MEGA,11,NA,NA,NA,NA,NA,NA,NA,NA,NA,NA
1718,N,N2,LMH,11,NA,NA,NA,NA,NA,NA,NA,NA,NA,NA
1719,S,S1,MESO,11,NA,NA,NA,NA,NA,NA,NA,NA,NA,NA
1,C,C1,CONT,12w,21.81278465,47.5,6,0,0,0,0,1,10.15521793,15.44729114
2,C,C1,CONT,12w,23.90202231,64,4,0,0,NA,NA,1,11.56590897,NA
3,C,C1,CONT,12w,NA,NA,NA,NA,NA,NA,NA,NA,NA,NA
4,C,C1,CONT,12w,NA,NA,NA,NA,NA,NA,NA,NA,NA,NA
5,C,C1,LMH,12w,NA,NA,NA,NA,NA,NA,NA,0,NA,20.4169581
6,C,C1,LMH,12w,NA,NA,NA,NA,NA,NA,NA,NA,NA,NA
7,C,C1,LMH,12w,2.89529179,25,2,0,0,NA,NA,1,4.176726403,NA
8,C,C1,LMH,12w,6.559724001,55.5,1,0,0,0,0,1,7.162199031,7.523738984
9,C,C1,LMH,12w,9.897980354,57.4,1,0,0,NA,NA,NA,8.309457256,NA
10,C,C1,LMH,12w,60.54508778,410,3,NA,NA,NA,NA,1,29.32376037,30.22207151
11,C,C1,LMH,12w,NA,NA,NA,NA,NA,NA,NA,0,NA,18.03209251
12,C,C1,MEGA,12w,NA,NA,NA,NA,NA,NA,NA,NA,NA,NA
13,C,C1,MEGA,12w,16.54684705,91.2,1,0,0,3,1,1,11.51353139,15.01152607
14,C,C1,MESO,12w,NA,NA,NA,NA,NA,NA,NA,NA,NA,NA
15,C,C1,MESO,12w,NA,NA,NA,NA,NA,NA,NA,NA,NA,NA
16,C,C1,MESO,12w,NA,NA,NA,NA,NA,0,0,1,NA,2.985119182
17,C,C1,MESO,12w,2.243175694,12.3,1,0,0,NA,NA,NA,3.026905079,NA
18,C,C1,MESO,12w,NA,NA,NA,NA,NA,NA,NA,NA,NA,NA
19,C,C2,LMH,12w,5.853493972,27.6,1,0,0,NA,NA,NA,5.460675927,NA
20,C,C2,LMH,12w,0.331830724,3.5,0,0,0,0,0,1,1.051223458,0.841939723
21,C,C2,LMH,12w,NA,NA,NA,NA,NA,NA,NA,NA,NA,NA
22,C,C2,LMH,12w,NA,NA,NA,NA,NA,NA,NA,NA,NA,NA
23,C,C2,LMH,12w,0.229022104,3,0,0,0,NA,NA,NA,0.882230761,NA
24,C,C2,LMH,12w,0.212371663,2.3,0,0,0,0,0,1,0.787253138,0.189634657
25,C,C2,LMH,12w,NA,NA,NA,NA,NA,NA,NA,NA,NA,NA
26,C,C2,MEGA,12w,NA,NA,NA,NA,NA,NA,NA,NA,NA,NA
27,C,C2,MEGA,12w,NA,NA,NA,NA,NA,NA,NA,NA,NA,NA
28,C,C3,CONT,12w,1.720336137,73.6,1,0,0,0,0,1,5.034010761,1.547009862
29,C,C3,CONT,12w,4.752915526,29.2,2,0,0,0,0,1,5.190612665,9.144016499
30,C,C3,CONT,12w,NA,NA,NA,NA,NA,NA,NA,NA,NA,NA
31,C,C3,LMH,12w,55.94673861,92.6,10,1,1,0,0,1,17.37973816,17.29417019
32,C,C3,LMH,12w,NA,NA,NA,NA,NA,NA,NA,NA,NA,NA
33,C,C3,LMH,12w,NA,NA,NA,NA,NA,0,0,NA,NA,NA
34,C,C3,LMH,12w,NA,NA,NA,NA,NA,0,0,1,NA,30.65760648
35,C,C3,LMH,12w,0.882473376,19.5,1,0,0,0,0,1,2.585526868,2.972726515
36,C,C3,LMH,12w,NA,NA,NA,NA,NA,NA,NA,NA,NA,NA
37,C,C3,MEGA,12w,NA,NA,NA,NA,NA,NA,NA,NA,NA,NA
38,C,C3,MEGA,12w,40.15151761,195.7,1,0,0,10,1,1,19.97279405,25.45985949
39,C,C3,MEGA,12w,NA,NA,NA,NA,NA,0,0,1,NA,13.26582964
40,C,C3,MEGA,12w,NA,NA,NA,NA,NA,0,0,NA,NA,20.77056408
41,C,C3,MESO,12w,NA,NA,NA,NA,NA,0,0,NA,NA,0.917301294
42,C,C3,MESO,12w,NA,NA,NA,NA,NA,NA,NA,1,NA,NA
43,N,N1,CONT,12w,NA,NA,NA,NA,NA,NA,NA,NA,NA,NA
44,N,N1,CONT,12w,NA,NA,NA,NA,NA,NA,NA,NA,NA,NA
45,N,N1,CONT,12w,5.939573611,36,1,0,0,1,1,1,5.996350224,5.90153337
46,N,N1,CONT,12w,4.908738521,32.9,1,0,0,0,0,1,5.460010796,6.343637976
47,N,N1,CONT,12w,NA,NA,NA,NA,NA,NA,NA,NA,NA,NA
48,N,N1,LMH,12w,NA,NA,NA,NA,NA,NA,NA,0,NA,5.948953351
49,N,N1,LMH,12w,NA,NA,NA,NA,NA,0,0,NA,NA,1.520272957
50,N,N1,LMH,12w,NA,NA,NA,NA,NA,0,0,NA,NA,9.369541844
51,N,N1,LMH,12w,18.78051942,88.9,1,0,0,0,0,1,11.90869762,15.2018613
52,N,N1,LMH,12w,7.8426719,104.1,1,0,0,2,1,1,9.378626783,14.82971715
53,N,N1,LMH,12w,NA,NA,NA,NA,NA,NA,NA,NA,NA,NA
54,N,N1,MEGA,12w,2.08672438,34.8,NA,NA,NA,0,0,1,4.181262348,5.066154997
55,N,N1,MEGA,12w,NA,NA,NA,NA,NA,NA,NA,NA,NA,NA
56,N,N1,MEGA,12w,NA,NA,NA,NA,NA,NA,NA,NA,NA,NA
57,N,N1,MEGA,12w,NA,NA,NA,NA,NA,NA,NA,NA,NA,13.64173786
58,N,N1,MEGA,12w,NA,NA,NA,NA,NA,NA,NA,NA,NA,NA
59,N,N1,MEGA,12w,NA,NA,NA,NA,NA,NA,NA,NA,NA,NA
60,N,N1,MEGA,12w,NA,NA,NA,NA,NA,NA,NA,NA,NA,3.596274907
61,N,N1,MEGA,12w,25.78689936,93,6,0,0,3,1,1,13.43908109,15.69858124
62,N,N1,MESO,12w,NA,NA,NA,NA,NA,NA,NA,NA,NA,NA
63,N,N1,MESO,12w,NA,NA,NA,NA,NA,NA,NA,NA,NA,31.61524143
64,N,N1,MESO,12w,NA,NA,NA,NA,NA,NA,NA,NA,NA,40.15886066
65,N,N1,MESO,12w,NA,NA,NA,NA,NA,NA,NA,NA,NA,29.95943678
66,N,N1,MESO,12w,NA,NA,NA,NA,NA,NA,NA,NA,NA,NA
67,N,N1,MESO,12w,NA,NA,NA,NA,NA,NA,NA,NA,NA,NA
68,N,N1,MESO,12w,NA,NA,NA,NA,NA,NA,NA,NA,NA,NA
69,N,N1,MESO,12w,NA,NA,NA,NA,NA,NA,NA,NA,NA,42.02722776
70,N,N1p,CONT,12w,NA,NA,NA,NA,NA,NA,NA,NA,NA,NA
71,N,N1p,CONT,12w,NA,NA,NA,NA,NA,NA,NA,NA,NA,NA
72,N,N1p,CONT,12w,13.8220652,49.6,4,0,0,4,1,1,8.847354508,12.60090489
73,N,N1p,CONT,12w,NA,NA,NA,NA,NA,NA,NA,NA,NA,NA
74,N,N1p,CONT,12w,77.75638167,136.4,2,0,0,28,1,1,22.07624345,24.41725279
75,N,N1p,CONT,12w,10.34911306,87.7,1,0,0,6,1,1,9.716106694,10.67547341
76,N,N1p,CONT,12w,22.06183441,61.4,1,0,0,NA,NA,NA,11.10582965,NA
77,N,N1p,CONT,12w,29.51282825,94.6,3,0,0,8,1,1,14.13872464,15.40183446
78,N,N1p,CONT,12w,9.132688384,81.9,1,0,0,5,1,1,9.108403001,12.81722378
79,N,N2,CONT,12w,NA,NA,NA,NA,NA,0,0,NA,NA,18.93397139
80,N,N2,CONT,12w,11.40091828,41.6,NA,NA,NA,NA,NA,NA,7.823308573,NA
81,N,N2,CONT,12w,34.73227028,123.4,2,0,0,35,1,1,16.31379411,20.73127665
82,N,N2,CONT,12w,8.034073433,39.3,2,0,0,1,1,1,6.829639332,12.56625953
83,N,N2,CONT,12w,12.06874234,33.1,3,0,0,NA,NA,1,7.387616078,NA
84,N,N2,CONT,12w,NA,NA,NA,NA,NA,9,1,NA,NA,19.28875825
85,N,N2,CONT,12w,NA,NA,NA,NA,NA,0,0,NA,NA,8.031737696
86,N,N2,LMH,12w,NA,NA,NA,NA,NA,NA,NA,NA,NA,NA
87,N,N2,LMH,12w,30.77786907,91.3,2,0,0,4,1,1,14.1692698,18.56038359
88,N,N2,LMH,12w,NA,NA,NA,NA,NA,NA,NA,NA,NA,NA
89,N,N2,MEGA,12w,NA,NA,NA,NA,NA,NA,NA,NA,NA,NA
90,N,N2,MEGA,12w,NA,NA,NA,NA,NA,NA,NA,1,NA,NA
91,N,N2,MEGA,12w,29.6091966,186.4,1,1,1,2,1,1,17.75087045,19.10577001
92,N,N2,MESO,12w,NA,NA,NA,NA,NA,NA,NA,NA,NA,NA
93,N,N2,MESO,12w,81.71282492,124.6,1,0,0,20,1,1,21.77719704,14.45082866
94,N,N2,MESO,12w,139.2443399,143.9,3,0,0,2,1,1,27.30005796,30.97058091
95,N,N2p,CONT,12w,NA,NA,NA,NA,NA,NA,NA,NA,NA,NA
96,N,N2p,CONT,12w,NA,NA,NA,NA,NA,NA,NA,NA,NA,NA
97,N,N2p,CONT,12w,53.71565805,85.9,5,4,1,NA,NA,NA,16.72065963,NA
98,N,N2p,CONT,12w,NA,NA,NA,NA,NA,NA,NA,NA,NA,NA
99,N,N2p,CONT,12w,NA,NA,NA,NA,NA,NA,NA,NA,NA,NA
100,N,N2p,CONT,12w,NA,NA,NA,NA,NA,0,0,NA,NA,6.330291196
101,N,N3,CONT,12w,NA,NA,NA,NA,NA,NA,NA,NA,NA,NA
102,N,N3,CONT,12w,NA,NA,NA,NA,NA,NA,NA,NA,NA,5.666762222
103,N,N3,CONT,12w,NA,NA,NA,NA,NA,NA,NA,NA,NA,NA
104,N,N3,CONT,12w,NA,NA,NA,NA,NA,0,0,1,NA,5.588818807
105,N,N3,CONT,12w,NA,NA,NA,NA,NA,NA,NA,NA,NA,NA
106,N,N3,CONT,12w,NA,NA,NA,NA,NA,NA,NA,NA,NA,NA
107,N,N3,CONT,12w,NA,NA,NA,NA,NA,NA,NA,NA,NA,NA
108,N,N3,CONT,12w,NA,NA,NA,NA,NA,NA,NA,NA,NA,NA
109,N,N3,CONT,12w,NA,NA,NA,NA,NA,NA,NA,NA,NA,NA
110,N,N3,CONT,12w,NA,NA,NA,NA,NA,NA,NA,NA,NA,NA
111,N,N3,CONT,12w,NA,NA,NA,NA,NA,NA,NA,NA,NA,NA
112,N,N3,LMH,12w,NA,NA,NA,NA,NA,0,0,NA,NA,6.188994716
113,N,N3,LMH,12w,NA,NA,NA,NA,NA,NA,NA,NA,NA,NA
114,N,N3,MEGA,12w,NA,NA,NA,NA,NA,NA,NA,NA,NA,4.249194587
115,N,N3,MEGA,12w,NA,NA,NA,NA,NA,0,0,1,NA,7.217372506
116,N,N3,MESO,12w,1.697166891,15.7,1,0,0,NA,NA,0,2.99187145,NA
117,N,N3,MESO,12w,7.210661998,47.2,1,0,0,1,1,1,7.002893117,8.746115524
118,N,N3,MESO,12w,NA,NA,NA,NA,NA,NA,NA,NA,NA,NA
119,N,N3,MESO,12w,46.68728696,140.9,1,0,0,10,1,1,18.82224051,17.9346906
120,S,S1,CONT,12w,11.52092712,75.2,2,0,0,0,0,1,9.56641857,10.61537876
121,S,S1,CONT,12w,NA,NA,NA,NA,NA,NA,NA,NA,NA,NA
122,S,S1,CONT,12w,8.143322317,63.7,1,0,0,1,1,1,8.060830962,8.199263874
123,S,S1,CONT,12w,53.71565805,140.2,4,0,0,13,1,1,19.69161598,22.26258727
124,S,S1,CONT,12w,21.39181124,46.4,4,0,0,3,1,1,10.01074915,12.17524564
125,S,S1,CONT,12w,3.83596317,43.6,1,0,0,0,0,1,5.524161598,6.136278655
126,S,S1,CONT,12w,19.79234788,38.2,3,0,0,0,0,1,9.141217203,8.696401228
127,S,S1,LMH,12w,NA,NA,NA,NA,NA,0,0,NA,NA,1.883099252
128,S,S1,LMH,12w,105.6831769,436,1,NA,NA,NA,NA,1,36.04967258,37.10334149
129,S,S1,LMH,12w,NA,NA,NA,NA,NA,0,0,NA,NA,3.657250966
130,S,S1,LMH,12w,NA,NA,NA,NA,NA,NA,NA,NA,NA,NA
131,S,S1,MEGA,12w,46.8084739,194.3,1,0,0,NA,NA,NA,20.97199388,NA
132,S,S1,MEGA,12w,NA,NA,NA,NA,NA,NA,NA,NA,NA,NA
133,S,S1p,CONT,12w,NA,NA,NA,NA,NA,0,0,NA,NA,5.504602466
134,S,S1p,CONT,12w,NA,NA,NA,NA,NA,NA,NA,NA,NA,NA
135,S,S1p,CONT,12w,NA,NA,NA,NA,NA,NA,NA,NA,NA,NA
136,S,S1p,CONT,12w,11.88472355,128.5,1,0,0,NA,NA,0,11.55948789,11.44646504
137,S,S1p,CONT,12w,24.80632975,145.4,1,0,0,NA,NA,0,15.4007742,11.43531382
138,S,S1p,CONT,12w,11.16278556,123.3,1,0,0,3,1,1,11.16511326,12.65882311
139,S,S1p,CONT,12w,2.601552876,32,1,0,0,0,0,1,4.376404324,5.8728114
140,S,S1p,CONT,12w,NA,NA,NA,NA,NA,NA,NA,NA,NA,NA
141,S,S1p,CONT,12w,2.164243179,29.9,1,0,0,0,0,1,4.023394152,4.854887399
142,S,S1p,CONT,12w,NA,NA,NA,NA,NA,NA,NA,NA,NA,NA
143,S,S2,CONT,12w,21.89564416,163.4,NA,NA,NA,NA,NA,NA,15.35919168,NA
144,S,S2,CONT,12w,NA,NA,NA,NA,NA,NA,NA,NA,NA,NA
145,S,S2,CONT,12w,NA,NA,NA,NA,NA,NA,NA,NA,NA,NA
146,S,S2,CONT,12w,NA,NA,NA,NA,NA,NA,NA,NA,NA,NA
147,S,S2,CONT,12w,NA,NA,NA,NA,NA,NA,NA,NA,NA,NA
148,S,S2,CONT,12w,NA,NA,NA,NA,NA,0,0,NA,NA,6.137166145
149,S,S2,LMH,12w,NA,NA,NA,NA,NA,0,0,1,NA,1.4442677
150,S,S2,LMH,12w,NA,NA,NA,NA,NA,0,0,1,NA,3.510938654
151,S,S2,LMH,12w,NA,NA,NA,NA,NA,NA,NA,NA,NA,NA
152,S,S2,MEGA,12w,0.502654825,7.6,NA,0,0,0,0,1,1.56432815,2.11642648
153,S,S2,MEGA,12w,0.636172512,9.1,NA,0,0,NA,NA,NA,1.79720879,NA
154,S,S2,MEGA,12w,NA,NA,NA,NA,NA,0,0,NA,NA,1.954451102
155,S,S2,MEGA,12w,NA,NA,NA,NA,NA,NA,NA,NA,NA,NA
156,S,S2,MEGA,12w,NA,NA,NA,NA,NA,NA,NA,NA,NA,NA
157,S,S2,MEGA,12w,8.552985999,99.2,1,0,0,0,0,1,9.499908491,13.89777554
158,S,S2,MEGA,12w,NA,NA,NA,NA,NA,NA,NA,NA,NA,NA
159,S,S2,MEGA,12w,NA,NA,NA,NA,NA,0,0,NA,NA,1.099287626
160,S,S2,MEGA,12w,35.25652355,202,1,0,0,NA,NA,1,19.3278183,26.66051273
161,S,S2,MEGA,12w,21.23716634,57,NA,NA,NA,0,0,1,10.69661366,10.19283448
162,S,S2,MEGA,12w,NA,NA,NA,NA,NA,NA,NA,NA,NA,NA
163,S,S2,MEGA,12w,13.8544236,11.7,10,0,0,0,0,1,5.466766272,6.731073137
164,S,S2,MEGA,12w,NA,NA,NA,NA,NA,NA,NA,NA,NA,NA
165,S,S2,MESO,12w,12.13039609,53.4,1,0,0,NA,NA,0,8.681363432,NA
166,S,S2,MESO,12w,35.89081111,27.9,NA,NA,NA,NA,NA,NA,10.0402038,NA
167,S,S2,MESO,12w,6.113617844,41.4,4,0,0,0,0,1,6.343637582,7.43529146
168,S,S2,MESO,12w,151.9651984,270.5,1,0,0,4,1,1,34.70154314,34.18730963
169,S,S2p,CONT,12w,NA,NA,NA,NA,NA,NA,NA,NA,NA,NA
170,S,S2p,CONT,12w,NA,NA,NA,NA,NA,NA,NA,NA,NA,NA
171,S,S2p,CONT,12w,0.528101725,11.2,0,0,0,NA,NA,NA,1.810130044,NA
172,S,S2p,CONT,12w,NA,NA,NA,NA,NA,NA,NA,NA,NA,NA
173,S,S2p,CONT,12w,1.410260942,17.6,1,0,0,NA,NA,NA,2.921839535,NA
174,S,S2p,CONT,12w,NA,NA,NA,NA,NA,NA,NA,NA,NA,NA
175,S,S2p,CONT,12w,NA,NA,NA,NA,NA,NA,NA,NA,NA,NA
176,S,S2p,CONT,12w,NA,NA,NA,NA,NA,NA,NA,NA,NA,NA
177,S,S2p,CONT,12w,NA,NA,NA,NA,NA,NA,NA,NA,NA,NA
178,S,S2p,CONT,12w,0.899202357,15.7,NA,NA,NA,NA,NA,NA,2.42016527,10.67585264
179,S,S2p,CONT,12w,NA,NA,NA,NA,NA,0,0,NA,NA,13.06148463
180,S,S2p,CONT,12w,NA,NA,NA,NA,NA,NA,NA,NA,NA,NA
181,S,S2p,CONT,12w,NA,NA,NA,NA,NA,NA,NA,NA,NA,NA
182,S,S2p,CONT,12w,NA,NA,NA,NA,NA,0,0,NA,NA,2.155633084
183,S,S2p,CONT,12w,NA,NA,NA,NA,NA,0,0,NA,NA,7.236922708
184,S,S2p,CONT,12w,NA,NA,NA,NA,NA,NA,NA,NA,NA,NA
185,S,S2p,CONT,12w,0.708821842,11.5,0,0,0,NA,NA,0,2.014719958,NA
186,S,S2p,CONT,12w,0.950331778,22.1,1,0,0,0,0,1,2.763359744,5.122713321
187,S,S3,CONT,12w,NA,NA,NA,NA,NA,NA,NA,NA,NA,NA
188,S,S3,CONT,12w,5.432520556,38.9,2,0,0,NA,NA,NA,5.97285669,NA
189,S,S3,CONT,12w,NA,NA,NA,NA,NA,NA,NA,NA,NA,NA
190,S,S3,CONT,12w,NA,NA,NA,NA,NA,NA,NA,NA,NA,NA
191,S,S3,CONT,12w,NA,NA,NA,NA,NA,NA,NA,NA,NA,NA
192,S,S3,CONT,12w,1.266768698,12.6,1,0,0,NA,NA,NA,2.521405897,NA
193,S,S3,LMH,12w,NA,NA,NA,NA,NA,0,0,NA,NA,1.117310095
194,S,S3,LMH,12w,NA,NA,NA,NA,NA,0,0,NA,NA,1.656701267
195,S,S3,LMH,12w,NA,NA,NA,NA,NA,NA,NA,NA,NA,NA
196,S,S3,LMH,12w,10.40621151,79,3,1,1,1,1,1,9.400316093,13.52090613
197,S,S3,LMH,12w,NA,NA,NA,NA,NA,NA,NA,NA,NA,NA
198,S,S3,LMH,12w,75.12207769,152.3,2,0,0,9,1,1,22.64198523,20.76344235
199,S,S3,LMH,12w,20.91169734,52.1,2,0,0,0,0,1,10.32700987,10.98461087
200,S,S3,LMH,12w,9.132688384,46.1,1,0,0,0,0,1,7.518293237,7.580789008
201,S,S3,LMH,12w,NA,NA,NA,NA,NA,0,0,NA,NA,1.575479585
202,S,S3,LMH,12w,NA,NA,NA,NA,NA,NA,NA,NA,NA,NA
203,S,S3,LMH,12w,10.52087964,NA,1,0,0,0,0,1,NA,6.471202813
204,S,S3,LMH,12w,24.10512627,103,1,3,1,NA,NA,0,13.59561508,13.19174521
205,S,S3,LMH,12w,7.8426719,34.4,2,0,0,NA,NA,NA,6.480282529,NA
206,S,S3,LMH,12w,NA,NA,NA,NA,NA,0,0,NA,NA,1.574577149
207,S,S3,MEGA,12w,NA,NA,NA,NA,NA,NA,NA,NA,NA,NA
208,S,S3,MEGA,12w,NA,NA,NA,NA,NA,NA,NA,NA,NA,NA
209,S,S3,MEGA,12w,NA,NA,NA,NA,NA,NA,NA,NA,NA,NA
210,S,S3,MEGA,12w,1.628601632,43.9,0,0,0,0,0,1,4.15957489,4.453980322
211,S,S3,MESO,12w,15.27450202,88.2,1,0,0,0,0,1,11.08557782,11.30059291
212,S,S3,MESO,12w,84.30974395,112.6,5,2,1,0,0,1,21.27431632,16.8992339
213,S,S3,MESO,12w,NA,NA,NA,NA,NA,0,0,1,NA,10.59039123
214,S,S3,MESO,12w,NA,NA,NA,NA,NA,NA,NA,NA,NA,NA
215,S,S3,MESO,12w,0.817128249,11.9,1,0,0,NA,NA,NA,2.136919978,NA
216,S,S3,MESO,12w,NA,NA,NA,NA,NA,NA,NA,NA,NA,NA
217,S,S3,NA,12w,2.573042923,NA,10,0,0,NA,NA,NA,NA,NA
218,C,C1,CONT,12w,49.79463626,55,2,0,0,0,0,1,14.04818953,14.23102582
219,C,C1,CONT,12w,64.21745251,73,13,0,0,0,0,1,16.80934962,17.02875012
220,C,C1,CONT,12w,17.66611797,58.4,3,0,0,1,1,1,10.14078039,14.35159634
221,C,C1,CONT,12w,111.3938069,77.5,10,0,0,2,1,1,20.61024765,23.05663329
222,C,C1,CONT,12w,7.942260388,83.4,1,0,0,4,1,1,8.746297501,11.84495518
223,C,C1,CONT,12w,29.80240455,77.8,6,0,0,7,1,1,13.28857153,17.24331658
224,C,C1,CONT,12w,100.3690158,35.5,NA,0,0,0,0,1,15.33816911,15.16346439
225,C,C1,CONT,12w,35.81611975,57.2,5,0,0,2,1,1,12.75063485,15.15080294
226,C,C1,CONT,12w,18.32247521,54.5,5,0,0,0,0,1,10.03089372,9.054345652
227,C,C1,CONT,12w,NA,NA,NA,NA,NA,0,0,NA,NA,9.55492763
228,C,C1,CONT,12w,NA,NA,NA,NA,NA,NA,NA,1,NA,NA
229,C,C1,CONT,12w,NA,NA,NA,NA,NA,NA,NA,1,NA,NA
230,C,C1,CONT,12w,NA,NA,NA,NA,NA,7,1,1,NA,13.27856736
231,C,C1,CONT,12w,NA,NA,NA,NA,NA,NA,NA,1,NA,NA
232,C,C1,CONT,12w,NA,NA,NA,NA,NA,NA,NA,NA,NA,NA
233,C,C1,CONT,12w,NA,NA,NA,NA,NA,NA,NA,NA,NA,NA
234,C,C1,CONT,12w,NA,NA,NA,NA,NA,NA,NA,1,NA,NA
235,C,C1,CONT,12w,NA,NA,NA,NA,NA,NA,NA,1,NA,NA
236,C,C1,CONT,12w,NA,NA,NA,NA,NA,NA,NA,1,NA,NA
237,C,C1,CONT,12w,NA,NA,NA,NA,NA,NA,NA,1,NA,NA
238,C,C1,CONT,12w,NA,NA,NA,NA,NA,NA,NA,NA,NA,NA
239,C,C1,CONT,12w,NA,NA,NA,NA,NA,NA,NA,1,NA,NA
240,C,C1,CONT,12w,NA,NA,NA,NA,NA,2,1,1,NA,19.72101292
241,C,C1,CONT,12w,NA,NA,NA,NA,NA,NA,NA,1,NA,NA
242,C,C1,CONT,12w,NA,NA,NA,NA,NA,NA,NA,1,NA,NA
243,C,C1,CONT,12w,NA,NA,NA,NA,NA,NA,NA,1,NA,NA
244,C,C1,CONT,12w,NA,NA,NA,NA,NA,NA,NA,1,NA,NA
245,C,C1,CONT,12w,NA,NA,NA,NA,NA,NA,NA,NA,NA,NA
246,C,C1,CONT,12w,NA,NA,NA,NA,NA,NA,NA,1,NA,NA
247,C,C1,CONT,12w,NA,NA,NA,NA,NA,NA,NA,1,NA,NA
248,C,C1,CONT,12w,NA,NA,NA,NA,NA,NA,NA,1,NA,NA
249,C,C1,CONT,12w,NA,NA,NA,NA,NA,NA,NA,NA,NA,NA
250,C,C1,CONT,12w,NA,NA,NA,NA,NA,NA,NA,NA,NA,NA
251,C,C1,CONT,12w,3.07907496,16,1,0,0,0,0,1,3.673267274,5.369587588
252,C,C1,CONT,12w,1.651299639,38.7,2,0,0,0,0,1,4.006602992,4.913769932
253,C,C1,CONT,12w,1.188228881,5.4,1,0,0,0,0,1,1.860004897,2.249065415
254,C,C1,CONT,12w,4.675946506,17.3,2,0,0,0,0,1,4.334663072,2.519966131
255,C,C1,CONT,12w,1.495712262,50.5,1,0,0,0,0,1,4.23657204,6.081035387
256,C,C1,CONT,12w,NA,NA,NA,NA,NA,NA,NA,1,NA,NA
257,C,C1,CONT,12w,NA,NA,NA,NA,NA,NA,NA,NA,NA,NA
258,C,C1,CONT,12w,NA,NA,NA,NA,NA,0,0,1,NA,6.790869482
259,C,C1,CONT,12w,NA,NA,NA,NA,NA,0,0,NA,NA,9.227676336
260,C,C1,CONT,12w,9.294087706,52.5,2,0,0,4,1,1,7.897830092,10.30384592
261,C,C1,CONT,12w,4.830512864,26.3,3,0,0,0,0,1,5.039655454,9.105543122
262,C,C1,CONT,12w,7.354154243,19.4,4,0,0,0,0,1,5.238681266,6.785191293
263,C,C1,CONT,12w,12.8884624,22.6,3,1,1,0,0,1,6.648241476,10.70165157
264,C,C1,CONT,12w,NA,NA,NA,NA,NA,NA,NA,NA,NA,NA
265,C,C1,CONT,12w,8.092821215,19.6,2,0,0,0,0,1,5.427329838,5.081697842
266,C,C1,CONT,12w,NA,NA,NA,NA,NA,NA,NA,NA,NA,NA
267,C,C1,CONT,12w,28.3686602,61.8,2,0,0,3,1,1,12.10452778,16.74881761
268,C,C1,CONT,12w,5.768042652,44.4,3,0,0,0,0,1,6.368618981,9.304716686
269,C,C1,CONT,12w,6.92791866,44.3,2,0,0,0,0,1,6.765254482,9.071965481
270,C,C1,CONT,12w,26.71963822,3.92,3,0,0,0,0,1,4.725127332,10.40263295
271,C,C1,CONT,12w,NA,NA,NA,NA,NA,NA,NA,1,NA,NA
272,C,C1,LMH,12w,NA,NA,NA,NA,NA,NA,NA,NA,NA,NA
273,C,C1,LMH,12w,15.83370551,139,1,0,0,0,0,1,13.05936676,12.95275181
274,C,C1,LMH,12w,114.8805821,365,2,NA,NA,NA,NA,0,34.93246739,35.65162098
275,C,C1,LMH,12w,177.8946475,153.4,6,1,1,0,0,1,30.26560439,33.14116504
276,C,C1,LMH,12w,1.452672443,13.8,1,0,0,0,0,1,2.720738214,4.220033278
277,C,C1,LMH,12w,46.92981792,148.6,1,1,1,2,1,1,19.19274408,20.97976815
278,C,C1,LMH,12w,1.935927933,13.3,1,0,0,0,0,1,2.957836285,4.014937589
279,C,C1,LMH,12w,NA,NA,NA,NA,NA,0,0,1,NA,16.39924937
280,C,C1,LMH,12w,3.17308712,25.5,2,0,0,NA,NA,NA,4.335018089,NA
281,C,C1,LMH,12w,1.266768698,31.2,1,0,0,0,0,1,3.412770597,3.254301165
282,C,C1,LMH,12w,7.40229915,75.1,1,0,0,0,0,1,8.249300976,8.562073445
283,C,C1,LMH,12w,NA,NA,NA,NA,NA,0,0,1,NA,20.4172827
284,C,C1,LMH,12w,23.84476678,66.7,2,0,0,0,0,1,11.71718393,13.96422733
285,C,C1,LMH,12w,NA,NA,NA,NA,NA,0,0,1,NA,12.33838108
286,C,C1,LMH,12w,NA,NA,NA,NA,NA,6,1,1,NA,21.97455764
287,C,C1,LMH,12w,93.82751305,168.8,2,0,0,1,1,1,25.23862491,26.16774211
288,C,C1,LMH,12w,NA,NA,NA,NA,NA,1,1,1,NA,21.83913359
289,C,C1,LMH,12w,74.50883881,193.9,2,0,0,10,1,1,24.47594295,25.75648936
290,C,C1,LMH,12w,32.27051828,175.9,3,0,0,7,1,1,17.91811662,20.54495748
291,C,C1,LMH,12w,17.9450914,115,1,0,0,1,1,1,12.78173355,13.46980793
292,C,C1,LMH,12w,52.16810951,282,1,0,0,0,0,1,24.62443961,24.09610706
293,C,C1,LMH,12w,NA,NA,NA,NA,NA,0,0,1,NA,11.52382833
294,C,C1,LMH,12w,31.969161,289.1,1,NA,NA,2,1,1,21.08485752,21.52853002
295,C,C1,LMH,12w,6.549356745,125,3,0,0,0,0,1,9.387238034,15.20734695
296,C,C1,LMH,12w,5.896455252,54.6,3,0,0,0,0,1,6.874174653,11.10075831
297,C,C1,LMH,12w,30.09339457,161.2,1,2,1,0,0,1,17.00246925,19.44218147
298,C,C1,LMH,12w,NA,NA,NA,NA,NA,0,0,NA,NA,1.621762379
299,C,C1,LMH,12w,NA,NA,NA,NA,NA,NA,NA,NA,NA,NA
300,C,C1,LMH,12w,NA,NA,NA,NA,NA,NA,NA,1,NA,NA
301,C,C1,LMH,12w,48.02898265,188.6,1,2,1,4,1,1,20.94376471,21.26805229
302,C,C1,LMH,12w,47.0039595,143.4,3,0,0,4,1,1,18.97585808,14.30628661
303,C,C1,LMH,12w,NA,NA,NA,NA,NA,3,1,1,NA,20.30858444
304,C,C1,LMH,12w,1.583676857,11.6,1,0,0,0,0,1,2.642569799,4.030014495
305,C,C1,LMH,12w,NA,NA,NA,NA,NA,5,1,1,NA,15.18862571
306,C,C1,LMH,12w,NA,NA,NA,NA,NA,0,0,1,NA,4.24936066
307,C,C1,LMH,12w,NA,NA,NA,NA,NA,0,0,1,NA,3.623189695
308,C,C1,LMH,12w,58.76545408,145.6,1,1,1,1,1,1,20.54887821,23.34303617
309,C,C1,LMH,12w,6.424242817,43.3,1,0,0,0,0,1,6.54681258,7.922106282
310,C,C1,LMH,12w,2.350618163,12.3,1,0,0,0,0,1,3.074554587,4.16755561
311,C,C1,LMH,12w,NA,NA,NA,NA,NA,0,0,1,NA,4.893647274
312,C,C1,LMH,12w,10.69405993,111.6,1,0,0,1,1,1,10.6460441,16.05900236
313,C,C1,LMH,12w,26.05762611,167.6,NA,3,1,2,1,1,16.41645424,18.00173629
314,C,C1,LMH,12w,10.81029886,144.5,1,2,1,1,1,1,11.64701848,15.29501745
315,C,C1,LMH,12w,NA,NA,NA,NA,NA,NA,NA,1,NA,NA
316,C,C1,MEGA,12w,NA,NA,NA,NA,NA,NA,NA,NA,NA,NA
317,C,C1,MEGA,12w,NA,NA,NA,NA,NA,NA,NA,NA,NA,NA
318,C,C1,MEGA,12w,19.2442185,76.5,2,0,0,1,1,1,11.41879344,15.52708689
319,C,C1,MEGA,12w,NA,76.4,3,0,0,1,1,1,NA,21.67631192
320,C,C1,MEGA,12w,31.79527385,82.6,3,0,0,5,1,1,13.85298709,19.38199288
321,C,C1,MEGA,12w,42.6603935,114.3,5,1,1,3,1,1,17.03170424,15.47327689
322,C,C1,MEGA,12w,12.5880476,53.5,1,0,0,0,0,1,8.794853713,11.03471171
323,C,C1,MEGA,12w,6.157521601,54,1,0,0,0,0,1,6.948639887,9.583149066
324,C,C1,MEGA,12w,16.11707717,60.4,1,0,0,1,1,1,9.945992384,10.26919834
325,C,C1,MEGA,12w,5.939573611,60.9,5,0,0,0,0,1,7.146766774,16.11774354
326,C,C1,MEGA,12w,9.897980354,55.2,5,0,0,1,1,1,8.20174579,11.17653471
327,C,C1,MEGA,12w,6.605198554,56.3,2,0,0,0,0,1,7.213118105,8.990481675
328,C,C1,MEGA,12w,NA,NA,NA,NA,NA,0,0,1,NA,6.145870191
329,C,C1,MEGA,12w,NA,NA,NA,NA,NA,0,0,1,NA,8.526289092
330,C,C1,MEGA,12w,22.48005893,NA,2,0,0,0,0,1,NA,17.15610159
331,C,C1,MEGA,12w,32.86349389,40.4,5,0,0,0,0,1,11.03167734,12.84407098
332,C,C1,MEGA,12w,9.606283476,38.9,1,0,0,8,1,1,7.224831239,25.31844181
333,C,C1,MEGA,12w,4.523893421,29.6,3,0,0,0,0,1,5.128979799,8.232284567
334,C,C1,MEGA,12w,38.11293814,71.9,11,0,0,4,1,1,14.05095508,14.83544887
335,C,C1,MEGA,12w,3.83596317,32.4,1,0,0,0,0,1,5.002872287,6.842237305
336,C,C1,MEGA,12w,28.69499314,44.5,7,0,0,0,0,1,10.88904612,14.83802007
337,C,C1,MEGA,12w,NA,NA,NA,NA,NA,NA,NA,NA,NA,NA
338,C,C1,MEGA,12w,NA,NA,NA,NA,NA,0,0,1,NA,12.45552111
339,C,C1,MEGA,12w,8.761587752,3.5,NA,0,0,NA,NA,NA,3.135570757,NA
340,C,C1,MEGA,12w,9.402472653,43.1,2,0,0,0,0,1,7.423077169,10.10717418
341,C,C1,MEGA,12w,47.36594952,50.4,4,0,0,2,1,1,13.41858705,16.84632648
342,C,C1,MEGA,12w,7.163145409,49.9,2,0,0,2,1,1,7.118429628,11.37657019
343,C,C1,MEGA,12w,NA,NA,NA,NA,NA,0,0,1,NA,5.228503834
344,C,C1,MEGA,12w,NA,NA,NA,NA,NA,0,0,1,NA,7.580769481
345,C,C1,MEGA,12w,NA,NA,NA,NA,NA,0,0,1,NA,5.680468514
346,C,C1,MEGA,12w,27.43246559,45.5,8,0,0,4,1,1,10.80657588,15.42092121
347,C,C1,MEGA,12w,1.498539696,38.4,6,0,0,0,0,1,3.868777141,18.21541911
348,C,C1,MEGA,12w,12.5036173,101,1,0,0,0,0,1,10.84886558,15.60539903
349,C,C1,MEGA,12w,3.430697718,40.2,1,0,0,0,0,1,5.179713425,8.449598886
350,C,C1,MEGA,12w,16.18831278,36.6,3,0,0,0,0,1,8.42668545,10.89995964
351,C,C1,MEGA,12w,NA,NA,NA,NA,NA,0,0,1,NA,15.4325365
352,C,C1,MEGA,12w,16.47482603,11.5,2,0,0,2,1,1,5.758997334,17.83062924
353,C,C1,MEGA,12w,27.43246559,71.1,6,0,0,0,0,1,12.54317368,17.16357312
354,C,C1,MEGA,12w,23.87869598,53.5,7,0,0,1,1,1,10.89070573,15.4325365
355,C,C1,MEGA,12w,24.98320142,49.5,4,0,0,2,1,1,10.77320812,20.35303428
356,C,C1,MEGA,12w,7.8426719,57.8,1,0,0,0,0,1,7.706075206,11.6215438
357,C,C1,MEGA,12w,4.675946506,54.8,1,0,0,0,0,1,6.369787482,8.082832666
358,C,C1,MEGA,12w,6.201582438,65.2,1,0,0,0,0,1,7.417548564,10.53210188
359,C,C1,MEGA,12w,7.059551392,31.9,3,0,0,NA,NA,1,6.101012751,NA
360,C,C1,MEGA,12w,44.29653496,137.3,1,1,1,0,0,1,18.33569224,24.16931568
361,C,C1,MEGA,12w,14.79344565,104,2,1,1,4,1,1,11.58805119,13.61816035
362,C,C1,MESO,12w,9.621127502,51.4,4,0,0,2,1,1,7.933261946,14.30549545
363,C,C1,MESO,12w,NA,NA,NA,NA,NA,NA,NA,NA,NA,NA
364,C,C1,MESO,12w,21.89187425,38.1,4,0,0,7,1,1,9.445865532,NA
365,C,C1,MESO,12w,NA,NA,NA,NA,NA,NA,NA,NA,NA,NA
366,C,C1,MESO,12w,10.81029886,57,4,0,0,1,1,1,8.537725534,12.0872368
367,C,C1,MESO,12w,17.70884363,47.4,1,0,0,4,1,1,9.465932209,11.8439173
368,C,C1,MESO,12w,6.92791866,33.9,1,0,0,0,0,1,6.187134575,10.26048285
369,C,C1,MESO,12w,NA,NA,NA,NA,NA,NA,NA,NA,NA,NA
370,C,C1,MESO,12w,41.51057059,57.3,5,0,0,3,1,1,13.40226349,15.25259413
371,C,C1,MESO,12w,17.4233514,62.4,4,0,0,2,1,1,10.3197826,16.45705416
372,C,C1,MESO,12w,56.74501731,62.4,7,0,0,6,1,1,15.30618259,18.93361214
373,C,C1,MESO,12w,NA,NA,NA,NA,NA,0,0,1,NA,12.76645008
374,C,C1,MESO,12w,NA,NA,NA,NA,NA,0,0,1,NA,15.89072745
375,C,C1,MESO,12w,NA,NA,NA,NA,NA,0,0,1,NA,13.4635018
376,C,C1,MESO,12w,NA,NA,NA,NA,NA,NA,NA,NA,NA,NA
377,C,C1,MESO,12w,7.306166415,50.9,1,0,0,0,0,1,7.213190579,10.53930186
378,C,C1,MESO,12w,10.75210086,50.9,4,0,0,0,0,1,8.206320867,10.27039186
379,C,C1,MESO,12w,8.919688402,73.1,2,0,0,0,0,1,8.700409239,13.94573572
380,C,C1,MESO,12w,NA,NA,NA,NA,NA,0,0,1,NA,2.464125275
381,C,C1,MESO,12w,18.4745283,128,1,2,1,0,0,1,13.37622347,17.16294521
382,C,C1,MESO,12w,1.038689071,7.6,NA,0,0,0,0,1,1.993252172,3.943208638
383,C,C1,MESO,12w,NA,NA,NA,NA,NA,NA,NA,NA,NA,NA
384,C,C1,MESO,12w,NA,NA,NA,NA,NA,NA,NA,NA,NA,NA
385,C,C1,MESO,12w,NA,NA,NA,NA,NA,NA,NA,NA,NA,NA
386,C,C1,MESO,12w,NA,NA,NA,NA,NA,NA,NA,NA,NA,NA
387,C,C1,MESO,12w,NA,NA,NA,NA,NA,0,0,1,NA,13.54893306
388,C,C1,MESO,12w,NA,NA,NA,NA,NA,NA,NA,NA,NA,NA
389,C,C1,MESO,12w,8.761587752,42.4,1,0,0,0,0,1,7.210647748,6.708436084
390,C,C1,MESO,12w,7.8426719,27.7,1,0,0,0,0,1,6.028175513,6.095430325
391,C,C1,MESO,12w,NA,NA,NA,NA,NA,NA,NA,NA,NA,NA
392,C,C1,MESO,12w,NA,NA,NA,NA,NA,0,0,1,NA,5.305935588
393,C,C1,MESO,12w,9.614373077,35.6,4,0,0,0,0,1,7.016115125,7.765560469
394,C,C1,MESO,12w,1.561450089,15,1,0,0,0,0,1,2.865799363,6.806815538
395,C,C1,MESO,12w,83.97131588,267,2,0,0,8,1,1,28.34370926,31.03120977
396,C,C1,MESO,12w,28.27433388,153.1,3,1,1,0,0,1,16.36805028,21.68245006
397,C,C1,MESO,12w,NA,NA,NA,NA,NA,2,1,1,NA,17.35626999
398,C,C1,MESO,12w,33.02827043,82,2,0,0,0,0,1,13.99595928,15.17622887
399,C,C1,MESO,12w,4.908738521,45,4,0,0,NA,NA,1,6.061812311,NA
400,C,C1,MESO,12w,4.675946506,30.2,2,0,0,NA,NA,1,5.220759435,NA
401,C,C1,MESO,12w,6.469246132,41.3,1,0,0,NA,NA,1,6.459300837,NA
402,C,C1,MESO,12w,38.95433519,39.1,7,0,0,NA,NA,1,11.54918781,NA
403,C,C2,CONT,12w,NA,NA,NA,NA,NA,NA,NA,NA,NA,NA
404,C,C2,CONT,12w,NA,NA,NA,NA,NA,NA,NA,NA,NA,NA
405,C,C2,LMH,12w,NA,NA,NA,NA,NA,NA,NA,1,NA,42.23328819
406,C,C2,LMH,12w,51.91238387,187,1,6,1,4,1,1,21.43348296,20.3175724
407,C,C2,LMH,12w,8.972702778,86.9,1,0,0,1,1,1,9.235740454,9.313074725
408,C,C2,LMH,12w,23.48309093,169,3,4,1,0,0,1,15.90018954,21.62743035
409,C,C2,LMH,12w,190.4536354,280,5,NA,NA,NA,NA,1,37.85172561,49.08856933
410,C,C2,LMH,12w,122.3260781,297,1,NA,NA,19,1,1,33.29986737,42.55258666
411,C,C2,LMH,12w,NA,NA,NA,NA,NA,0,0,NA,NA,5.869844722
412,C,C2,LMH,12w,1.651299639,19,1,0,0,0,0,1,3.159593894,4.892433693
413,C,C2,LMH,12w,NA,NA,NA,NA,NA,NA,NA,NA,NA,NA
414,C,C2,LMH,12w,NA,NA,NA,NA,NA,NA,NA,NA,NA,NA
415,C,C2,LMH,12w,NA,NA,NA,NA,NA,NA,NA,NA,NA,NA
416,C,C2,LMH,12w,NA,NA,NA,NA,NA,NA,NA,NA,NA,NA
417,C,C2,LMH,12w,NA,NA,NA,NA,NA,NA,NA,NA,NA,NA
418,C,C2,LMH,12w,NA,NA,NA,NA,NA,0,0,1,NA,6.204159841
419,C,C2,LMH,12w,NA,NA,NA,NA,NA,NA,NA,NA,NA,NA
420,C,C2,LMH,12w,NA,NA,NA,NA,NA,NA,NA,NA,NA,NA
421,C,C2,LMH,12w,NA,NA,NA,NA,NA,NA,NA,NA,NA,NA
422,C,C2,LMH,12w,NA,NA,NA,NA,NA,NA,NA,NA,NA,NA
423,C,C2,LMH,12w,NA,400,NA,NA,NA,NA,NA,1,NA,NA
424,C,C2,LMH,12w,NA,NA,NA,NA,NA,NA,NA,NA,NA,NA
425,C,C2,LMH,12w,NA,NA,NA,NA,NA,NA,NA,NA,NA,NA
426,C,C2,LMH,12w,75.73782985,298,2,NA,NA,22,1,1,28.4066796,30.38256851
427,C,C2,LMH,12w,79.16939151,313,1,35,1,16,1,1,29.30660839,30.60677268
428,C,C2,LMH,12w,NA,NA,NA,NA,NA,NA,NA,NA,NA,NA
429,C,C2,LMH,12w,NA,NA,NA,NA,NA,NA,NA,NA,NA,NA
430,C,C2,LMH,12w,NA,NA,NA,NA,NA,NA,NA,NA,NA,NA
431,C,C2,LMH,12w,NA,NA,NA,NA,NA,NA,NA,NA,NA,NA
432,C,C2,LMH,12w,NA,NA,NA,NA,NA,NA,NA,NA,NA,NA
433,C,C2,LMH,12w,NA,NA,NA,NA,NA,NA,NA,NA,NA,NA
434,C,C2,LMH,12w,1.389290811,26.1,1,0,0,0,0,1,3.316004106,2.571146458
435,C,C2,LMH,12w,NA,NA,NA,NA,NA,28,1,1,NA,51.67334743
436,C,C2,LMH,12w,NA,NA,NA,NA,NA,NA,NA,NA,NA,NA
437,C,C2,LMH,12w,NA,NA,NA,NA,NA,0,0,1,NA,9.207598891
438,C,C2,LMH,12w,NA,NA,NA,NA,NA,NA,NA,NA,NA,NA
439,C,C2,LMH,12w,27.52820563,87.4,3,5,1,2,1,1,13.45362714,17.07046521
440,C,C2,LMH,12w,8.284536907,49.9,1,0,0,0,0,1,7.472597296,10.48736976
441,C,C2,LMH,12w,23.75829444,130,1,1,1,1,1,1,14.62351332,16.23675579
442,C,C2,LMH,12w,4.047078196,44.5,3,1,1,0,0,1,5.66234732,8.036696836
443,C,C2,LMH,12w,20.83072279,107,2,5,1,1,1,1,13.11460457,14.00294522
444,C,C2,LMH,12w,NA,NA,NA,NA,NA,NA,NA,NA,NA,NA
445,C,C2,LMH,12w,NA,NA,NA,NA,NA,NA,NA,NA,NA,NA
446,C,C2,LMH,12w,26.32976657,148,2,4,1,0,0,1,15.80351885,16.14291255
447,C,C2,LMH,12w,116.8986626,385,3,NA,NA,NA,NA,1,35.76750911,37.52390441
448,C,C2,LMH,12w,4.19096314,75.4,4,0,0,0,0,1,6.831513015,5.480424582
449,C,C2,LMH,12w,29.80240455,275,1,NA,NA,NA,NA,1,20.25560979,16.95866536
450,C,C2,MEGA,12w,NA,NA,NA,NA,NA,NA,NA,NA,NA,NA
451,C,C2,MEGA,12w,NA,NA,NA,NA,NA,NA,NA,NA,NA,NA
452,C,C2,MEGA,12w,66.19045124,38.8,5,2,1,0,0,1,13.74991156,11.08626297
453,C,C2,MEGA,12w,15.23672437,26.5,2,0,0,0,0,1,7.414056172,8.288259638
454,C,C2,MEGA,12w,6.559724001,21.8,1,0,0,0,0,1,5.242740482,8.26250393
455,C,C2,MEGA,12w,100.2874915,44.8,4,0,0,0,0,1,16.57261402,19.33100525
456,C,C2,MEGA,12w,127.441769,40.5,8,7,1,1,1,1,17.35812237,17.10049053
457,C,C2,MEGA,12w,2.1382465,25.7,1,0,0,0,0,1,3.809727139,6.564061717
458,C,C2,MEGA,12w,NA,NA,NA,NA,NA,NA,NA,NA,NA,NA
459,C,C2,MEGA,12w,NA,NA,NA,NA,NA,NA,NA,NA,NA,NA
460,C,C2,MEGA,12w,NA,NA,NA,NA,NA,NA,NA,NA,NA,NA
461,C,C2,MEGA,12w,NA,NA,NA,NA,NA,NA,NA,NA,NA,NA
462,C,C2,MEGA,12w,NA,NA,NA,NA,NA,NA,NA,NA,NA,NA
463,C,C2,MEGA,12w,68.04642564,45.5,9,0,0,6,1,1,14.63541262,15.00512401
464,C,C2,MEGA,12w,NA,NA,NA,NA,NA,0,0,NA,NA,6.033200015
465,C,C2,MEGA,12w,58.80378151,55.6,6,0,0,0,0,1,14.90407222,24.04540165
466,C,C2,MEGA,12w,NA,NA,NA,NA,NA,NA,NA,NA,NA,NA
467,C,C2,MEGA,12w,NA,NA,NA,NA,NA,NA,NA,NA,NA,NA
468,C,C2,MEGA,12w,NA,NA,NA,NA,NA,NA,NA,NA,NA,NA
469,C,C2,MEGA,12w,58.49402048,147.1,2,1,1,1,1,1,20.58746787,24.81341172
470,C,C2,MEGA,12w,NA,NA,NA,NA,NA,NA,NA,NA,NA,NA
471,C,C2,MEGA,12w,NA,NA,NA,NA,NA,NA,NA,NA,NA,NA
472,C,C2,MEGA,12w,24.49578332,88.9,2,0,0,0,0,1,13.01322649,15.18154791
473,C,C2,MEGA,12w,NA,NA,NA,NA,NA,NA,NA,NA,NA,NA
474,C,C2,MEGA,12w,63.19384309,119.3,11,1,1,5,1,1,19.6986757,24.94743657
475,C,C2,MESO,12w,36.04490623,69.5,3,1,1,7,1,1,13.63624779,19.31647684
476,C,C2,MESO,12w,43.47461578,63.9,2,0,0,0,0,1,14.11520971,13.82029309
477,C,C2,MESO,12w,47.53559552,73,2,2,1,NA,NA,1,15.20333486,NA
478,C,C2,MESO,12w,88.58066062,74,7,0,0,4,1,1,18.79998603,22.01195491
479,C,C2,MESO,12w,51.41632639,79.9,4,2,1,3,1,1,16.08466386,21.27714757
480,C,C2,MESO,12w,NA,NA,NA,NA,NA,NA,NA,NA,NA,NA
481,C,C2,MESO,12w,40.03928421,33.5,2,0,0,0,0,1,11.06935992,13.39988313
482,C,C2,MESO,12w,NA,NA,NA,NA,NA,NA,NA,NA,NA,NA
483,C,C2,MESO,12w,44.04088785,213,3,2,1,5,1,1,21.18976359,18.92628519
484,C,C2,MESO,12w,NA,NA,NA,NA,NA,NA,NA,NA,NA,NA
485,C,C2,MESO,12w,35.46732442,285,1,6,1,19,1,1,21.72477921,24.11504998
486,C,C2,MESO,12w,45.44541539,51.5,6,3,1,0,0,1,13.33017536,15.96717967
487,C,C2,MESO,12w,23.84476678,33.3,3,0,0,0,0,1,9.291957334,11.88379844
488,C,C2,MESO,12w,14.32008617,96.5,1,3,1,0,0,1,11.18003399,10.17896649
489,C,C2,MESO,12w,67.18397991,156.9,3,0,0,0,0,1,22.03111895,29.32563629
490,C,C2,MESO,12w,29.80240455,123,2,1,1,0,0,1,15.48422035,15.35771069
491,C,C2,MESO,12w,34.00491304,78.4,1,1,1,0,0,1,13.92254058,17.18992707
492,C,C2,MESO,12w,27.8985994,107.3,1,0,0,3,1,1,14.47168931,17.37963449
493,C,C2,MESO,12w,NA,NA,NA,NA,NA,NA,NA,NA,NA,NA
494,C,C2,MESO,12w,7.54767635,56.9,1,0,0,0,0,1,7.568312055,9.129947709
495,C,C2,MESO,12w,NA,NA,NA,NA,NA,NA,NA,NA,NA,NA
496,C,C2,MESO,12w,15.85663914,34.5,2,0,0,0,0,1,8.205179934,10.22947893
497,C,C2,MESO,12w,1.246898124,24.6,1,0,0,0,0,1,3.135848489,2.782039028
498,C,C2,MESO,12w,25.24968702,117.1,3,1,1,3,1,1,14.41208185,20.81147017
499,C,C2,MESO,12w,18.39842322,113,2,3,1,3,1,1,12.8133669,19.08684002
500,C,C2,MESO,12w,NA,NA,NA,NA,NA,NA,NA,NA,NA,NA
501,C,C3,CONT,12w,NA,NA,NA,NA,NA,NA,NA,NA,NA,NA
502,C,C3,CONT,12w,NA,NA,NA,NA,NA,NA,NA,NA,NA,NA
503,C,C3,CONT,12w,NA,NA,NA,NA,NA,NA,NA,NA,NA,NA
504,C,C3,CONT,12w,NA,NA,NA,NA,NA,NA,NA,NA,NA,NA
505,C,C3,CONT,12w,NA,NA,NA,NA,NA,NA,NA,NA,NA,NA
506,C,C3,CONT,12w,16.62365899,32.2,3,0,0,NA,NA,0,8.145804655,12.39059066
507,C,C3,CONT,12w,NA,NA,NA,NA,NA,NA,NA,NA,NA,NA
508,C,C3,CONT,12w,NA,NA,NA,NA,NA,NA,NA,NA,NA,NA
509,C,C3,CONT,12w,NA,NA,NA,NA,NA,NA,NA,NA,NA,NA
510,C,C3,CONT,12w,8.972702778,23.6,2,0,0,0,0,1,5.976918293,6.931310672
511,C,C3,CONT,12w,NA,NA,NA,NA,NA,NA,NA,NA,NA,NA
512,C,C3,CONT,12w,NA,NA,NA,NA,NA,NA,NA,NA,NA,NA
513,C,C3,CONT,12w,NA,NA,NA,NA,NA,NA,NA,NA,NA,NA
514,C,C3,CONT,12w,NA,NA,NA,NA,NA,NA,NA,NA,NA,NA
515,C,C3,CONT,12w,1.985565097,26.9,1,0,0,0,0,1,3.773717122,4.15554691
516,C,C3,CONT,12w,NA,NA,NA,NA,NA,0,0,1,NA,6.436435619
517,C,C3,CONT,12w,NA,NA,NA,NA,NA,NA,NA,NA,NA,NA
518,C,C3,CONT,12w,0.950331778,20.6,1,0,0,0,0,1,2.699272153,3.598772904
519,C,C3,CONT,12w,2.86521104,31,1,0,0,0,0,1,4.472089634,8.266565138
520,C,C3,CONT,12w,NA,NA,NA,NA,NA,NA,NA,NA,NA,NA
521,C,C3,CONT,12w,2.216707776,23.9,1,0,0,0,0,1,3.763490591,7.299365331
522,C,C3,CONT,12w,51.5299735,42.9,5,1,1,0,0,1,13.07865421,NA
523,C,C3,CONT,12w,NA,NA,NA,NA,NA,0,0,1,NA,10.10853467
524,C,C3,CONT,12w,NA,NA,NA,NA,NA,NA,NA,NA,NA,NA
525,C,C3,CONT,12w,126.8764394,167,3,18,1,3,1,1,27.81393552,20.78165737
526,C,C3,CONT,12w,100.6428056,55.4,2,2,1,0,0,1,17.81128511,16.98478099
527,C,C3,CONT,12w,8.295768101,60.4,1,0,0,NA,NA,NA,7.96812648,NA
528,C,C3,CONT,12w,NA,NA,NA,NA,NA,0,0,1,NA,17.057351
529,C,C3,CONT,12w,28.3686602,131,2,0,0,0,0,1,15.55524944,18.76628653
530,C,C3,CONT,12w,NA,NA,NA,NA,NA,0,0,NA,NA,20.18455266
531,C,C3,CONT,12w,265.0727441,50.3,6,0,0,0,0,1,23.82889765,19.39189408
532,C,C3,CONT,12w,40.03928421,72,12,0,0,NA,NA,1,14.29079387,21.29092704
533,C,C3,CONT,12w,175.4875592,124.2,5,0,0,NA,NA,1,28.07753176,32.42558917
534,C,C3,CONT,12w,996.6766311,114,14,14,1,0,0,1,48.72579828,NA
535,C,C3,CONT,12w,NA,NA,NA,NA,NA,NA,NA,NA,NA,NA
536,C,C3,CONT,12w,57.89067761,65.5,6,0,0,8,1,1,15.6601081,18.88804443
537,C,C3,LMH,12w,75.84770706,158.9,3,48,1,18,1,1,23.03876022,21.61896119
538,C,C3,LMH,12w,NA,NA,NA,NA,NA,NA,NA,NA,NA,NA
539,C,C3,LMH,12w,NA,NA,NA,NA,NA,NA,NA,NA,NA,NA
540,C,C3,LMH,12w,NA,NA,NA,NA,NA,NA,NA,NA,NA,NA
541,C,C3,LMH,12w,NA,NA,NA,NA,NA,NA,NA,NA,NA,NA
542,C,C3,LMH,12w,NA,NA,NA,NA,NA,NA,NA,NA,NA,NA
543,C,C3,LMH,12w,36.74532431,180.2,2,2,1,4,1,1,18.86348219,23.27264641
544,C,C3,LMH,12w,1.112202339,9.6,0,0,0,0,0,1,2.204694811,2.252668035
545,C,C3,LMH,12w,49.8891982,164.5,2,1,1,1,1,1,20.26477413,17.98561058
546,C,C3,LMH,12w,NA,NA,NA,NA,NA,NA,NA,NA,NA,NA
547,C,C3,LMH,12w,NA,NA,NA,NA,NA,NA,NA,NA,NA,NA
548,C,C3,LMH,12w,26.69481964,500,1,NA,NA,10,1,1,23.83739738,28.06128125
549,C,C3,LMH,12w,NA,NA,NA,NA,NA,NA,NA,NA,NA,NA
550,C,C3,LMH,12w,34.95226031,80.6,13,0,0,3,1,1,14.18126692,19.1803235
551,C,C3,LMH,12w,3.36535259,38.5,1,0,0,0,0,1,5.072857771,6.572037324
552,C,C3,LMH,12w,NA,NA,NA,NA,NA,NA,NA,NA,NA,NA
553,C,C3,LMH,12w,28.3686602,136.6,1,1,1,5,1,1,15.77415674,14.91247704
554,C,C3,LMH,12w,53.58583173,123.2,2,1,1,2,1,1,18.84469599,20.29607041
555,C,C3,LMH,12w,10.00982105,103.9,1,0,0,2,1,1,10.16800626,10.3841704
556,C,C3,LMH,12w,63.75870144,181,2,2,1,1,1,1,22.70735854,25.90299671
557,C,C3,LMH,12w,75.73782985,107.7,1,1,1,3,1,1,20.22363023,17.80163148
558,C,C3,LMH,12w,NA,NA,NA,NA,NA,4,1,1,NA,29.01165885
559,C,C3,LMH,12w,0.801184666,23.6,1,0,0,0,0,1,2.668125652,3.348104983
560,C,C3,LMH,12w,42.89224304,240,1,2,1,1,1,1,21.85739276,22.58971965
561,C,C3,LMH,12w,158.2829412,306,3,NA,NA,27,1,1,36.65502789,50.1792155
562,C,C3,LMH,12w,5.391287153,94.5,1,0,0,0,0,1,8.012539617,8.927066016
563,C,C3,LMH,12w,0.785398163,5,NA,NA,NA,NA,NA,NA,1.578796591,NA
564,C,C3,LMH,12w,1.093588403,10.6,0,0,0,0,0,1,2.266044631,2.514655405
565,C,C3,MEGA,12w,NA,NA,NA,NA,NA,9,1,1,NA,24.07161028
566,C,C3,MEGA,12w,35.54877021,67.4,7,1,1,0,0,1,13.43497422,17.48855113
567,C,C3,MEGA,12w,NA,NA,NA,NA,NA,NA,NA,NA,NA,NA
568,C,C3,MEGA,12w,NA,NA,NA,NA,NA,NA,NA,NA,NA,NA
569,C,C3,MEGA,12w,NA,NA,NA,NA,NA,NA,NA,NA,NA,NA
570,C,C3,MEGA,12w,6.334707427,45.8,4,0,0,5,1,1,6.639469761,10.45018169
571,C,C3,MEGA,12w,NA,120.7,NA,1,1,0,0,1,NA,15.51037709
572,C,C3,MEGA,12w,NA,NA,NA,NA,NA,NA,NA,NA,NA,NA
573,C,C3,MEGA,12w,NA,NA,NA,NA,NA,NA,NA,NA,NA,NA
574,C,C3,MEGA,12w,18.55079046,104.2,1,1,1,0,0,1,12.50558431,20.23021899
575,C,C3,MEGA,12w,NA,NA,NA,NA,NA,NA,NA,NA,NA,NA
576,C,C3,MEGA,12w,NA,NA,NA,NA,NA,0,0,NA,NA,10.50977284
577,C,C3,MEGA,12w,17.86199627,95.7,2,9,1,4,1,1,12.00274003,15.75953619
578,C,C3,MEGA,12w,NA,NA,NA,NA,NA,NA,NA,NA,NA,NA
579,C,C3,MEGA,12w,NA,NA,NA,NA,NA,NA,NA,NA,NA,NA
580,C,C3,MEGA,12w,2.37787148,25.4,1,0,0,0,0,1,3.931806072,5.434102139
581,C,C3,MEGA,12w,NA,NA,NA,NA,NA,NA,NA,NA,NA,NA
582,C,C3,MEGA,12w,NA,NA,NA,NA,NA,NA,NA,NA,NA,NA
583,C,C3,MEGA,12w,NA,NA,NA,NA,NA,NA,NA,NA,NA,NA
584,C,C3,MEGA,12w,14.86169675,62.1,2,0,0,0,0,1,9.770462143,11.66370516
585,C,C3,MEGA,12w,42.42571653,66.3,2,6,1,2,1,1,14.17399112,22.50508193
586,C,C3,MEGA,12w,9.953822164,99,1,0,0,0,0,1,9.986611101,8.927066016
587,C,C3,MEGA,12w,8.709201694,15.9,1,0,0,0,0,1,5.186753777,5.370849148
588,C,C3,MEGA,12w,51.02229213,263,1,NA,NA,6,1,1,23.87992386,26.46176419
589,C,C3,MEGA,12w,NA,NA,NA,NA,NA,2,1,1,NA,14.95101293
590,C,C3,MEGA,12w,5.68321965,58.7,1,0,0,0,0,1,6.956297648,12.68557769
591,C,C3,MEGA,12w,NA,NA,NA,NA,NA,49,1,1,NA,36.95374849
592,C,C3,MEGA,12w,NA,NA,NA,NA,NA,NA,NA,NA,NA,NA
593,C,C3,MEGA,12w,19.16654262,112,1,0,0,0,0,1,12.95104104,15.85422082
594,C,C3,MEGA,12w,NA,NA,NA,NA,NA,0,0,NA,NA,6.267083675
595,C,C3,MEGA,12w,NA,NA,NA,NA,NA,NA,NA,NA,NA,NA
596,C,C3,MEGA,12w,14.93010493,136.4,1,0,0,2,1,1,12.72520222,13.20026016
597,C,C3,MESO,12w,17.72054606,91.1,2,3,1,0,0,1,11.77566496,16.66352404
598,C,C3,MESO,12w,NA,82.9,4,4,1,2,1,1,NA,16.89588439
599,C,C3,MESO,12w,28.09942571,73.9,2,0,0,2,1,1,12.80827391,14.16596298
600,C,C3,MESO,12w,117.6982765,70.4,9,2,1,2,1,1,20.32984321,24.27414374
601,C,C3,MESO,12w,NA,NA,NA,NA,NA,NA,NA,NA,NA,NA
602,C,C3,MESO,12w,NA,NA,NA,NA,NA,NA,NA,NA,NA,NA
603,C,C3,MESO,12w,86.21826148,56.5,6,0,0,4,1,1,17.02616205,20.63873226
604,C,C3,MESO,12w,NA,NA,NA,NA,NA,NA,NA,NA,NA,1.620540479
605,C,C3,MESO,12w,65.81840813,111.9,5,0,0,0,0,1,19.54575968,22.56547539
606,C,C3,MESO,12w,51.1713607,58.1,6,0,0,0,0,1,14.43858674,17.6089804
607,C,C3,MESO,12w,NA,NA,NA,NA,NA,0,0,NA,NA,11.42382751
608,C,C3,MESO,12w,7.021538121,22.4,4,0,0,0,0,1,5.41201603,6.714704717
609,C,C3,MESO,12w,30.08750408,55.9,3,0,0,2,1,1,11.93792322,16.77217999
610,C,C3,MESO,12w,NA,NA,NA,NA,NA,NA,NA,NA,NA,NA
611,C,C3,MESO,12w,NA,NA,NA,NA,NA,NA,NA,NA,NA,NA
612,C,C3,MESO,12w,46.20411001,54.9,13,1,1,1,1,1,13.6932256,14.24024354
613,C,C3,MESO,12w,NA,NA,NA,NA,NA,NA,NA,NA,NA,NA
614,C,C3,MESO,12w,NA,NA,NA,NA,NA,NA,NA,NA,NA,NA
615,C,C3,MESO,12w,9.731397404,54.6,1,1,1,0,0,1,8.125700046,9.318829734
616,C,C3,MESO,12w,59.46547946,138.1,7,2,1,11,1,1,20.26923264,22.66681214
617,C,C3,MESO,12w,20.41014207,42,3,0,0,0,0,1,9.532577664,11.03917781
618,C,C3,MESO,12w,21.08566303,35,2,0,0,0,0,1,9.067693298,NA
619,C,C3,MESO,12w,22.16534989,46.7,3,0,0,1,1,1,10.15199242,14.1226885
620,C,C3,MESO,12w,44.76997297,21.9,4,0,0,0,0,1,9.969781308,NA
621,C,C3,MESO,12w,27.24711162,60.6,NA,NA,NA,0,0,1,11.86468912,11.83245409
622,C,C3,MESO,12w,NA,NA,NA,NA,NA,2,1,NA,NA,10.54166712
623,C,C3,MESO,12w,NA,NA,NA,NA,NA,NA,NA,NA,NA,NA
624,N,N1,CONT,12w,NA,NA,NA,NA,NA,NA,NA,NA,NA,NA
625,N,N1,CONT,12w,NA,NA,NA,NA,NA,NA,NA,NA,NA,NA
626,N,N1,CONT,12w,NA,NA,NA,NA,NA,4,1,NA,NA,14.0052173
627,N,N1,CONT,12w,NA,NA,NA,NA,NA,NA,NA,NA,NA,NA
628,N,N1,CONT,12w,2.955924528,43.7,1,0,0,NA,NA,1,5.067726475,NA
629,N,N1,CONT,12w,41.39645224,188,2,0,0,33,1,1,19.90884508,25.93095139
630,N,N1,CONT,12w,43.24119544,59.4,8,0,0,16,1,1,13.75051479,17.66717705
631,N,N1,CONT,12w,35.78470382,162.3,1,1,1,27,1,1,18.05561173,20.41466942
632,N,N1,CONT,12w,NA,NA,NA,NA,NA,0,0,1,NA,6.173949253
633,N,N1,CONT,12w,NA,NA,NA,NA,NA,0,0,NA,NA,11.8917572
634,N,N1,CONT,12w,NA,NA,NA,NA,NA,0,0,NA,NA,9.646837977
635,N,N1,CONT,12w,57.41456924,92.5,5,0,0,NA,NA,1,17.52433227,NA
636,N,N1,CONT,12w,NA,NA,NA,NA,NA,0,0,NA,NA,8.199545027
637,N,N1,CONT,12w,84.86352819,83.4,5,0,0,29,1,1,19.28768923,18.47943158
638,N,N1,CONT,12w,NA,NA,NA,NA,NA,NA,NA,1,NA,NA
639,N,N1,CONT,12w,NA,NA,NA,NA,NA,4,1,1,NA,14.53448863
640,N,N1,CONT,12w,5.067074791,38.7,2,0,0,NA,NA,1,5.825561403,NA
641,N,N1,CONT,12w,NA,NA,NA,NA,NA,NA,NA,NA,NA,NA
642,N,N1,CONT,12w,34.00491304,100.9,6,0,0,8,1,1,15.14607173,15.72880161
643,N,N1,CONT,12w,NA,NA,NA,NA,NA,NA,NA,NA,NA,NA
644,N,N1,CONT,12w,32.37128486,56.4,5,0,0,5,1,1,12.26951823,16.46272876
645,N,N1,CONT,12w,NA,NA,NA,NA,NA,NA,NA,NA,NA,NA
646,N,N1,CONT,12w,6.605198554,39.5,2,0,0,1,1,1,6.408257296,8.139929374
647,N,N1,CONT,12w,3.204738666,30.8,1,0,0,0,0,1,4.632432819,4.211514279
648,N,N1,CONT,12w,5.768042652,36.8,3,0,0,2,1,1,5.981703118,7.233381495
649,N,N1,CONT,12w,3.236547292,28.2,2,0,0,0,0,1,4.512884035,4.330262621
650,N,N1,CONT,12w,4.675946506,26.5,3,0,0,NA,NA,1,4.997859778,5.351940793
651,N,N1,CONT,12w,5.768042652,39.4,3,0,0,0,0,1,6.119598623,5.081563308
652,N,N1,CONT,12w,NA,NA,NA,NA,NA,0,0,NA,NA,4.301953839
653,N,N1,CONT,12w,48.47807332,44.1,8,0,0,0,0,1,12.93335334,13.05184665
654,N,N1,CONT,12w,3.397946614,22.9,1,0,0,1,1,1,4.278834139,6.989028757
655,N,N1,CONT,12w,5.557163245,37.5,3,0,0,0,0,1,5.945067388,7.836942422
656,N,N1,CONT,12w,NA,NA,NA,NA,NA,NA,NA,NA,NA,NA
657,N,N1,CONT,12w,2.986476516,21.9,1,0,0,0,0,1,4.037727037,5.469272095
658,N,N1,CONT,12w,NA,NA,NA,NA,NA,NA,NA,NA,NA,NA
659,N,N1,CONT,12w,NA,NA,NA,NA,NA,0,0,NA,NA,12.81873982
660,N,N1,CONT,12w,NA,NA,NA,NA,NA,0,0,NA,NA,9.554021714
661,N,N1,CONT,12w,NA,NA,NA,NA,NA,0,0,NA,NA,5.761372267
662,N,N1,CONT,12w,NA,NA,NA,NA,NA,0,0,NA,NA,8.524508685
663,N,N1,CONT,12w,39.7035265,91,3,0,0,0,0,1,15.40957953,12.47074252
664,N,N1,CONT,12w,12.00724566,76,2,0,0,0,0,1,9.73370642,12.29407963
665,N,N1,CONT,12w,8.761587752,70.4,2,0,0,0,0,1,8.540632935,11.31907278
666,N,N1,CONT,12w,4.486272849,78,1,0,0,0,0,1,7.068133858,9.128788233
667,N,N1,CONT,12w,16.25970548,96,2,NA,NA,1,1,1,11.64413912,14.50978443
668,N,N1,CONT,12w,15.55284713,82,5,1,1,0,0,1,10.88450703,12.49405908
669,N,N1,CONT,12w,NA,NA,NA,NA,NA,NA,NA,NA,NA,NA
670,N,N1,CONT,12w,NA,NA,NA,NA,NA,2,1,NA,NA,21.2681075
671,N,N1,CONT,12w,1.886919088,14,1,0,0,0,0,1,2.98327556,3.697999939
672,N,N1,LMH,12w,NA,NA,NA,NA,NA,1,1,1,NA,16.41466409
673,N,N1,LMH,12w,NA,NA,NA,NA,NA,NA,NA,NA,NA,NA
674,N,N1,LMH,12w,NA,NA,NA,NA,NA,NA,NA,NA,NA,NA
675,N,N1,LMH,12w,45.60367312,216.5,1,3,1,NA,NA,0,21.55484569,19.94278854
676,N,N1,LMH,12w,NA,NA,NA,NA,NA,NA,NA,NA,NA,NA
677,N,N1,LMH,12w,NA,NA,NA,NA,NA,NA,NA,NA,NA,NA
678,N,N1,LMH,12w,NA,NA,NA,NA,NA,NA,NA,NA,NA,NA
679,N,N1,LMH,12w,NA,NA,NA,NA,NA,NA,NA,NA,NA,NA
680,N,N1,LMH,12w,94.17120329,187.1,1,9,1,NA,NA,0,26.15286687,23.55529559
681,N,N1,LMH,12w,28.18016464,161,1,2,1,4,1,1,16.62677718,19.27597634
682,N,N1,LMH,12w,NA,NA,NA,NA,NA,NA,NA,NA,NA,NA
683,N,N1,LMH,12w,NA,NA,NA,NA,NA,NA,NA,0,NA,NA
684,N,N1,LMH,12w,15.06739253,94.5,1,0,0,2,1,1,11.29229319,12.37357014
685,N,N1,LMH,12w,53.4561625,201,1,0,0,5,1,1,22.17222232,23.74748223
686,N,N1,LMH,12w,NA,NA,NA,NA,NA,NA,NA,1,NA,NA
687,N,N1,LMH,12w,NA,NA,NA,NA,NA,NA,NA,NA,NA,NA
688,N,N1,LMH,12w,NA,NA,NA,NA,NA,NA,NA,NA,NA,NA
689,N,N1,LMH,12w,52.42446347,307,2,NA,NA,0,0,1,25.37420958,21.82459798
690,N,N1,LMH,12w,NA,NA,NA,NA,NA,1,1,1,NA,16.49628444
691,N,N1,LMH,12w,11.34114948,74.2,1,0,0,NA,NA,0,9.473884768,11.10305479
692,N,N1,LMH,12w,NA,NA,NA,NA,NA,NA,NA,NA,NA,NA
693,N,N1,LMH,12w,NA,NA,NA,NA,NA,NA,NA,NA,NA,NA
694,N,N1,LMH,12w,NA,NA,NA,NA,NA,NA,NA,NA,NA,NA
695,N,N1,LMH,12w,NA,NA,NA,NA,NA,NA,NA,NA,NA,NA
696,N,N1,LMH,12w,NA,NA,NA,NA,NA,NA,NA,NA,NA,NA
697,N,N1,LMH,12w,20.18858125,53.8,3,0,0,5,1,1,10.31638618,15.15020697
698,N,N1,LMH,12w,11.52092712,58.1,1,0,0,10,1,1,8.77696546,12.8706846
699,N,N1,LMH,12w,NA,NA,NA,NA,NA,NA,NA,NA,NA,NA
700,N,N1,LMH,12w,NA,NA,NA,NA,NA,NA,NA,NA,NA,NA
701,N,N1,LMH,12w,NA,NA,NA,NA,NA,NA,NA,NA,NA,NA
702,N,N1,LMH,12w,NA,NA,NA,NA,NA,NA,NA,NA,NA,NA
703,N,N1,LMH,12w,NA,NA,NA,NA,NA,NA,NA,NA,NA,NA
704,N,N1,LMH,12w,6.834927517,56,1,0,0,2,1,1,7.282917499,9.493186587
705,N,N1,LMH,12w,NA,NA,NA,NA,NA,NA,NA,NA,NA,NA
706,N,N1,LMH,12w,NA,NA,NA,NA,NA,NA,NA,NA,NA,NA
707,N,N1,LMH,12w,NA,NA,NA,NA,NA,NA,NA,NA,NA,NA
708,N,N1,LMH,12w,NA,NA,NA,NA,NA,NA,NA,NA,NA,NA
709,N,N1,LMH,12w,42.83702955,96.9,4,0,0,1,1,1,16.14034229,15.78084628
710,N,N1,LMH,12w,NA,NA,NA,NA,NA,0,0,NA,NA,4.383054654
711,N,N1,LMH,12w,NA,NA,NA,NA,NA,NA,NA,NA,NA,NA
712,N,N1,LMH,12w,19.13677603,132.8,2,0,0,3,1,1,13.7017955,18.32116276
713,N,N1,LMH,12w,NA,NA,NA,NA,NA,NA,NA,NA,NA,NA
714,N,N1,LMH,12w,NA,NA,NA,NA,NA,NA,NA,NA,NA,NA
715,N,N1,LMH,12w,NA,NA,NA,NA,NA,NA,NA,NA,NA,NA
716,N,N1,LMH,12w,39.81528865,245,1,NA,NA,NA,NA,1,21.4681667,20.29328912
717,N,N1,LMH,12w,NA,NA,NA,NA,NA,NA,NA,0,NA,NA
718,N,N1,LMH,12w,198.0749035,138.7,5,58,1,73,1,1,30.33356209,35.2498191
719,N,N1,LMH,12w,NA,NA,NA,NA,NA,62,1,NA,NA,42.0278827
720,N,N1,LMH,12w,NA,NA,NA,NA,NA,0,0,NA,NA,5.82282601
721,N,N1,LMH,12w,NA,NA,NA,NA,NA,NA,NA,NA,NA,NA
722,N,N1,LMH,12w,NA,NA,NA,NA,NA,NA,NA,NA,NA,NA
723,N,N1,LMH,12w,NA,NA,NA,NA,NA,NA,NA,NA,NA,NA
724,N,N1,LMH,12w,75.73782985,323,1,NA,NA,NA,NA,1,29.18102839,35.9801778
725,N,N1,LMH,12w,49.63912742,160.9,1,1,1,0,0,1,20.08190652,21.91251943
726,N,N1,LMH,12w,6.92791866,66,1,0,0,0,0,1,7.72835012,10.3606508
727,N,N1,LMH,12w,18.4745283,264,1,NA,NA,NA,NA,1,17.0330947,18.85928806
728,N,N1,LMH,12w,NA,NA,NA,NA,NA,NA,NA,NA,NA,NA
729,N,N1,LMH,12w,NA,NA,NA,NA,NA,NA,NA,NA,NA,NA
730,N,N1,LMH,12w,NA,NA,NA,NA,NA,NA,NA,NA,NA,NA
731,N,N1,LMH,12w,NA,NA,NA,NA,NA,NA,NA,NA,NA,NA
732,N,N1,LMH,12w,NA,NA,NA,NA,NA,NA,NA,NA,NA,NA
733,N,N1,LMH,12w,NA,NA,NA,NA,NA,NA,NA,NA,NA,NA
734,N,N1,MEGA,12w,NA,NA,NA,NA,NA,NA,NA,NA,NA,NA
735,N,N1,MEGA,12w,NA,NA,NA,NA,NA,NA,NA,NA,NA,NA
736,N,N1,MEGA,12w,3.110255267,30.8,2,0,0,0,0,1,4.586382114,5.657804161
737,N,N1,MEGA,12w,21.56514861,102.5,3,0,0,3,1,1,13.07824311,15.47079735
738,N,N1,MEGA,12w,1.149901451,18.7,NA,NA,NA,0,0,1,2.785186426,3.703421041
739,N,N1,MEGA,12w,77.11706757,220,6,NA,NA,NA,NA,1,25.82485747,28.6005426
740,N,N1,MEGA,12w,34.31569509,71.2,4,2,1,0,0,1,13.52292538,16.53831344
741,N,N1,MEGA,12w,119.7431392,194.8,3,0,0,50,1,1,28.72089746,28.77070379
742,N,N1,MEGA,12w,NA,NA,NA,NA,NA,3,1,NA,NA,15.50837003
743,N,N1,MEGA,12w,39.92720789,118.5,4,1,1,NA,NA,0,16.8612628,8.670367487
744,N,N1,MEGA,12w,NA,NA,NA,NA,NA,NA,NA,NA,NA,15.08010232
745,N,N1,MEGA,12w,52.42446347,130.5,1,2,1,0,0,1,19.07033803,21.1868097
746,N,N1,MEGA,12w,3.204738666,44.5,2,0,0,0,0,1,5.237949065,8.648124806
747,N,N1,MEGA,12w,NA,NA,NA,NA,NA,NA,NA,NA,NA,NA
748,N,N1,MEGA,12w,7.306166415,95.5,2,0,0,1,1,1,8.899456258,9.834400995
749,N,N1,MEGA,12w,35.36184545,161.8,5,0,0,15,1,1,17.96558455,25.23609471
750,N,N1,MEGA,12w,37.71866826,153.1,2,0,0,2,1,1,18.02116202,17.02963186
751,N,N1,MEGA,12w,4.752915526,34.5,1,0,0,1,1,1,5.487839169,10.21943002
752,N,N1,MEGA,12w,NA,NA,NA,NA,NA,0,0,NA,NA,13.14488568
753,N,N1,MEGA,12w,3.801327111,54.1,3,0,0,0,0,1,5.9188388,6.465603093
754,N,N1,MEGA,12w,3.300635782,40.8,2,0,0,0,0,1,5.138663157,5.610050473
755,N,N1,MEGA,12w,NA,NA,NA,NA,NA,NA,NA,1,NA,NA
756,N,N1,MEGA,12w,NA,NA,NA,NA,NA,NA,NA,NA,NA,NA
757,N,N1,MEGA,12w,8.092821215,74.9,4,0,0,0,0,1,8.491053607,10.1223982
758,N,N1,MEGA,12w,NA,NA,NA,NA,NA,NA,NA,NA,NA,NA
759,N,N1,MEGA,12w,NA,NA,NA,NA,NA,NA,NA,NA,NA,NA
760,N,N1,MEGA,12w,7.743711732,43.6,3,0,0,0,0,1,6.984176615,8.231868845
761,N,N1,MEGA,12w,NA,NA,NA,NA,NA,NA,NA,NA,NA,NA
762,N,N1,MEGA,12w,NA,NA,NA,NA,NA,NA,NA,NA,NA,NA
763,N,N1,MEGA,12w,NA,NA,NA,NA,NA,NA,NA,NA,NA,NA
764,N,N1,MEGA,12w,NA,NA,NA,NA,NA,NA,NA,NA,NA,NA
765,N,N1,MEGA,12w,NA,NA,NA,NA,NA,NA,NA,NA,NA,NA
766,N,N1,MEGA,12w,6.469246132,50.4,3,0,0,0,0,1,6.903302716,10.34849393
767,N,N1,MEGA,12w,NA,NA,NA,NA,NA,NA,NA,NA,NA,NA
768,N,N1,MEGA,12w,NA,NA,NA,NA,NA,NA,NA,NA,NA,NA
769,N,N1,MEGA,12w,27.3695552,71.4,3,1,1,4,1,1,12.55119375,16.16982025
770,N,N1,MEGA,12w,59.85747169,83.8,7,1,1,16,1,1,17.19339111,18.86026883
771,N,N1,MEGA,12w,103.1475974,179,3,18,1,33,1,1,26.5645945,27.06667456
772,N,N1,MESO,12w,458.8208891,318,4,21,1,84,1,1,52.96862185,52.9291489
773,N,N1,MESO,12w,217.2072813,227,4,13,1,3,1,1,36.87390332,33.47427905
774,N,N1,MESO,12w,NA,NA,NA,NA,NA,NA,NA,NA,NA,NA
775,N,N1,MESO,12w,NA,NA,NA,NA,NA,NA,NA,NA,NA,NA
776,N,N1,MESO,12w,NA,NA,NA,NA,NA,NA,NA,NA,NA,NA
777,N,N1,MESO,12w,NA,NA,NA,NA,NA,NA,NA,NA,NA,NA
778,N,N1,MESO,12w,NA,NA,NA,NA,NA,NA,NA,NA,NA,NA
779,N,N1,MESO,12w,NA,NA,NA,NA,NA,NA,NA,NA,NA,NA
780,N,N1,MESO,12w,NA,NA,NA,NA,NA,NA,NA,1,NA,46.59875346
781,N,N1,MESO,12w,52.93905635,280,1,NA,NA,47,1,1,24.68660605,NA
782,N,N1,MESO,12w,506.7074791,299,1,208.6666667,1,86,1,1,53.63889706,52.99054138
783,N,N1,MESO,12w,NA,NA,NA,NA,NA,NA,NA,NA,NA,NA
784,N,N1,MESO,12w,160.1571368,123.5,1,17,1,0,0,1,27.18226483,49.66661478
785,N,N1,MESO,12w,248.2866648,240,1,77,1,18,1,1,39.28104055,42.26413716
786,N,N1,MESO,12w,NA,NA,NA,NA,NA,NA,NA,NA,NA,NA
787,N,N1,MESO,12w,NA,NA,NA,NA,NA,NA,NA,NA,NA,NA
788,N,N1,MESO,12w,342.1252519,315,5,NA,NA,NA,NA,1,47.87322061,46.37492129
789,N,N1,MESO,12w,65.38643914,153.2,3,2,1,1,1,1,21.65929928,33.52816314
790,N,N1,MESO,12w,NA,NA,NA,NA,NA,NA,NA,NA,NA,NA
791,N,N1,MESO,12w,NA,NA,NA,NA,NA,2,1,1,NA,18.46557176
792,N,N1,MESO,12w,169.0246748,235,1,6,1,0,0,1,34.30651722,36.95027597
793,N,N1,MESO,12w,NA,NA,NA,NA,NA,NA,NA,NA,NA,NA
794,N,N1,MESO,12w,27.15467026,189,1,2,1,0,0,1,17.32532214,18.47527337
795,N,N1,MESO,12w,16.54684705,89.2,1,0,0,0,0,1,11.42861469,11.92249724
796,N,N1,MESO,12w,104.2305044,311,1,NA,NA,0,0,1,32.05606574,36.04817089
797,N,N1,MESO,12w,58.62965874,302,1,NA,NA,10,1,1,26.19577207,35.7132511
798,N,N1,MESO,12w,NA,NA,NA,NA,NA,0,0,1,NA,22.01683136
799,N,N1,MESO,12w,NA,NA,NA,NA,NA,3,1,1,NA,19.24451735
800,N,N1,MESO,12w,362.0084704,206,3,8,1,4,1,1,42.33572225,50.95230909
801,N,N1,MESO,12w,NA,NA,NA,NA,NA,NA,NA,NA,NA,37.9145759
802,N,N1,MESO,12w,NA,NA,NA,NA,NA,0,0,NA,NA,6.251131928
803,N,N1,MESO,12w,38.04594367,139.8,1,2,1,0,0,1,17.53311351,21.4014837
804,N,N1p,CONT,12w,NA,NA,NA,NA,NA,NA,NA,NA,NA,NA
805,N,N1p,CONT,12w,6.97464985,41.2,2,0,0,10,1,1,6.618208452,16.05146958
806,N,N1p,CONT,12w,47.17297719,78.7,3,0,0,18,1,1,15.54996388,17.72501772
807,N,N1p,CONT,12w,NA,NA,NA,NA,NA,1,1,1,NA,16.13580917
808,N,N1p,CONT,12w,13.7885287,74,2,0,0,6,1,1,10.10339795,16.3830384
809,N,N1p,CONT,12w,NA,NA,NA,NA,NA,0,0,NA,NA,9.169220787
810,N,N1p,CONT,12w,28.93791679,110.6,1,0,0,24,1,1,14.79838387,18.10455638
811,N,N1p,CONT,12w,25.07187287,83.5,2,0,0,21,1,1,12.84309072,16.92396814
812,N,N1p,CONT,12w,34.94150035,59.6,4,1,1,13,1,1,12.82054708,15.50191741
813,N,N1p,CONT,12w,93.65590355,72.9,4,4,1,14,1,1,19.05741523,24.92116515
814,N,N1p,CONT,12w,36.46148142,67.3,6,0,0,16,1,1,13.54244704,16.98407384
815,N,N1p,CONT,12w,66.02080523,97.1,7,0,0,NA,NA,1,18.66074647,21.21084347
816,N,N1p,CONT,12w,37.17635083,85.5,6,0,0,16,1,1,14.76441493,NA
817,N,N1p,CONT,12w,NA,NA,NA,NA,NA,NA,NA,NA,NA,NA
818,N,N1p,CONT,12w,6.245800355,50.8,1,0,0,0,0,1,6.840796719,10.51568349
819,N,N1p,CONT,12w,2.010619298,13.9,1,0,0,0,0,1,3.039907891,4.499087999
820,N,N1p,CONT,12w,19.83012553,46.6,5,0,0,0,0,1,9.774604306,13.12529358
821,N,N1p,CONT,12w,23.58582101,70.2,3,0,0,13,1,1,11.87559335,16.00494878
822,N,N1p,CONT,12w,62.54855995,156.4,3,0,0,16,1,1,21.48860886,21.84115102
823,N,N1p,CONT,12w,NA,NA,NA,NA,NA,NA,NA,NA,NA,NA
824,N,N1p,CONT,12w,NA,NA,NA,NA,NA,NA,NA,NA,NA,NA
825,N,N1p,CONT,12w,17.86191773,26.9,4,0,0,NA,NA,0,7.857344081,NA
826,N,N1p,CONT,12w,NA,NA,NA,NA,NA,NA,NA,NA,NA,NA
827,N,N1p,CONT,12w,NA,NA,NA,NA,NA,0,0,NA,NA,1.135938719
828,N,N1p,CONT,12w,11.88472355,7.2,NA,0,0,NA,NA,NA,4.416754303,NA
829,N,N1p,CONT,12w,NA,NA,NA,NA,NA,NA,NA,NA,NA,NA
830,N,N1p,CONT,12w,43.59156156,103.7,4,0,0,0,0,1,16.60649013,15.79285644
831,N,N1p,CONT,12w,22.31229788,129.2,3,0,0,18,1,1,14.29066217,16.74684598
832,N,N1p,CONT,12w,19.63495408,106.4,3,0,0,4,1,1,12.83419127,12.47731666
833,N,N1p,CONT,12w,NA,NA,NA,NA,NA,NA,NA,NA,NA,NA
834,N,N1p,CONT,12w,NA,NA,NA,NA,NA,NA,NA,NA,NA,NA
835,N,N1p,CONT,12w,50.89576448,148.9,4,0,0,20,1,1,19.73294501,21.0840972
836,N,N1p,CONT,12w,59.58352481,130,1,0,0,19,1,1,19.87747428,18.34053617
837,N,N1p,CONT,12w,25.87698453,122.8,1,0,0,3,1,1,14.76304351,12.45676396
838,N,N1p,CONT,12w,64.61070137,105.7,1,0,0,6,1,1,19.05912576,18.40226386
839,N,N1p,CONT,12w,NA,NA,NA,NA,NA,NA,NA,NA,NA,NA
840,N,N1p,CONT,12w,NA,NA,NA,NA,NA,NA,NA,NA,NA,NA
841,N,N1p,CONT,12w,NA,NA,NA,NA,NA,13,1,NA,NA,18.42487438
842,N,N1p,CONT,12w,NA,NA,NA,NA,NA,NA,NA,NA,NA,NA
843,N,N1p,CONT,12w,NA,NA,NA,NA,NA,2,1,1,NA,16.0747185
844,N,N1p,CONT,12w,NA,NA,NA,NA,NA,NA,NA,NA,NA,NA
845,N,N2,CONT,12w,NA,NA,NA,NA,NA,0,0,NA,NA,16.90660723
846,N,N2,CONT,12w,NA,NA,NA,NA,NA,0,0,NA,NA,3.827161421
847,N,N2,CONT,12w,NA,NA,NA,NA,NA,NA,NA,1,NA,NA
848,N,N2,CONT,12w,23.67197918,126.3,1,0,0,1,1,1,14.46563654,16.52797238
849,N,N2,CONT,12w,113.2567714,78.1,5,0,0,0,0,1,20.77811459,23.54548799
850,N,N2,CONT,12w,3.563272928,33.3,1,0,0,0,0,1,4.926067248,5.714977157
851,N,N2,CONT,12w,15.41336042,98.1,1,0,0,1,1,1,11.52111224,11.95693072
852,N,N2,CONT,12w,NA,NA,NA,NA,NA,0,0,NA,NA,6.57782299
853,N,N2,CONT,12w,NA,NA,NA,NA,NA,NA,NA,NA,NA,NA
854,N,N2,CONT,12w,NA,NA,NA,NA,NA,NA,NA,NA,NA,NA
855,N,N2,CONT,12w,NA,NA,NA,NA,NA,NA,NA,NA,NA,NA
856,N,N2,CONT,12w,23.58582101,52.5,6,0,0,0,0,1,10.77782203,13.29556515
857,N,N2,CONT,12w,38.15534964,126.4,1,2,1,0,0,1,16.9693858,6.572772109
858,N,N2,CONT,12w,179.2826817,180.3,3,2,1,19,1,1,32.025988,24.65187657
859,N,N2,CONT,12w,27.52537819,134.4,1,0,0,6,1,1,15.53162065,17.38494032
860,N,N2,CONT,12w,57.42477942,67,4,0,0,0,0,1,15.73642528,21.76293461
861,N,N2,CONT,12w,NA,NA,NA,NA,NA,NA,NA,NA,NA,NA
862,N,N2,CONT,12w,80.83192234,99.8,3,1,1,20,1,1,20.14891184,23.64207256
863,N,N2,CONT,12w,17.34944543,97.3,1,0,0,2,1,1,11.95261953,11.60642157
864,N,N2,CONT,12w,24.54220035,140.9,2,0,0,3,1,1,15.18561236,17.00523598
865,N,N2,CONT,12w,51.56688721,135.52,4,5,1,NA,NA,NA,19.20612495,NA
866,N,N2,CONT,12w,NA,NA,NA,NA,NA,NA,NA,NA,NA,NA
867,N,N2,CONT,12w,76.8214437,172.1,2,2,1,30,1,1,23.7617717,26.46762394
868,N,N2,CONT,12w,NA,NA,NA,NA,NA,0,0,NA,NA,9.825735583
869,N,N2,LMH,12w,NA,NA,NA,NA,NA,NA,NA,NA,NA,NA
870,N,N2,LMH,12w,NA,NA,NA,NA,NA,NA,NA,NA,NA,NA
871,N,N2,LMH,12w,15.24371441,56.3,2,1,1,NA,NA,NA,9.536270733,NA
872,N,N2,LMH,12w,NA,NA,NA,NA,NA,NA,NA,NA,NA,NA
873,N,N2,LMH,12w,188.9354607,195.7,3,18,1,13,1,1,33.49572404,34.91065632
874,N,N2,LMH,12w,NA,NA,NA,NA,NA,0,0,1,NA,11.17624857
875,N,N2,LMH,12w,NA,NA,NA,NA,NA,NA,NA,1,NA,NA
876,N,N2,LMH,12w,NA,NA,NA,NA,NA,120,1,1,NA,47.28816387
877,N,N2,LMH,12w,NA,NA,NA,NA,NA,NA,NA,NA,NA,NA
878,N,N2,LMH,12w,NA,NA,NA,NA,NA,NA,NA,NA,NA,NA
879,N,N2,LMH,12w,NA,NA,NA,NA,NA,NA,NA,NA,NA,NA
880,N,N2,LMH,12w,NA,NA,NA,NA,NA,NA,NA,NA,NA,NA
881,N,N2,LMH,12w,NA,NA,NA,NA,NA,0,0,NA,NA,1.672329552
882,N,N2,LMH,12w,NA,NA,NA,NA,NA,NA,NA,NA,NA,NA
883,N,N2,LMH,12w,NA,NA,NA,NA,NA,NA,NA,NA,NA,NA
884,N,N2,LMH,12w,58.49402048,142.2,6,3,1,1,1,1,20.355932,26.07552736
885,N,N2,LMH,12w,207.3942025,154.6,6,2,1,1,1,1,31.93925118,36.05001259
886,N,N2,LMH,12w,NA,NA,NA,NA,NA,NA,NA,NA,NA,NA
887,N,N2,LMH,12w,8.552985999,84.3,1,0,0,4,1,1,8.997495141,12.49009943
888,N,N2,LMH,12w,NA,NA,NA,NA,NA,NA,NA,NA,NA,NA
889,N,N2,LMH,12w,NA,NA,NA,NA,NA,NA,NA,NA,NA,NA
890,N,N2,LMH,12w,9.621127502,44.8,3,0,0,0,0,1,7.577500849,6.557516217
891,N,N2,LMH,12w,13.65721012,76.6,1,1,1,1,1,1,10.18794876,17.08483081
892,N,N2,LMH,12w,19.2442185,115.3,2,0,0,8,1,1,13.0948747,17.47137346
893,N,N2,LMH,12w,2.08672438,32.5,NA,0,0,NA,NA,1,4.086895026,NA
894,N,N2,LMH,12w,8.709201694,62.2,1,0,0,0,0,1,8.178344696,12.1307893
895,N,N2,LMH,12w,9.079202769,84.6,1,0,0,0,0,1,9.189531335,14.66973012
896,N,N2,LMH,12w,15.20530844,77.3,2,0,0,1,1,1,10.59190675,13.93461596
897,N,N2,LMH,12w,26.20787277,81.7,3,3,1,1,1,1,12.94001512,14.97197043
898,N,N2,LMH,12w,NA,NA,NA,NA,NA,NA,NA,NA,NA,NA
899,N,N2,LMH,12w,NA,NA,NA,NA,NA,NA,NA,NA,NA,NA
900,N,N2,LMH,12w,NA,NA,NA,NA,NA,NA,NA,NA,NA,NA
901,N,N2,LMH,12w,NA,NA,NA,NA,NA,NA,NA,NA,NA,NA
902,N,N2,MEGA,12w,4.448809357,154.4,1,4,1,26,1,1,8.853045303,28.02224751
903,N,N2,MEGA,12w,NA,NA,NA,NA,NA,NA,NA,NA,NA,NA
904,N,N2,MEGA,12w,NA,NA,NA,NA,NA,NA,NA,NA,NA,NA
905,N,N2,MEGA,12w,21.56514861,175,1,NA,NA,NA,NA,1,15.63533597,21.86282459
906,N,N2,MEGA,12w,NA,NA,NA,NA,NA,NA,NA,NA,NA,NA
907,N,N2,MEGA,12w,NA,NA,NA,NA,NA,NA,NA,NA,NA,NA
908,N,N2,MEGA,12w,NA,NA,NA,NA,NA,NA,NA,NA,NA,NA
909,N,N2,MEGA,12w,4.227327075,32.6,2,0,0,0,0,1,5.178419305,6.086996439
910,N,N2,MEGA,12w,45.38886672,138.7,3,0,0,8,1,1,18.54813314,19.98071471
911,N,N2,MEGA,12w,NA,99.1,NA,1,1,0,0,1,NA,22.23917264
912,N,N2,MEGA,12w,771.1552033,244,8,1,1,80,1,1,57.66284311,57.5637619
913,N,N2,MEGA,12w,78.38281525,214,1,13,1,41,1,1,25.72700329,28.60584231
914,N,N2,MEGA,12w,42.54470435,131.2,3,0,0,7,1,1,17.81795215,22.20440398
915,N,N2,MEGA,12w,128.4786517,211,2,6,1,114,1,1,30.19879385,29.77046623
916,N,N2,MEGA,12w,43.54954276,125.4,3,0,0,3,1,1,17.68832961,22.2408587
917,N,N2,MEGA,12w,129.2835277,180.9,3,2,1,25,1,1,28.74612555,28.74502048
918,N,N2,MEGA,12w,NA,NA,NA,NA,NA,3,1,NA,NA,13.01054051
919,N,N2,MEGA,12w,NA,NA,NA,NA,NA,NA,NA,NA,NA,NA
920,N,N2,MEGA,12w,NA,NA,NA,NA,NA,NA,NA,NA,NA,NA
921,N,N2,MEGA,12w,NA,NA,NA,NA,NA,NA,NA,NA,NA,NA
922,N,N2,MEGA,12w,NA,NA,NA,NA,NA,NA,NA,NA,NA,NA
923,N,N2,MEGA,12w,NA,NA,NA,NA,NA,NA,NA,NA,NA,NA
924,N,N2,MEGA,12w,NA,NA,NA,NA,NA,NA,NA,NA,NA,NA
925,N,N2,MEGA,12w,33.49008455,100.6,3,0,0,14,1,1,15.05415526,19.08226281
926,N,N2,MEGA,12w,NA,NA,NA,NA,NA,NA,NA,NA,NA,NA
927,N,N2,MEGA,12w,NA,NA,NA,NA,NA,NA,NA,NA,NA,NA
928,N,N2,MEGA,12w,7.40229915,42.5,1,0,0,0,0,1,6.821387125,8.379766568
929,N,N2,MEGA,12w,NA,NA,NA,NA,NA,NA,NA,NA,NA,NA
930,N,N2,MEGA,12w,49.14087083,89.6,2,0,0,5,1,1,16.46121364,20.14621608
931,N,N2,MEGA,12w,NA,NA,NA,NA,NA,NA,NA,NA,NA,NA
932,N,N2,MEGA,12w,41.85763804,121.8,2,NA,NA,1,1,1,17.28695048,19.4480391
933,N,N2,MEGA,12w,12.31629984,118,1,0,0,0,0,1,11.36974818,14.6328692
934,N,N2,MEGA,12w,125.4393179,322.5,3,NA,NA,NA,NA,1,34.51669489,39.49335501
935,N,N2,MEGA,12w,9.897980354,170.8,1,NA,NA,NA,NA,1,11.95846478,14.99491804
936,N,N2,MEGA,12w,27.06238598,203,1,NA,NA,NA,NA,1,17.72345886,20.59242535
937,N,N2,MEGA,12w,NA,NA,NA,NA,NA,NA,NA,NA,NA,NA
938,N,N2,MEGA,12w,NA,NA,NA,NA,NA,NA,NA,NA,NA,NA
939,N,N2,MESO,12w,NA,NA,NA,NA,NA,1,1,1,NA,17.51304971
940,N,N2,MESO,12w,29.32056278,187.7,3,0,0,0,0,1,17.73401337,15.54321521
941,N,N2,MESO,12w,NA,NA,NA,NA,NA,NA,NA,NA,NA,NA
942,N,N2,MESO,12w,57.28034469,160.6,1,0,0,5,1,1,21.05201009,21.01058166
943,N,N2,MESO,12w,NA,NA,NA,NA,NA,NA,NA,NA,NA,NA
944,N,N2,MESO,12w,NA,NA,NA,NA,NA,NA,NA,NA,NA,NA
945,N,N2,MESO,12w,37.13236853,68.5,2,0,0,7,1,1,13.70576035,16.52768912
946,N,N2,MESO,12w,NA,NA,NA,NA,NA,NA,NA,NA,NA,NA
947,N,N2,MESO,12w,44.88833247,174.3,2,0,0,20,1,1,19.94422754,22.38704102
948,N,N2,MESO,12w,114.0417768,187.4,3,0,0,100,1,1,27.89393206,32.31171321
949,N,N2,MESO,12w,NA,141.6,2,0,0,3,1,1,NA,16.00874121
950,N,N2,MESO,12w,19.47818861,95.7,2,0,0,2,1,1,12.35490229,16.14721088
951,N,N2,MESO,12w,NA,NA,NA,NA,NA,NA,NA,NA,NA,NA
952,N,N2,MESO,12w,20.74990532,102.6,1,0,0,0,0,1,12.91526686,15.80657301
953,N,N2,MESO,12w,NA,NA,NA,NA,NA,NA,NA,NA,NA,NA
954,N,N2,MESO,12w,56.23435142,37.4,4,0,0,0,0,1,12.86285166,21.5842505
955,N,N2,MESO,12w,27.24711162,96.4,1,1,1,0,0,1,13.8535716,14.1597746
956,N,N2,MESO,12w,NA,NA,NA,NA,NA,0,0,NA,NA,7.006417158
957,N,N2,MESO,12w,NA,NA,NA,NA,NA,0,0,NA,NA,7.725680415
958,N,N2,MESO,12w,NA,NA,NA,NA,NA,0,0,NA,NA,6.841006333
959,N,N2,MESO,12w,NA,NA,NA,NA,NA,0,0,NA,NA,4.40936671
960,N,N2,MESO,12w,NA,NA,NA,NA,NA,0,0,NA,NA,7.483500812
961,N,N2,MESO,12w,51.27581865,137.1,1,18,1,16,1,1,19.24419108,17.89319311
962,N,N2,MESO,12w,38.04594367,112.2,2,2,1,36,1,1,16.29189885,17.79627002
963,N,N2,MESO,12w,NA,NA,NA,NA,NA,20,1,NA,NA,21.08880518
964,N,N2,MESO,12w,17.79523743,93.2,1,0,0,8,1,1,11.88227387,14.29225834
965,N,N2,MESO,12w,26.42079422,88.1,1,0,0,19,1,1,13.30585526,21.79378625
966,N,N2,MESO,12w,NA,NA,NA,NA,NA,NA,NA,NA,NA,NA
967,N,N2,MESO,12w,NA,NA,NA,NA,NA,NA,NA,NA,NA,NA
968,N,N2,MESO,12w,90.76257526,138.2,1,0,0,63,1,1,23.34806429,29.55067814
969,N,N2,MESO,12w,NA,NA,NA,NA,NA,0,0,NA,NA,7.335089059
970,N,N2,MESO,12w,NA,NA,NA,NA,NA,NA,NA,NA,NA,NA
971,N,N2,MESO,12w,48.39819832,124,2,0,0,NA,NA,1,18.25427221,NA
972,N,N2,MESO,12w,NA,NA,NA,NA,NA,NA,NA,NA,NA,40.89653263
973,N,N2,MESO,12w,15.41336042,89.7,1,0,0,2,1,1,11.18189766,13.96656597
974,N,N2,MESO,12w,1.720336137,19.2,2,0,0,0,0,1,3.214310276,9.334247792
975,N,N2,MESO,12w,15.27450202,69.5,2,0,0,0,0,1,10.23788858,13.19365882
976,N,N2,MESO,12w,12.69234848,55.4,2,0,0,NA,NA,1,8.922464137,NA
977,N,N2,MESO,12w,14.65741468,66.9,1,0,0,0,0,1,9.970184021,12.73719288
978,N,N2,MESO,12w,NA,NA,NA,NA,NA,NA,NA,NA,NA,NA
979,N,N2p,CONT,12w,NA,NA,NA,NA,NA,NA,NA,NA,NA,NA
980,N,N2p,CONT,12w,NA,NA,NA,NA,NA,NA,NA,NA,NA,NA
981,N,N2p,CONT,12w,NA,NA,NA,NA,NA,NA,NA,NA,NA,NA
982,N,N2p,CONT,12w,NA,NA,NA,NA,NA,NA,NA,NA,NA,NA
983,N,N2p,CONT,12w,NA,NA,NA,NA,NA,5,1,NA,NA,10.18489187
984,N,N2p,CONT,12w,NA,NA,NA,NA,NA,NA,NA,NA,NA,NA
985,N,N2p,CONT,12w,NA,NA,NA,NA,NA,0,0,NA,NA,6.435727042
986,N,N2p,CONT,12w,NA,NA,NA,NA,NA,100,1,NA,NA,27.78496541
987,N,N2p,CONT,12w,NA,NA,NA,NA,NA,NA,NA,NA,NA,NA
988,N,N2p,CONT,12w,NA,NA,NA,NA,NA,1,1,NA,NA,6.194711096
989,N,N2p,CONT,12w,190.5415214,103.6,7,0,0,16,1,1,27.16421989,36.77688263
990,N,N2p,CONT,12w,NA,NA,NA,NA,NA,NA,NA,NA,NA,NA
991,N,N2p,CONT,12w,NA,NA,NA,NA,NA,NA,NA,NA,NA,NA
992,N,N2p,CONT,12w,NA,NA,NA,NA,NA,0,0,NA,NA,8.885445732
993,N,N2p,CONT,12w,NA,NA,NA,NA,NA,1,1,NA,NA,8.070020489
994,N,N2p,CONT,12w,NA,NA,NA,NA,NA,NA,NA,NA,NA,NA
995,N,N2p,CONT,12w,NA,NA,NA,NA,NA,NA,NA,NA,NA,NA
996,N,N2p,CONT,12w,NA,NA,NA,NA,NA,0,0,NA,NA,19.03774226
997,N,N2p,CONT,12w,NA,NA,NA,NA,NA,2,1,NA,NA,10.80560292
998,N,N2p,CONT,12w,NA,NA,NA,NA,NA,NA,NA,NA,NA,NA
999,N,N2p,CONT,12w,NA,NA,NA,NA,NA,0,0,NA,NA,6.594533796
1000,N,N2p,CONT,12w,NA,NA,NA,NA,NA,20,1,NA,NA,19.58278015
1001,N,N2p,CONT,12w,NA,NA,NA,NA,NA,11,1,NA,NA,11.31242565
1002,N,N2p,CONT,12w,123.3568347,108,2,0,0,34,1,1,23.822559,31.33553885
1003,N,N2p,CONT,12w,NA,NA,NA,NA,NA,NA,NA,NA,NA,NA
1004,N,N3,CONT,12w,8.092821215,44.7,2,0,0,2,1,1,7.146958553,7.807621356
1005,N,N3,CONT,12w,5.47391104,28.2,2,2,1,1,1,1,5.378284075,6.582553615
1006,N,N3,CONT,12w,15.06739253,56,4,0,0,6,1,1,9.482374028,11.9683479
1007,N,N3,CONT,12w,4.411502944,74.8,NA,0,0,20,1,1,6.930973746,11.09835222
1008,N,N3,CONT,12w,25.17703769,47.3,4,0,0,NA,NA,0,10.63834564,4.784754676
1009,N,N3,CONT,12w,4.374353611,35.2,2,0,0,1,1,1,5.373778291,3.125926938
1010,N,N3,CONT,12w,90.25944919,58.1,10,0,0,NA,NA,0,17.45046359,15.23542549
1011,N,N3,CONT,12w,138.7539373,64.3,8,1,1,11,1,1,20.83795479,21.73551266
1012,N,N3,CONT,12w,NA,NA,NA,NA,NA,NA,NA,0,NA,4.582725147
1013,N,N3,CONT,12w,38.04594367,114.5,1,0,0,1,1,1,16.40264142,17.62150846
1014,N,N3,CONT,12w,3.332915646,21.9,1,0,0,0,0,1,4.188417175,6.643280959
1015,N,N3,CONT,12w,NA,NA,NA,NA,NA,NA,NA,NA,NA,NA
1016,N,N3,CONT,12w,39.7035265,152.6,1,4,1,13,1,1,18.31235637,22.85855651
1017,N,N3,CONT,12w,1.814583917,24.8,0,0,0,0,0,1,3.563923968,4.561503861
1018,N,N3,CONT,12w,26.69481964,62.4,4,0,0,5,1,1,11.89956704,17.17317157
1019,N,N3,CONT,12w,3.017185585,43.8,1,0,0,0,0,1,5.106445748,7.626218905
1020,N,N3,CONT,12w,4.154756284,28.8,1,0,0,0,0,1,4.939888217,5.021329192
1021,N,N3,CONT,12w,NA,NA,NA,NA,NA,NA,NA,NA,NA,NA
1022,N,N3,CONT,12w,33.61040754,54.2,2,0,0,1,1,1,12.26041075,14.44960268
1023,N,N3,CONT,12w,13.92047559,47.6,2,0,0,0,0,1,8.747311813,10.18613612
1024,N,N3,CONT,12w,9.34820164,79.2,1,0,0,1,1,1,9.077442889,12.2410741
1025,N,N3,CONT,12w,39.7035265,135.8,1,0,0,13,1,1,17.6129945,22.46009223
1026,N,N3,CONT,12w,NA,NA,NA,NA,NA,0,0,1,NA,4.815190202
1027,N,N3,CONT,12w,NA,NA,NA,NA,NA,NA,NA,NA,NA,NA
1028,N,N3,CONT,12w,NA,NA,NA,NA,NA,1,1,NA,NA,12.180176
1029,N,N3,CONT,12w,NA,NA,NA,NA,NA,NA,NA,NA,NA,NA
1030,N,N3,CONT,12w,NA,NA,NA,NA,NA,0,0,1,NA,5.221353407
1031,N,N3,CONT,12w,NA,NA,NA,NA,NA,NA,NA,NA,NA,NA
1032,N,N3,CONT,12w,NA,NA,NA,NA,NA,8,1,1,NA,18.49332478
1033,N,N3,CONT,12w,NA,NA,NA,NA,NA,0,0,1,NA,11.86700374
1034,N,N3,CONT,12w,NA,NA,NA,NA,NA,13,1,NA,NA,24.08593465
1035,N,N3,CONT,12w,NA,NA,NA,NA,NA,3,1,NA,NA,18.06220205
1036,N,N3,CONT,12w,NA,NA,NA,NA,NA,0,0,NA,NA,8.698409667
1037,N,N3,CONT,12w,NA,NA,NA,NA,NA,0,0,NA,NA,11.44895356
1038,N,N3,CONT,12w,25.96722678,127.5,1,16,1,0,0,1,14.96670946,15.60575643
1039,N,N3,CONT,12w,NA,NA,NA,NA,NA,0,0,NA,NA,12.71354338
1040,N,N3,CONT,12w,NA,NA,NA,NA,NA,0,0,1,NA,14.01721817
1041,N,N3,CONT,12w,NA,NA,NA,NA,NA,0,0,NA,NA,14.94365436
1042,N,N3,CONT,12w,NA,NA,NA,NA,NA,0,0,NA,NA,10.69268418
1043,N,N3,CONT,12w,109.915609,127.2,3,0,0,18,1,1,24.20949433,25.13843988
1044,N,N3,CONT,12w,NA,NA,NA,NA,NA,0,0,1,NA,12.2681198
1045,N,N3,CONT,12w,28.43471219,106.1,2,1,1,0,0,1,14.50936278,13.58998272
1046,N,N3,CONT,12w,10.06597702,64.9,1,0,0,0,0,1,8.705986065,9.997637283
1047,N,N3,CONT,12w,7.306166415,73.9,1,0,0,0,0,1,8.169329753,12.55823216
1048,N,N3,CONT,12w,88.91461192,77.1,2,0,0,0,0,1,19.08328704,21.49189009
1049,N,N3,CONT,12w,17.87008587,44.5,2,0,0,0,0,1,9.296596627,10.11297345
1050,N,N3,CONT,12w,102.9676627,95.4,1,0,0,1,1,1,21.51828298,24.06185605
1051,N,N3,CONT,12w,8.042477193,41.5,2,0,0,0,0,1,6.957396051,9.706503219
1052,N,N3,CONT,12w,66.47610055,71.6,1,0,0,0,0,1,16.894883,15.60779509
1053,N,N3,CONT,12w,NA,NA,NA,NA,NA,NA,NA,1,NA,NA
1054,N,N3,CONT,12w,47.41676478,73.4,5,NA,NA,7,1,1,15.21837393,18.13875708
1055,N,N3,CONT,12w,NA,NA,NA,NA,NA,0,0,1,NA,13.23768424
1056,N,N3,LMH,12w,NA,NA,NA,NA,NA,NA,NA,NA,NA,NA
1057,N,N3,LMH,12w,NA,NA,NA,NA,NA,NA,NA,NA,NA,NA
1058,N,N3,LMH,12w,NA,NA,NA,NA,NA,2,1,1,NA,24.52452224
1059,N,N3,LMH,12w,NA,NA,NA,NA,NA,NA,NA,NA,NA,15.69243703
1060,N,N3,LMH,12w,17.73429053,73.4,4,0,0,2,1,1,10.95911251,10.30515792
1061,N,N3,LMH,12w,NA,NA,NA,NA,NA,NA,NA,NA,NA,13.17766014
1062,N,N3,LMH,12w,NA,NA,NA,NA,NA,NA,NA,NA,NA,NA
1063,N,N3,LMH,12w,32.49192202,30.4,3,0,0,0,0,1,9.99447464,15.6144073
1064,N,N3,LMH,12w,NA,NA,NA,NA,NA,0,0,NA,NA,2.358026224
1065,N,N3,LMH,12w,21.23716634,79.7,1,0,0,0,0,1,11.96324993,15.16238973
1066,N,N3,LMH,12w,95.03317777,182.5,1,0,0,50,1,1,26.01543994,29.85476167
1067,N,N3,LMH,12w,NA,184.2,NA,NA,NA,NA,NA,NA,NA,NA
1068,N,N3,LMH,12w,NA,NA,NA,NA,NA,5,1,NA,NA,16.79557227
1069,N,N3,LMH,12w,NA,NA,NA,NA,NA,3,1,NA,NA,10.49092155
1070,N,N3,LMH,12w,NA,NA,NA,NA,NA,NA,NA,NA,NA,NA
1071,N,N3,LMH,12w,97.46759792,228.7,1,64,1,11,1,1,28.28894753,30.70751993
1072,N,N3,LMH,12w,NA,NA,NA,NA,NA,NA,NA,1,NA,NA
1073,N,N3,LMH,12w,NA,NA,NA,NA,NA,NA,NA,NA,NA,NA
1074,N,N3,LMH,12w,5.725552611,82.4,1,0,0,0,0,1,7.809557617,9.915519072
1075,N,N3,LMH,12w,7.068583471,69.3,2,0,0,0,0,1,7.908155147,11.76217227
1076,N,N3,LMH,12w,NA,NA,NA,NA,NA,0,0,1,NA,12.69299
1077,N,N3,LMH,12w,4.523893421,87.7,1,0,0,0,0,1,7.370723149,9.527828181
1078,N,N3,LMH,12w,4.523893421,99.4,1,0,0,0,0,1,7.685410404,10.2770718
1079,N,N3,LMH,12w,NA,NA,NA,NA,NA,NA,NA,NA,NA,NA
1080,N,N3,LMH,12w,NA,NA,NA,NA,NA,NA,NA,NA,NA,NA
1081,N,N3,LMH,12w,NA,NA,NA,NA,NA,0,0,NA,NA,10.45483931
1082,N,N3,LMH,12w,6.605198554,98.5,1,0,0,0,0,1,8.694091562,9.409547834
1083,N,N3,LMH,12w,NA,NA,NA,NA,NA,0,0,1,NA,8.522538752
1084,N,N3,LMH,12w,NA,NA,NA,NA,NA,0,0,1,NA,11.72729937
1085,N,N3,LMH,12w,NA,NA,NA,NA,NA,NA,NA,NA,NA,NA
1086,N,N3,LMH,12w,NA,NA,NA,NA,NA,0,0,NA,NA,11.93538758
1087,N,N3,LMH,12w,NA,NA,NA,NA,NA,1,1,NA,NA,19.99928098
1088,N,N3,LMH,12w,NA,NA,NA,NA,NA,0,0,NA,NA,7.622244032
1089,N,N3,LMH,12w,NA,NA,NA,NA,NA,0,0,NA,NA,0.895485023
1090,N,N3,LMH,12w,NA,NA,NA,NA,NA,0,0,NA,NA,6.628214545
1091,N,N3,LMH,12w,NA,NA,NA,NA,NA,NA,NA,NA,NA,NA
1092,N,N3,LMH,12w,NA,NA,NA,NA,NA,NA,NA,NA,NA,NA
1093,N,N3,LMH,12w,NA,NA,NA,NA,NA,NA,NA,NA,NA,NA
1094,N,N3,LMH,12w,NA,NA,NA,NA,NA,NA,NA,NA,NA,NA
1095,N,N3,LMH,12w,246.0573906,274,2,823,1,44,1,1,40.93405207,35.6676794
1096,N,N3,LMH,12w,NA,NA,NA,NA,NA,NA,NA,NA,NA,NA
1097,N,N3,LMH,12w,NA,NA,NA,NA,NA,NA,NA,NA,NA,NA
1098,N,N3,LMH,12w,10.1787602,90.4,1,0,0,2,1,1,9.760728,15.00579669
1099,N,N3,LMH,12w,9.079202769,80.8,1,0,0,2,1,1,9.04961439,15.38058218
1100,N,N3,LMH,12w,0.636172512,15.7,1,0,0,0,0,1,2.156122243,3.045435093
1101,N,N3,MEGA,12w,1.767145868,31.9,2,0,0,0,0,1,3.84229149,6.19138653
1102,N,N3,MEGA,12w,28.10154629,102.5,2,0,0,0,0,1,14.2867878,16.19519142
1103,N,N3,MEGA,12w,4.154756284,34.2,1,0,0,0,0,1,5.231587162,11.37874052
1104,N,N3,MEGA,12w,3.463605901,38.3,1,0,0,0,0,1,5.112931136,8.594737022
1105,N,N3,MEGA,12w,NA,NA,NA,NA,NA,NA,NA,NA,NA,NA
1106,N,N3,MEGA,12w,0.282743339,11,1,0,0,0,0,1,1.46054756,2.846188588
1107,N,N3,MEGA,12w,NA,NA,NA,NA,NA,NA,NA,NA,NA,NA
1108,N,N3,MEGA,12w,4.523893421,56.2,1,1,1,0,0,1,6.353154042,9.41652053
1109,N,N3,MEGA,12w,5.309291585,113.2,1,0,0,1,1,1,8.466945344,7.521066901
1110,N,N3,MEGA,12w,NA,NA,NA,NA,NA,NA,NA,NA,NA,NA
1111,N,N3,MEGA,12w,13.20254313,150,2,0,0,0,0,1,12.6071131,15.31082825
1112,N,N3,MEGA,12w,NA,NA,NA,NA,NA,0,0,1,NA,5.317555935
1113,N,N3,MEGA,12w,93.44667348,256.4,5,2,1,44,1,1,28.97909148,29.22003187
1114,N,N3,MEGA,12w,2.010619298,5.3,NA,0,0,0,0,1,2.203255867,2.775170154
1115,N,N3,MEGA,12w,28.80055065,65,3,0,0,0,0,1,12.37251963,10.11335515
1116,N,N3,MEGA,12w,NA,NA,NA,NA,NA,NA,NA,NA,NA,NA
1117,N,N3,MEGA,12w,NA,NA,NA,NA,NA,NA,NA,NA,NA,NA
1118,N,N3,MEGA,12w,NA,NA,NA,NA,NA,NA,NA,1,NA,NA
1119,N,N3,MEGA,12w,NA,NA,NA,NA,NA,0,0,1,NA,NA
1120,N,N3,MEGA,12w,NA,NA,NA,NA,NA,0,0,1,NA,20.91725029
1121,N,N3,MEGA,12w,NA,NA,NA,NA,NA,NA,NA,1,NA,NA
1122,N,N3,MEGA,12w,49.3485301,104.9,2,0,0,2,1,1,17.37524906,21.45437172
1123,N,N3,MEGA,12w,47.05131901,121.5,3,0,0,8,1,1,17.96053951,23.36377051
1124,N,N3,MEGA,12w,NA,NA,NA,NA,NA,NA,NA,NA,NA,NA
1125,N,N3,MEGA,12w,NA,NA,NA,NA,NA,NA,NA,NA,NA,NA
1126,N,N3,MEGA,12w,NA,NA,NA,NA,NA,NA,NA,NA,NA,NA
1127,N,N3,MEGA,12w,NA,NA,NA,NA,NA,NA,NA,NA,NA,NA
1128,N,N3,MEGA,12w,NA,NA,NA,NA,NA,NA,NA,NA,NA,NA
1129,N,N3,MEGA,12w,94.79755832,204,13,2,1,NA,NA,1,26.97855078,30.86784279
1130,N,N3,MEGA,12w,NA,NA,NA,NA,NA,NA,NA,NA,NA,NA
1131,N,N3,MEGA,12w,2.544690049,25.1,2,0,0,0,0,1,4.005900095,6.743287436
1132,N,N3,MEGA,12w,5.309291585,32,2,0,0,0,0,1,5.553222893,7.568956596
1133,N,N3,MEGA,12w,4.908738521,31.3,2,1,1,0,0,1,5.369887088,7.09025283
1134,N,N3,MEGA,12w,5.065818154,22.9,3,0,0,0,0,1,4.889065617,7.032568807
1135,N,N3,MEGA,12w,3.801327111,31.9,3,0,0,0,0,1,4.96191591,5.860601592
1136,N,N3,MEGA,12w,NA,NA,NA,NA,NA,0,0,NA,NA,5.303366383
1137,N,N3,MEGA,12w,20.42820623,46.4,3,0,0,0,0,1,9.857886628,10.24626897
1138,N,N3,MEGA,12w,5.725552611,40.2,2,0,0,0,0,1,6.145615364,7.695113724
1139,N,N3,MEGA,12w,NA,NA,NA,NA,NA,0,0,NA,NA,7.328009165
1140,N,N3,MEGA,12w,17.61648081,36,4,0,0,3,1,1,8.620219749,11.90253542
1141,N,N3,MESO,12w,35.02004017,68.7,5,0,0,7,1,1,13.45346209,16.89548858
1142,N,N3,MESO,12w,6.650830187,38.7,3,1,1,6,1,1,6.379277854,9.58966248
1143,N,N3,MESO,12w,NA,NA,NA,NA,NA,0,0,NA,NA,4.728338299
1144,N,N3,MESO,12w,5.982849049,34,2,0,0,0,0,1,5.897286369,6.195061195
1145,N,N3,MESO,12w,3.204738666,26.2,1,0,0,0,0,1,4.388907658,8.116545925
1146,N,N3,MESO,12w,2.436148023,18.4,1,0,0,0,0,1,3.559249802,5.074723753
1147,N,N3,MESO,12w,3.345560557,13.9,2,0,0,0,0,1,3.603192217,5.740333548
1148,N,N3,MESO,12w,NA,NA,NA,NA,NA,0,0,NA,NA,4.974517465
1149,N,N3,MESO,12w,9.555703835,29.9,5,0,0,6,1,1,6.605574197,8.677462604
1150,N,N3,MESO,12w,NA,NA,NA,NA,NA,0,0,NA,NA,8.602512549
1151,N,N3,MESO,12w,47.29479244,193,NA,NA,NA,22,1,1,20.99737398,23.09785726
1152,N,N3,MESO,12w,NA,NA,NA,NA,NA,0,0,NA,NA,1.685002414
1153,N,N3,MESO,12w,3.83596317,40.4,1,0,0,0,0,1,5.38535415,5.684486088
1154,N,N3,MESO,12w,NA,NA,NA,NA,NA,0,0,NA,NA,6.866594876
1155,N,N3,MESO,12w,NA,NA,NA,NA,NA,0,0,NA,NA,6.123814891
1156,N,N3,MESO,12w,12.62928101,77.9,2,0,0,1,1,1,9.981169786,12.12941512
1157,N,N3,MESO,12w,53.71565805,85.1,3,0,0,0,0,1,16.6685099,17.91225353
1158,N,N3,MESO,12w,51.31076887,167.5,2,2,1,NA,NA,1,20.57954359,25.43518821
1159,N,N3,MESO,12w,26.14818251,82.4,1,0,0,1,1,1,12.96704885,13.28448628
1160,N,N3,MESO,12w,30.3033315,94,2,0,0,0,0,1,14.23377678,17.13994673
1161,N,N3,MESO,12w,NA,NA,NA,NA,NA,0,0,1,NA,26.65994005
1162,N,N3,MESO,12w,NA,NA,NA,NA,NA,NA,NA,1,NA,NA
1163,N,N3,MESO,12w,44.4145803,222,1,0,0,27,1,1,21.54525095,25.21924973
1164,N,N3,MESO,12w,16.11707717,72.7,1,0,0,1,1,1,10.58088774,13.41001375
1165,N,N3,MESO,12w,42.6603935,148,3,0,0,2,1,1,18.56611824,20.59033327
1166,N,N3,MESO,12w,20.26829916,106.4,1,0,0,0,0,1,12.97093908,13.30393045
1167,N,N3,MESO,12w,34.31569509,148.2,1,0,0,0,0,1,17.27259128,17.74479196
1168,N,N3,MESO,12w,32.67452709,130.9,1,2,1,7,1,1,16.30251926,20.94644237
1169,N,N3,MESO,12w,46.56625711,97.7,2,0,0,10,1,1,16.64207691,16.50015474
1170,S,S1,CONT,12w,13.65721012,66.7,1,0,0,1,1,1,9.727952896,12.71243225
1171,S,S1,CONT,12w,0.567450173,8.3,NA,0,0,0,0,1,1.677575933,2.492132647
1172,S,S1,CONT,12w,10.74440395,38.6,3,0,0,0,0,1,7.480648532,8.806739025
1173,S,S1,CONT,12w,31.07357148,156.7,1,1,1,2,1,1,17.02370765,18.19562648
1174,S,S1,CONT,12w,NA,NA,NA,NA,NA,NA,NA,NA,NA,NA
1175,S,S1,CONT,12w,9.56622817,101.6,2,0,0,3,1,1,9.940727611,12.21711532
1176,S,S1,CONT,12w,4.011499659,62.1,1,0,0,0,0,1,6.310077841,7.649685537
1177,S,S1,CONT,12w,34.41960327,193.5,1,0,0,NA,NA,1,18.90020392,18.70404923
1178,S,S1,CONT,12w,89.24919154,66.9,2,0,0,0,0,1,18.22314038,11.94113101
1179,S,S1,CONT,12w,23.41397589,66.6,3,0,0,0,0,1,11.64025044,13.9581759
1180,S,S1,CONT,12w,NA,NA,NA,NA,NA,0,0,NA,NA,11.00545554
1181,S,S1,CONT,12w,NA,NA,NA,NA,NA,NA,NA,NA,NA,NA
1182,S,S1,CONT,12w,NA,NA,NA,NA,NA,1,1,NA,NA,9.024643089
1183,S,S1,CONT,12w,2.717163486,49.5,1,0,0,0,0,1,5.136543152,7.252158172
1184,S,S1,CONT,12w,NA,NA,NA,NA,NA,1,1,1,NA,8.983219636
1185,S,S1,CONT,12w,4.374353611,50.8,1,0,0,0,0,1,6.073917455,6.558502624
1186,S,S1,CONT,12w,26.87828865,99,1,1,1,2,1,1,13.91375745,15.19994193
1187,S,S1,CONT,12w,NA,NA,NA,NA,NA,0,0,1,NA,6.316142759
1188,S,S1,CONT,12w,NA,NA,NA,NA,NA,0,0,1,NA,6.37331464
1189,S,S1,CONT,12w,8.24479576,48.9,3,0,0,0,0,1,7.41035982,8.263335476
1190,S,S1,CONT,12w,11.64156428,25.3,4,0,0,0,0,1,6.672932151,7.378254171
1191,S,S1,CONT,12w,NA,NA,NA,NA,NA,NA,NA,NA,NA,NA
1192,S,S1,CONT,12w,4.561671073,48.5,1,0,0,0,0,1,6.06499716,5.797589449
1193,S,S1,CONT,12w,22.39609987,90.6,3,0,0,0,0,1,12.70978881,13.57207733
1194,S,S1,CONT,12w,NA,NA,NA,NA,NA,0,0,NA,NA,5.154155214
1195,S,S1,CONT,12w,14.45454634,198.6,3,0,0,2,1,1,14.27064859,15.57059397
1196,S,S1,CONT,12w,1.886919088,29.6,1,0,0,0,0,1,3.830441845,4.810866051
1197,S,S1,CONT,12w,NA,NA,NA,NA,NA,NA,NA,1,NA,NA
1198,S,S1,CONT,12w,71.03148844,67.2,3,0,0,8,1,1,16.91101619,17.20463996
1199,S,S1,CONT,12w,17.64601178,146.4,1,0,0,0,0,1,13.77700289,13.80928918
1200,S,S1,CONT,12w,9.621127502,63.2,1,0,0,2,1,1,8.499943638,12.14546405
1201,S,S1,CONT,12w,5.768042652,58.3,1,0,0,3,1,1,6.974848317,9.433443959
1202,S,S1,LMH,12w,86.26059445,206,1,2,1,28,1,1,26.22711118,30.90921749
1203,S,S1,LMH,12w,68.95552401,202.5,2,3,1,8,1,1,24.1992164,25.95477505
1204,S,S1,LMH,12w,134.3709443,284,1,2,1,NA,NA,1,33.85084992,35.57081198
1205,S,S1,LMH,12w,80.91368229,245,1,0,0,NA,NA,1,27.20264124,27.70571242
1206,S,S1,LMH,12w,198.1473172,281,2,0,0,NA,NA,1,38.40116672,44.38348568
1207,S,S1,LMH,12w,190.3787084,256.4,2,15,1,NA,NA,1,36.75041519,36.52445649
1208,S,S1,LMH,12w,128.0771562,234.5,1,2,1,NA,NA,1,31.24972756,35.72048358
1209,S,S1,LMH,12w,NA,NA,NA,NA,NA,NA,NA,1,NA,24.05522672
1210,S,S1,LMH,12w,NA,NA,NA,NA,NA,NA,NA,1,NA,53.07700474
1211,S,S1,LMH,12w,367.5909234,306,5,NA,NA,NA,NA,1,48.56227998,NA
1212,S,S1,LMH,12w,NA,NA,NA,NA,NA,NA,NA,1,NA,39.3582464
1213,S,S1,LMH,12w,128.2778254,445,1,NA,NA,NA,NA,1,38.72181359,41.05572756
1214,S,S1,LMH,12w,104.4115387,444,1,NA,NA,NA,NA,1,36.12288185,38.86935435
1215,S,S1,LMH,12w,178.3677714,444,1,NA,NA,NA,NA,1,43.19414697,45.89867255
1216,S,S1,LMH,12w,NA,NA,NA,NA,NA,NA,NA,1,NA,35.95004057
1217,S,S1,LMH,12w,513.2540084,534,3,NA,NA,NA,NA,1,65.37738993,66.71109606
1218,S,S1,LMH,12w,NA,NA,NA,NA,NA,NA,NA,1,NA,62.5684277
1219,S,S1,LMH,12w,248.0074557,435,1,NA,NA,NA,NA,1,47.89008979,57.56058738
1220,S,S1,LMH,12w,NA,NA,NA,NA,NA,0,0,NA,NA,15.29636533
1221,S,S1,LMH,12w,NA,NA,NA,NA,NA,NA,NA,1,NA,24.44114034
1222,S,S1,LMH,12w,104.5927301,162.5,3,1,1,5,1,1,25.84037995,28.53809365
1223,S,S1,LMH,12w,NA,NA,NA,NA,NA,NA,NA,NA,NA,NA
1224,S,S1,LMH,12w,NA,NA,NA,NA,NA,NA,NA,NA,NA,NA
1225,S,S1,LMH,12w,192.8536551,141.5,12,55,1,2,1,1,30.26551304,35.41777379
1226,S,S1,LMH,12w,77.13246137,115.2,1,0,0,18,1,1,20.80967549,22.33060302
1227,S,S1,LMH,12w,282.9321485,209,4,NA,NA,NA,NA,1,39.18043437,NA
1228,S,S1,LMH,12w,24.98320142,96.7,1,0,0,4,1,1,13.47210265,15.6159496
1229,S,S1,LMH,12w,NA,NA,NA,NA,NA,NA,NA,NA,NA,NA
1230,S,S1,LMH,12w,39.1470719,100.7,1,0,0,2,1,1,15.86462203,14.84276729
1231,S,S1,LMH,12w,124.6898124,81.7,NA,0,0,3,1,1,21.78129484,27.32756829
1232,S,S1,LMH,12w,127.4760909,152.4,2,1,1,3,1,1,27.01977754,26.91893754
1233,S,S1,LMH,12w,111.2202339,132.5,1,1,1,6,1,1,24.63855489,16.29890723
1234,S,S1,LMH,12w,NA,NA,NA,NA,NA,NA,NA,NA,NA,NA
1235,S,S1,LMH,12w,NA,NA,NA,NA,NA,NA,NA,NA,NA,NA
1236,S,S1,LMH,12w,NA,NA,NA,NA,NA,NA,NA,NA,NA,NA
1237,S,S1,LMH,12w,NA,NA,NA,NA,NA,NA,NA,NA,NA,NA
1238,S,S1,LMH,12w,541.188422,149.4,3,1,1,NA,NA,0,43.49401034,41.50073464
1239,S,S1,LMH,12w,537.9752795,227,4,0,0,32,1,1,49.91351201,47.46793654
1240,S,S1,LMH,12w,NA,NA,NA,NA,NA,NA,NA,NA,NA,NA
1241,S,S1,MEGA,12w,NA,NA,NA,NA,NA,2,1,1,NA,27.15646849
1242,S,S1,MEGA,12w,92.62954523,228.9,2,1,1,2,1,1,27.82030503,25.7762185
1243,S,S1,MEGA,12w,142.5033496,229,3,0,0,1,1,1,32.12773877,31.48146346
1244,S,S1,MEGA,12w,NA,NA,NA,NA,NA,0,0,1,NA,34.6088084
1245,S,S1,MEGA,12w,11.70211848,105.4,1,0,0,0,0,1,10.76370357,10.17923456
1246,S,S1,MEGA,12w,45.24529594,106.5,2,1,1,NA,NA,0,16.96443647,16.71420694
1247,S,S1,MEGA,12w,20.02961666,128.1,1,0,0,2,1,1,13.7456283,14.43071949
1248,S,S1,MEGA,12w,61.37541072,359,1,NA,NA,NA,NA,1,28.17961168,NA
1249,S,S1,MEGA,12w,63.75870144,210.6,1,0,0,9,1,1,23.8851032,24.81544184
1250,S,S1,MEGA,12w,44.4145803,NA,NA,NA,NA,4,1,1,NA,24.33055436
1251,S,S1,MEGA,12w,5.067074791,56.2,2,0,0,0,0,1,6.59826499,8.246109244
1252,S,S1,MEGA,12w,NA,NA,NA,NA,NA,NA,NA,NA,NA,NA
1253,S,S1,MEGA,12w,NA,NA,NA,NA,NA,NA,NA,NA,NA,NA
1254,S,S1,MEGA,12w,NA,NA,NA,NA,NA,NA,NA,1,NA,NA
1255,S,S1,MEGA,12w,NA,NA,NA,NA,NA,NA,NA,NA,NA,NA
1256,S,S1,MEGA,12w,55.81424194,82.1,8,0,0,NA,NA,1,16.68206842,NA
1257,S,S1,MEGA,12w,NA,NA,NA,NA,NA,NA,NA,NA,NA,NA
1258,S,S1,MEGA,12w,92.61454413,115.9,2,0,0,0,0,1,22.164874,17.75683449
1259,S,S1,MEGA,12w,87.53396049,46.3,8,0,0,0,0,1,16.0119983,17.97326993
1260,S,S1,MEGA,12w,8.508768083,6.3,NA,0,0,NA,NA,NA,3.778276706,NA
1261,S,S1,MEGA,12w,NA,NA,NA,NA,NA,NA,NA,NA,NA,NA
1262,S,S1,MEGA,12w,NA,NA,NA,NA,NA,NA,NA,NA,NA,NA
1263,S,S1,MEGA,12w,NA,NA,NA,NA,NA,NA,NA,NA,NA,NA
1264,S,S1,MEGA,12w,29.85612578,41.4,5,0,0,0,0,1,10.77139051,8.211519966
1265,S,S1,MEGA,12w,54.49328077,38.9,5,0,0,0,0,1,12.89670538,7.692636507
1266,S,S1,MEGA,12w,70.82037341,62.4,5,0,0,NA,NA,0,16.48137041,14.04852483
1267,S,S1,MEGA,12w,34.00491304,90.4,3,0,0,0,0,1,14.60050345,9.990308365
1268,S,S1,MEGA,12w,50.14837959,60.9,3,0,0,0,0,1,14.56870901,17.08882266
1269,S,S1,MEGA,12w,68.19612253,82.6,5,0,0,1,1,1,17.87227992,16.8677993
1270,S,S1,MEGA,12w,45.07879153,75.4,4,0,0,NA,NA,1,15.09853558,NA
1271,S,S1,MESO,12w,NA,NA,NA,NA,NA,NA,NA,NA,NA,NA
1272,S,S1,MESO,12w,17.57163457,152.2,1,0,0,0,0,1,13.93720088,19.89104558
1273,S,S1,MESO,12w,NA,NA,NA,NA,NA,NA,NA,NA,NA,NA
1274,S,S1,MESO,12w,NA,NA,NA,NA,NA,NA,NA,NA,NA,NA
1275,S,S1,MESO,12w,NA,NA,NA,NA,NA,0,0,NA,NA,17.07908098
1276,S,S1,MESO,12w,45.00716321,171,1,4,1,0,0,1,19.8348611,22.82465349
1277,S,S1,MESO,12w,19.95036999,133.1,1,1,1,1,1,1,13.90405128,18.76340306
1278,S,S1,MESO,12w,35.25652355,128.4,2,2,1,6,1,1,16.61444923,16.55058618
1279,S,S1,MESO,12w,72.08886998,248,3,NA,NA,5,1,1,26.28039542,26.06152964
1280,S,S1,MESO,12w,39.92720789,210.4,1,5,1,4,1,1,20.423386,19.41699672
1281,S,S1,MESO,12w,113.4746408,293,2,NA,NA,4,1,1,32.32855542,31.63626782
1282,S,S1,MESO,12w,82.35496646,232.1,2,0,0,0,0,1,26.87376691,NA
1283,S,S1,MESO,12w,78.0692843,163.5,1,1,1,3,1,1,23.48456337,22.83305484
1284,S,S1,MESO,12w,48.52158438,252.6,1,NA,NA,2,1,1,23.16844347,24.23585444
1285,S,S1,MESO,12w,73.74582449,289,2,NA,NA,2,1,1,27.86824971,26.81777633
1286,S,S1,MESO,12w,25.1607014,263.5,1,NA,NA,0,0,1,18.87140834,20.73841125
1287,S,S1,MESO,12w,56.74501731,150.6,1,0,0,2,1,1,20.54049581,19.54264252
1288,S,S1,MESO,12w,NA,NA,NA,NA,NA,2,1,1,NA,25.92242695
1289,S,S1,MESO,12w,61.93210094,137.5,3,0,0,17,1,1,20.51628549,23.67821431
1290,S,S1,MESO,12w,74.23811206,70.1,9,0,0,0,0,1,17.4059326,26.70069007
1291,S,S1,MESO,12w,81.07319666,204,2,0,0,0,0,1,25.60611283,25.72087081
1292,S,S1,MESO,12w,13.39645793,144.8,1,0,0,1,1,1,12.52028588,14.58988739
1293,S,S1,MESO,12w,85.43946067,299,1,NA,NA,11,1,1,29.60613581,31.21969707
1294,S,S1,MESO,12w,7.892387604,59.8,1,0,0,0,0,1,7.810548039,10.70411345
1295,S,S1,MESO,12w,1.91134497,38.6,1,0,0,0,0,1,4.203441245,6.731533419
1296,S,S1p,CONT,12w,5.187476329,63.8,1,0,0,1,1,1,6.937842927,8.587281691
1297,S,S1p,CONT,12w,NA,NA,NA,NA,NA,NA,NA,NA,NA,NA
1298,S,S1p,CONT,12w,NA,NA,NA,NA,NA,NA,NA,NA,NA,NA
1299,S,S1p,CONT,12w,8.919688402,19.8,1,0,0,0,0,1,5.625527073,7.459358839
1300,S,S1p,CONT,12w,5.309291585,56.2,1,0,0,1,1,1,6.701931129,8.243641678
1301,S,S1p,CONT,12w,24.36689948,32.4,1,0,0,0,0,1,9.274174124,12.24171292
1302,S,S1p,CONT,12w,NA,NA,NA,NA,NA,0,0,NA,NA,8.170106233
1303,S,S1p,CONT,12w,NA,NA,NA,NA,NA,0,0,NA,NA,7.080124481
1304,S,S1p,CONT,12w,NA,NA,NA,NA,NA,0,0,NA,NA,4.381954997
1305,S,S1p,CONT,12w,NA,NA,NA,NA,NA,NA,NA,NA,NA,NA
1306,S,S1p,CONT,12w,NA,NA,NA,NA,NA,NA,NA,NA,NA,NA
1307,S,S1p,CONT,12w,5.147185404,63.4,1,0,0,0,0,1,6.905292255,7.78175893
1308,S,S1p,CONT,12w,35.99707548,133.7,2,0,0,0,0,1,16.95759905,16.57683274
1309,S,S1p,CONT,12w,3.048051732,54.9,1,0,0,0,0,1,5.525154351,6.829203666
1310,S,S1p,CONT,12w,5.391287153,87,1,0,0,0,0,1,7.794366557,4.668835316
1311,S,S1p,CONT,12w,29.51282825,196.5,1,0,0,0,0,1,18.04669542,18.90816118
1312,S,S1p,CONT,12w,40.37645564,222.4,1,0,0,7,1,1,20.88296211,23.14735857
1313,S,S1p,CONT,12w,NA,NA,NA,NA,NA,NA,NA,NA,NA,NA
1314,S,S1p,CONT,12w,13.4186847,32.7,2,0,0,0,0,1,7.622800658,9.234844789
1315,S,S1p,CONT,12w,NA,NA,NA,NA,NA,NA,NA,NA,NA,NA
1316,S,S1p,CONT,12w,20.34817416,52.7,1,0,0,1,1,1,10.27245051,12.52999136
1317,S,S1p,CONT,12w,36.31681108,98.9,1,0,0,0,0,1,15.3792081,11.74272908
1318,S,S1p,CONT,12w,10.23538741,85.6,1,0,0,1,1,1,9.602319471,10.62459244
1319,S,S1p,CONT,12w,27.80505848,82.2,1,0,0,0,0,1,13.22502983,12.81989452
1320,S,S1p,CONT,12w,7.450601137,54.9,1,0,0,0,0,1,7.446190852,8.412147539
1321,S,S1p,CONT,12w,57.54895087,214.4,1,0,0,6,1,1,23.22004052,20.5324336
1322,S,S1p,CONT,12w,27.43246559,156,1,0,0,0,0,1,16.30553329,18.16207485
1323,S,S1p,CONT,12w,7.694467267,136.1,2,0,0,0,0,1,10.19144165,5.479446838
1324,S,S1p,CONT,12w,12.06874234,134.9,1,0,0,3,1,1,11.80901024,12.03114425
1325,S,S1p,CONT,12w,NA,NA,NA,NA,NA,NA,NA,NA,NA,NA
1326,S,S1p,CONT,12w,NA,NA,NA,NA,NA,NA,NA,NA,NA,NA
1327,S,S1p,CONT,12w,NA,NA,NA,NA,NA,NA,NA,NA,NA,NA
1328,S,S1p,CONT,12w,NA,NA,NA,NA,NA,NA,NA,NA,NA,NA
1329,S,S1p,CONT,12w,NA,NA,NA,NA,NA,NA,NA,NA,NA,NA
1330,S,S1p,CONT,12w,NA,NA,NA,NA,NA,NA,NA,NA,NA,NA
1331,S,S2,CONT,12w,NA,NA,NA,NA,NA,NA,NA,NA,NA,NA
1332,S,S2,CONT,12w,37.28450015,168.1,1,0,0,0,0,1,18.52063854,16.2686138
1333,S,S2,CONT,12w,24.98320142,169.9,1,0,0,2,1,1,16.26112247,19.94861756
1334,S,S2,CONT,12w,89.08182319,193.2,4,1,1,5,1,1,25.94869281,30.28550831
1335,S,S2,CONT,12w,40.495522,228.5,2,NA,NA,NA,NA,1,21.09318818,22.53175639
1336,S,S2,CONT,12w,65.00654205,210,5,NA,NA,NA,NA,1,24.01727138,26.20459274
1337,S,S2,CONT,12w,70.3481135,264.5,2,14,1,7,1,1,26.63341895,31.38000585
1338,S,S2,CONT,12w,NA,NA,NA,NA,NA,NA,NA,NA,NA,NA
1339,S,S2,CONT,12w,NA,NA,NA,NA,NA,NA,NA,NA,NA,NA
1340,S,S2,CONT,12w,NA,NA,NA,NA,NA,NA,NA,1,NA,NA
1341,S,S2,CONT,12w,NA,NA,NA,NA,NA,NA,NA,1,NA,NA
1342,S,S2,CONT,12w,NA,NA,NA,NA,NA,NA,NA,NA,NA,NA
1343,S,S2,CONT,12w,2.010619298,41.3,1,0,0,NA,NA,NA,4.372696057,NA
1344,S,S2,CONT,12w,5.309291585,91.2,1,0,0,0,0,1,7.877610723,6.188162462
1345,S,S2,CONT,12w,1.5393804,NA,1,0,0,0,0,1,NA,5.474051992
1346,S,S2,CONT,12w,NA,NA,NA,NA,NA,NA,NA,NA,NA,NA
1347,S,S2,CONT,12w,1.130973355,22.8,1,0,0,0,0,1,2.959306376,3.77604325
1348,S,S2,CONT,12w,27.33971007,60.3,1,0,0,1,1,1,11.85847164,10.92369216
1349,S,S2,CONT,12w,NA,NA,NA,NA,NA,0,0,NA,NA,9.623822009
1350,S,S2,CONT,12w,NA,NA,NA,NA,NA,0,0,NA,NA,7.806902655
1351,S,S2,CONT,12w,NA,NA,NA,NA,NA,0,0,NA,NA,4.147165968
1352,S,S2,CONT,12w,NA,NA,NA,NA,NA,1,1,NA,NA,16.6913353
1353,S,S2,CONT,12w,NA,NA,NA,NA,NA,0,0,NA,NA,4.360765575
1354,S,S2,CONT,12w,NA,NA,NA,NA,NA,0,0,1,NA,NA
1355,S,S2,CONT,12w,18.8574099,73.6,1,0,0,2,1,1,11.19626237,13.40253851
1356,S,S2,CONT,12w,22.90221044,62.1,1,0,0,0,0,1,11.28794585,12.68773665
1357,S,S2,CONT,12w,25.51758633,80,1,0,0,0,0,1,12.73550053,12.38933753
1358,S,S2,CONT,12w,28.30574981,55.2,3,0,0,0,0,1,11.64798721,10.71255588
1359,S,S2,CONT,12w,NA,NA,NA,NA,NA,NA,NA,NA,NA,NA
1360,S,S2,CONT,12w,NA,NA,NA,NA,NA,NA,NA,NA,NA,NA
1361,S,S2,CONT,12w,0.785398163,11.6,0,0,0,0,0,1,2.090951238,2.993218084
1362,S,S2,CONT,12w,NA,NA,NA,NA,NA,NA,NA,NA,NA,NA
1363,S,S2,CONT,12w,1.5393804,NA,NA,NA,NA,0,0,1,NA,4.107002961
1364,S,S2,CONT,12w,15.20530844,115.6,1,2,1,2,1,1,12.11500752,14.72519076
1365,S,S2,CONT,12w,13.20254313,104.5,1,2,1,0,0,1,11.17402771,11.94972523
1366,S,S2,CONT,12w,33.9527626,102.9,3,0,0,1,1,1,15.23783542,18.35452911
1367,S,S2,CONT,12w,NA,NA,NA,NA,NA,0,0,NA,NA,13.21219571
1368,S,S2,CONT,12w,6.157521601,106.5,1,2,1,0,0,1,8.717068543,9.135612205
1369,S,S2,CONT,12w,NA,NA,NA,NA,NA,0,0,NA,NA,16.9978957
1370,S,S2,LMH,12w,NA,NA,NA,NA,NA,NA,NA,NA,NA,NA
1371,S,S2,LMH,12w,NA,NA,NA,NA,NA,NA,NA,NA,NA,NA
1372,S,S2,LMH,12w,112.484725,128.1,6,0,0,13,1,1,24.45444825,28.06046709
1373,S,S2,LMH,12w,NA,NA,NA,NA,NA,0,0,NA,NA,1.186572526
1374,S,S2,LMH,12w,177.8612681,180.1,5,0,0,40,1,1,31.92916171,33.90581311
1375,S,S2,LMH,12w,49.01669938,168.7,1,5,1,54,1,1,20.31603887,25.14366776
1376,S,S2,LMH,12w,404.7078196,235,5,72,1,45,1,1,45.91655046,47.4243453
1377,S,S2,LMH,12w,109.7751013,200.4,4,NA,NA,NA,NA,1,28.16472734,NA
1378,S,S2,LMH,12w,NA,NA,NA,NA,NA,NA,NA,NA,NA,NA
1379,S,S2,LMH,12w,38.48451001,141.9,2,16,1,7,1,1,17.68815585,22.08798832
1380,S,S3,LMH,12w,NA,NA,NA,NA,NA,NA,NA,NA,NA,NA
1381,S,S2,LMH,12w,28.81625862,75.7,3,0,0,2,1,1,13.02063496,NA
1382,S,S2,LMH,12w,23.75829444,70.4,3,0,0,1,1,1,11.91582699,15.88429798
1383,S,S2,LMH,12w,NA,NA,NA,NA,NA,NA,NA,NA,NA,NA
1384,S,S2,LMH,12w,15.20530844,90.5,2,0,0,2,1,1,11.164325,13.42222161
1385,S,S2,LMH,12w,31.80077164,98.1,5,0,0,11,1,1,14.67247294,5.796621068
1386,S,S2,LMH,12w,6.157521601,62.6,1,0,0,0,0,1,7.30005971,9.635117603
1387,S,S2,LMH,12w,118.8228881,83.7,20,0,0,12,1,1,21.60739925,21.90300341
1388,S,S2,LMH,12w,NA,NA,NA,NA,NA,NA,NA,NA,NA,NA
1389,S,S2,LMH,12w,41.85386813,51.4,1,1,1,2,1,1,12.96037204,18.84614893
1390,S,S2,LMH,12w,118.8228881,205,5,0,0,NA,NA,1,29.13930319,35.53598274
1391,S,S2,LMH,12w,31.17245311,73.5,6,0,0,2,1,1,13.23583784,21.14268709
1392,S,S2,LMH,12w,201.0619298,83.2,6,0,0,1,1,1,25.7036485,32.74619991
1393,S,S2,LMH,12w,34.69103688,73.4,4,0,0,14,1,1,13.71071431,21.96669897
1394,S,S2,LMH,12w,14.52201204,37.3,5,0,0,0,0,1,8.17813655,13.09328596
1395,S,S2,LMH,12w,137.5389264,250,5,NA,NA,NA,NA,1,32.6934103,17.92352663
1396,S,S2,LMH,12w,NA,NA,NA,NA,NA,NA,NA,NA,NA,NA
1397,S,S2,LMH,12w,NA,NA,NA,NA,NA,NA,NA,NA,NA,NA
1398,S,S2,LMH,12w,NA,NA,NA,NA,NA,0,0,NA,NA,1.261797483
1399,S,S2,LMH,12w,28.97333825,90.8,3,6,1,0,0,1,13.86088843,11.58342332
1400,S,S2,LMH,12w,NA,NA,NA,NA,NA,NA,NA,NA,NA,NA
1401,S,S2,LMH,12w,0.636172512,6.9,NA,0,0,0,0,1,1.638598219,4.395154627
1402,S,S2,LMH,12w,NA,NA,NA,NA,NA,0,0,1,NA,2.701943027
1403,S,S2,LMH,12w,0.282743339,4.3,NA,0,0,0,0,1,1.067408579,1.968677047
1404,S,S2,LMH,12w,NA,NA,NA,NA,NA,0,0,NA,NA,16.98534825
1405,S,S2,LMH,12w,NA,NA,NA,NA,NA,0,0,1,NA,19.20116765
1406,S,S2,LMH,12w,NA,NA,NA,NA,NA,NA,NA,NA,NA,NA
1407,S,S2,LMH,12w,NA,NA,NA,NA,NA,0,0,NA,NA,10.33110519
1408,S,S2,LMH,12w,63.57798133,139.6,3,7,1,0,0,1,20.80171838,27.36212666
1409,S,S2,LMH,12w,NA,NA,NA,NA,NA,NA,NA,NA,NA,NA
1410,S,S2,LMH,12w,16.61902514,112.4,1,2,1,0,0,1,12.36356079,14.87326135
1411,S,S2,MEGA,12w,51.5299735,219,1,1,1,1,1,1,22.53842732,24.50305558
1412,S,S2,MEGA,12w,NA,NA,NA,NA,NA,NA,NA,NA,NA,NA
1413,S,S2,MEGA,12w,NA,NA,NA,NA,NA,NA,NA,NA,NA,NA
1414,S,S2,MEGA,12w,NA,NA,NA,NA,NA,NA,NA,NA,NA,NA
1415,S,S2,MEGA,12w,NA,NA,NA,NA,NA,NA,NA,NA,NA,NA
1416,S,S2,MEGA,12w,NA,NA,NA,NA,NA,NA,NA,NA,NA,NA
1417,S,S2,MEGA,12w,NA,NA,NA,NA,NA,NA,NA,NA,NA,NA
1418,S,S2,MEGA,12w,NA,NA,NA,NA,NA,NA,NA,NA,NA,NA
1419,S,S2,MEGA,12w,NA,NA,NA,NA,NA,0,0,NA,NA,7.080095028
1420,S,S2,MEGA,12w,NA,NA,NA,NA,NA,0,0,NA,NA,1.519211694
1421,S,S2,MEGA,12w,NA,NA,NA,NA,NA,NA,NA,NA,NA,NA
1422,S,S2,MEGA,12w,NA,NA,NA,NA,NA,NA,NA,NA,NA,NA
1423,S,S2,MEGA,12w,NA,NA,NA,NA,NA,NA,NA,NA,NA,NA
1424,S,S2,MEGA,12w,73.89811319,341,1,NA,NA,NA,NA,1,29.47121302,29.38919388
1425,S,S2,MEGA,12w,NA,NA,NA,NA,NA,NA,NA,NA,NA,NA
1426,S,S2,MEGA,12w,16.61902514,46.9,3,0,0,0,0,1,9.234571421,10.30002145
1427,S,S2,MEGA,12w,114.9901451,366,3,NA,NA,NA,NA,1,34.97551838,39.93545954
1428,S,S2,MEGA,12w,0.3848451,11.6,0,0,0,0,0,1,1.647844543,2.692194789
1429,S,S2,MEGA,12w,NA,NA,NA,NA,NA,NA,NA,NA,NA,NA
1430,S,S2,MEGA,12w,NA,NA,NA,NA,NA,NA,NA,NA,NA,NA
1431,S,S2,MEGA,12w,NA,NA,NA,NA,NA,NA,NA,NA,NA,NA
1432,S,S2,MEGA,12w,NA,NA,NA,NA,NA,NA,NA,NA,NA,NA
1433,S,S2,MEGA,12w,NA,NA,NA,NA,NA,NA,NA,NA,NA,NA
1434,S,S2,MEGA,12w,NA,NA,NA,NA,NA,NA,NA,NA,NA,NA
1435,S,S2,MEGA,12w,11.34114948,214,1,0,0,NA,NA,1,13.49279247,16.70155272
1436,S,S2,MEGA,12w,10.75210086,82.4,1,0,0,3,1,1,9.638130688,11.51498903
1437,S,S2,MEGA,12w,3.801327111,42.2,2,0,0,0,0,1,5.447776681,7.72675594
1438,S,S2,MEGA,12w,23.22422369,30.8,3,0,0,0,0,1,8.973641243,9.297573599
1439,S,S2,MEGA,12w,9.079202769,32.7,3,0,0,0,0,1,6.690722688,7.390103565
1440,S,S2,MEGA,12w,18.8574099,183,1,0,0,NA,NA,1,15.17521072,17.36458052
1441,S,S2,MEGA,12w,5.309291585,15.4,9,0,0,0,0,1,4.350157278,6.176470333
1442,S,S2,MEGA,12w,16.61902514,13.2,4,0,0,0,0,1,6.047835343,8.678697435
1443,S,S2,MEGA,12w,NA,NA,NA,NA,NA,NA,NA,1,NA,26.33947565
1444,S,S2,MEGA,12w,6.157521601,82.8,1,0,0,0,0,1,8.014461619,9.876572463
1445,S,S2,MEGA,12w,13.8544236,316,NA,NA,NA,NA,NA,1,16.42992084,19.12987077
1446,S,S2,MEGA,12w,12.56637061,66.5,3,0,0,0,0,1,9.451847652,10.5450211
1447,S,S2,MEGA,12w,3.141592654,45.5,1,0,0,0,0,1,5.242011913,6.284484021
1448,S,S2,MEGA,12w,NA,NA,NA,NA,NA,NA,NA,NA,NA,NA
1449,S,S2,MEGA,12w,11.34114948,37.4,3,0,0,0,0,1,7.536978835,9.127452945
1450,S,S2,MEGA,12w,NA,NA,NA,NA,NA,NA,NA,NA,NA,NA
1451,S,S2,MEGA,12w,18.8574099,40.1,3,0,0,0,0,1,9.141679137,10.07908119
1452,S,S2,MEGA,12w,6.605198554,80.8,1,0,0,0,0,1,8.137760613,9.359489165
1453,S,S2,MEGA,12w,8.552985999,59.9,3,0,0,0,0,1,8.027461064,9.20248584
1454,S,S2,MESO,12w,4.263848089,67.4,1,0,0,0,0,1,6.618422102,8.399545606
1455,S,S2,MESO,12w,18.78051942,127.6,1,0,0,1,1,1,13.43573639,17.22648594
1456,S,S2,MESO,12w,22.81746598,140.9,1,1,1,17,1,1,14.82065173,18.3177501
1457,S,S2,MESO,12w,19.55649281,79.3,1,1,1,2,1,1,11.61892681,13.03172547
1458,S,S2,MESO,12w,38.26491268,80.6,1,0,0,7,1,1,14.61651341,17.41504658
1459,S,S2,MESO,12w,25.1607014,48.6,1,0,0,0,0,1,10.73275218,12.05483108
1460,S,S2,MESO,12w,6.742564693,31.2,3,0,0,0,0,1,5.963812633,5.209895375
1461,S,S2,MESO,12w,NA,NA,NA,NA,NA,NA,NA,NA,NA,NA
1462,S,S2,MESO,12w,NA,NA,NA,NA,NA,NA,NA,NA,NA,NA
1463,S,S2,MESO,12w,2.86521104,31.2,1,0,0,0,0,1,4.481701278,6.08622549
1464,S,S2,MESO,12w,NA,NA,NA,NA,NA,NA,NA,NA,NA,NA
1465,S,S2,MESO,12w,NA,NA,NA,NA,NA,NA,NA,NA,NA,NA
1466,S,S2,MESO,12w,22.98711199,56.4,NA,1,1,0,0,1,10.94441026,11.72918071
1467,S,S2,MESO,12w,7.942260388,37.2,1,0,0,0,0,1,6.679887384,7.731611213
1468,S,S2,MESO,12w,NA,NA,NA,NA,NA,NA,NA,NA,NA,NA
1469,S,S2,MESO,12w,7.258335667,70.5,1,1,1,0,0,1,8.024262631,9.772995137
1470,S,S2,MESO,12w,5.768042652,41.2,1,0,0,0,0,1,6.211549306,7.619674408
1471,S,S2,MESO,12w,3.300635782,33.5,1,0,0,0,0,1,4.811356821,16.86485707
1472,S,S2,MESO,12w,NA,NA,NA,NA,NA,NA,NA,NA,NA,NA
1473,S,S2,MESO,12w,13.01004204,21.1,1,0,0,0,0,1,6.517945359,7.785079888
1474,S,S2,MESO,12w,13.80195901,178.5,3,0,0,0,0,1,13.56046443,11.78942388
1475,S,S2,MESO,12w,NA,NA,NA,NA,NA,8,1,NA,NA,NA
1476,S,S2,MESO,12w,NA,NA,NA,NA,NA,0,0,NA,NA,9.359659041
1477,S,S2,MESO,12w,NA,NA,NA,NA,NA,0,0,NA,NA,3.821971522
1478,S,S2,MESO,12w,NA,NA,NA,NA,NA,16,1,NA,NA,30.74948397
1479,S,S2,MESO,12w,NA,NA,NA,NA,NA,0,0,NA,NA,7.483512153
1480,S,S2,MESO,12w,NA,NA,NA,NA,NA,1,1,NA,NA,7.64657684
1481,S,S2,MESO,12w,NA,NA,NA,NA,NA,NA,NA,NA,NA,NA
1482,S,S2,MESO,12w,NA,NA,NA,NA,NA,0,0,NA,NA,5.794820869
1483,S,S2,MESO,12w,NA,NA,NA,NA,NA,NA,NA,NA,NA,NA
1484,S,S2,MESO,12w,48.27496935,214.5,1,7,1,1,1,1,21.90043679,23.07325175
1485,S,S2,MESO,12w,NA,NA,NA,NA,NA,12,1,1,NA,39.9054469
1486,S,S2p,CONT,12w,6.834927517,19.7,1,0,0,0,0,1,5.138435525,1.869438336
1487,S,S2p,CONT,12w,10.36097257,52.8,1,0,0,NA,NA,NA,8.20520648,NA
1488,S,S2p,CONT,12w,NA,NA,NA,NA,NA,NA,NA,NA,NA,NA
1489,S,S2p,CONT,12w,NA,NA,NA,NA,NA,NA,NA,NA,NA,NA
1490,S,S2p,CONT,12w,27.06238598,121.5,1,1,1,0,0,1,14.93230965,13.36492527
1491,S,S2p,CONT,12w,NA,NA,NA,NA,NA,NA,NA,NA,NA,NA
1492,S,S2p,CONT,12w,NA,NA,NA,NA,NA,NA,NA,NA,NA,NA
1493,S,S2p,CONT,12w,18.4745283,85.5,1,0,0,0,0,1,11.69037829,10.95539909
1494,S,S2p,CONT,12w,NA,NA,NA,NA,NA,NA,NA,NA,NA,NA
1495,S,S2p,CONT,12w,NA,NA,NA,NA,NA,NA,NA,NA,NA,NA
1496,S,S2p,CONT,12w,44.76965881,203.2,1,0,0,0,0,1,20.97377063,17.13046391
1497,S,S2p,CONT,12w,0.59446787,10.5,0,0,0,0,0,1,1.84295977,1.871805552
1498,S,S2p,CONT,12w,NA,NA,NA,NA,NA,NA,NA,NA,NA,NA
1499,S,S2p,CONT,12w,NA,NA,NA,NA,NA,NA,NA,NA,NA,NA
1500,S,S2p,CONT,12w,NA,NA,NA,NA,NA,NA,NA,NA,NA,NA
1501,S,S2p,CONT,12w,NA,NA,NA,NA,NA,NA,NA,NA,NA,NA
1502,S,S2p,CONT,12w,NA,NA,NA,NA,NA,NA,NA,NA,NA,NA
1503,S,S2p,CONT,12w,NA,NA,NA,NA,NA,NA,NA,NA,NA,NA
1504,S,S2p,CONT,12w,NA,NA,NA,NA,NA,NA,NA,NA,NA,NA
1505,S,S2p,CONT,12w,NA,NA,NA,NA,NA,NA,NA,NA,NA,NA
1506,S,S2p,CONT,12w,NA,NA,NA,NA,NA,NA,NA,NA,NA,NA
1507,S,S2p,CONT,12w,NA,NA,NA,NA,NA,NA,NA,NA,NA,NA
1508,S,S2p,CONT,12w,25.69697127,NA,2,NA,NA,NA,NA,NA,NA,NA
1509,S,S2p,CONT,12w,18.81130703,74.1,2,0,0,1,1,1,11.21243167,10.7991762
1510,S,S2p,CONT,12w,NA,NA,NA,NA,NA,1,1,NA,NA,8.153186851
1511,S,S2p,CONT,12w,NA,NA,NA,NA,NA,NA,NA,NA,NA,NA
1512,S,S2p,CONT,12w,1.306981084,16.2,1,0,0,0,0,1,2.770840349,6.197058782
1513,S,S2p,CONT,12w,19.40004149,52.9,1,0,0,0,0,1,10.12290078,12.39345622
1514,S,S2p,CONT,12w,NA,NA,NA,NA,NA,0,0,NA,NA,17.08189331
1515,S,S2p,CONT,12w,NA,NA,NA,NA,NA,0,0,NA,NA,7.914459009
1516,S,S2p,CONT,12w,3.976078202,21.1,1,0,0,0,0,1,4.387704925,4.872737475
1517,S,S2p,CONT,12w,NA,NA,NA,NA,NA,0,0,NA,NA,2.801740598
1518,S,S2p,CONT,12w,NA,NA,NA,NA,NA,NA,NA,NA,NA,NA
1519,S,S2p,CONT,12w,NA,NA,NA,NA,NA,NA,NA,NA,NA,NA
1520,S,S2p,CONT,12w,NA,NA,NA,NA,NA,NA,NA,NA,NA,NA
1521,S,S3,CONT,12w,3.17308712,24.2,1,0,0,NA,NA,NA,4.259947649,NA
1522,S,S3,CONT,12w,2.405281875,27,1,0,0,NA,NA,NA,4.02819865,NA
1523,S,S3,CONT,12w,27.52537819,69.6,2,3,1,0,0,1,12.46826764,13.22069135
1524,S,S3,CONT,12w,NA,NA,NA,NA,NA,0,0,1,NA,7.649071962
1525,S,S3,CONT,12w,2.544690049,47.6,1,0,0,2,1,1,4.96006982,6.51898022
1526,S,S3,CONT,12w,NA,NA,NA,NA,NA,0,0,1,NA,7.604878482
1527,S,S3,CONT,12w,NA,NA,NA,NA,NA,NA,NA,NA,NA,NA
1528,S,S3,CONT,12w,9.025874234,74.5,1,0,0,1,1,1,8.790348106,12.19775993
1529,S,S3,CONT,12w,NA,NA,NA,NA,NA,NA,NA,NA,NA,NA
1530,S,S3,CONT,12w,24.89468705,118.9,2,3,1,18,1,1,14.41735223,17.88392567
1531,S,S3,CONT,12w,17.12867001,94.5,1,0,0,2,1,1,11.78616988,15.56307259
1532,S,S3,CONT,12w,3.07907496,29.3,1,0,0,0,0,1,4.495422482,5.360079845
1533,S,S3,CONT,12w,9.842295624,110.5,1,0,0,2,1,1,10.3209123,12.65611461
1534,S,S3,CONT,12w,26.87828865,174.3,1,1,1,4,1,1,16.80577158,17.66090286
1535,S,S3,CONT,12w,2.544690049,40.3,1,0,0,0,0,1,4.691912292,7.198110195
1536,S,S3,CONT,12w,7.021538121,70,1,0,0,2,1,1,7.917064081,11.54089359
1537,S,S3,CONT,12w,4.374353611,59.6,1,1,1,2,1,1,6.406667214,9.522018369
1538,S,S3,CONT,12w,2.89529179,42.2,1,0,0,NA,NA,1,4.974438256,NA
1539,S,S3,CONT,12w,6.742564693,75,1,0,0,1,1,1,7.992621099,10.07983981
1540,S,S3,CONT,12w,3.332915646,46.7,1,0,0,0,0,1,5.393165031,8.325156635
1541,S,S3,CONT,12w,NA,NA,NA,NA,NA,NA,NA,NA,NA,NA
1542,S,S3,CONT,12w,21.73008223,135,1,3,1,NA,NA,1,14.37426695,19.62609472
1543,S,S3,CONT,12w,23.9313962,130,1,5,1,3,1,1,14.65899767,18.33090558
1544,S,S3,CONT,12w,13.52651987,100.3,1,5,1,4,1,1,11.11161099,16.62062505
1545,S,S3,CONT,12w,9.456900746,98,1,3,1,3,1,1,9.784102915,14.66868725
1546,S,S3,CONT,12w,4.869547153,54.4,1,1,1,1,1,1,6.440874632,10.70801882
1547,S,S3,CONT,12w,NA,NA,NA,NA,NA,1,1,NA,NA,11.91683609
1548,S,S3,CONT,12w,NA,NA,NA,NA,NA,0,0,NA,NA,10.24451621
1549,S,S3,CONT,12w,NA,NA,NA,NA,NA,NA,NA,NA,NA,NA
1550,S,S3,CONT,12w,NA,NA,NA,NA,NA,NA,NA,NA,NA,NA
1551,S,S3,CONT,12w,NA,NA,NA,NA,NA,0,0,NA,NA,11.07759806
1552,S,S3,CONT,12w,4.987592497,40.8,1,0,0,0,0,1,5.898030624,7.23950684
1553,S,S3,CONT,12w,NA,NA,NA,NA,NA,0,0,NA,NA,9.060864508
1554,S,S3,CONT,12w,NA,NA,NA,NA,NA,0,0,NA,NA,1.38806397
1555,S,S3,CONT,12w,NA,NA,NA,NA,NA,7,1,NA,NA,12.76062284
1556,S,S3,CONT,12w,60.95954239,156.9,1,44,1,0,0,1,21.32750802,23.69834476
1557,S,S3,CONT,12w,NA,NA,NA,NA,NA,NA,NA,NA,NA,NA
1558,S,S3,CONT,12w,NA,NA,NA,NA,NA,NA,NA,NA,NA,NA
1559,S,S3,CONT,12w,NA,NA,NA,NA,NA,NA,NA,NA,NA,NA
1560,S,S3,CONT,12w,NA,NA,NA,NA,NA,NA,NA,0,NA,NA
1561,S,S3,CONT,12w,NA,NA,NA,NA,NA,0,0,1,NA,3.628409413
1562,S,S3,CONT,12w,11.16278556,57.6,1,0,0,5,1,1,8.659893533,11.0589186
1563,S,S3,CONT,12w,NA,NA,NA,NA,NA,NA,NA,NA,NA,NA
1564,S,S3,LMH,12w,9.786767974,74.8,1,2,1,5,1,1,9.043229211,11.46635919
1565,S,S3,LMH,12w,NA,NA,NA,NA,NA,NA,NA,NA,NA,NA
1566,S,S3,LMH,12w,9.511485918,103,1,0,0,NA,NA,1,9.9671349,NA
1567,S,S3,LMH,12w,0.567450173,4.5,NA,0,0,NA,NA,0,1.36748724,NA
1568,S,S3,LMH,12w,3.397946614,36.4,1,0,0,0,0,1,4.99479688,10.32430227
1569,S,S3,LMH,12w,38.92558962,163.6,1,3,1,0,0,1,18.61945698,20.6125968
1570,S,S3,LMH,12w,NA,NA,NA,NA,NA,0,0,NA,NA,1.533936891
1571,S,S3,LMH,12w,0.363168111,2.9,NA,0,0,0,0,1,1.017450999,1.386273475
1572,S,S3,LMH,12w,0.441786467,4.4,NA,0,0,0,0,1,1.248448098,1.810399624
1573,S,S3,LMH,12w,NA,NA,NA,NA,NA,NA,NA,NA,NA,NA
1574,S,S3,LMH,12w,NA,NA,NA,NA,NA,NA,NA,NA,NA,NA
1575,S,S3,LMH,12w,NA,NA,NA,NA,NA,NA,NA,NA,NA,NA
1576,S,S3,LMH,12w,NA,NA,NA,NA,NA,NA,NA,NA,NA,NA
1577,S,S3,LMH,12w,30.34974853,115,2,2,1,3,1,1,15.23271097,16.70123782
1578,S,S3,LMH,12w,33.49008455,143,1,9,1,6,1,1,16.9296433,19.15941354
1579,S,S3,LMH,12w,25.07187287,76.7,1,1,1,0,0,1,12.48399244,11.77757125
1580,S,S3,LMH,12w,78.39231856,161,3,3,1,NA,NA,1,23.39629607,26.29919426
1581,S,S3,LMH,12w,NA,NA,NA,NA,NA,0,0,NA,NA,2.583656177
1582,S,S3,LMH,12w,NA,NA,NA,NA,NA,0,0,NA,NA,2.084916104
1583,S,S3,LMH,12w,38.04594367,133.9,1,3,1,1,1,1,17.28252498,14.91030819
1584,S,S3,LMH,12w,NA,NA,NA,NA,NA,NA,NA,NA,NA,NA
1585,S,S3,LMH,12w,25.69697127,191,2,0,0,0,0,1,17.068983,18.33121007
1586,S,S3,LMH,12w,16.4029621,152,1,0,0,2,1,1,13.61464148,15.90201995
1587,S,S3,LMH,12w,42.89224304,129.4,1,0,0,2,1,1,17.78420326,17.80724946
1588,S,S3,LMH,12w,22.22865298,210,2,NA,NA,NA,NA,1,16.78554561,16.20739982
1589,S,S3,LMH,12w,NA,NA,NA,NA,NA,NA,NA,NA,NA,NA
1590,S,S3,LMH,12w,32.47220853,148,1,1,1,0,0,1,16.94945269,17.43988735
1591,S,S3,LMH,12w,37.04518933,147.5,NA,0,0,NA,NA,1,17.69163002,12.7873498
1592,S,S3,LMH,12w,NA,NA,NA,NA,NA,NA,NA,NA,NA,NA
1593,S,S3,LMH,12w,36.74532431,NA,5,3,1,5,1,1,NA,19.04258307
1594,S,S3,LMH,12w,NA,NA,NA,NA,NA,NA,NA,NA,NA,NA
1595,S,S3,LMH,12w,11.88472355,97.6,1,0,0,NA,NA,0,10.54530754,NA
1596,S,S3,LMH,12w,13.52651987,147,1,0,0,0,0,1,12.62412846,13.39166028
1597,S,S3,LMH,12w,NA,NA,NA,NA,NA,0,0,1,NA,10.61200131
1598,S,S3,LMH,12w,53.4561625,139,3,NA,NA,NA,NA,1,19.60346782,16.58680879
1599,S,S3,LMH,12w,NA,NA,NA,NA,NA,NA,NA,NA,NA,NA
1600,S,S3,LMH,12w,NA,NA,NA,NA,NA,NA,NA,NA,NA,NA
1601,S,S3,LMH,12w,NA,NA,NA,NA,NA,NA,NA,NA,NA,NA
1602,S,S3,LMH,12w,NA,NA,NA,NA,NA,NA,NA,NA,NA,NA
1603,S,S3,LMH,12w,NA,NA,NA,NA,NA,NA,NA,NA,NA,NA
1604,S,S3,LMH,12w,NA,NA,NA,NA,NA,8,1,1,NA,17.17804296
1605,S,S3,LMH,12w,NA,NA,NA,NA,NA,1,1,1,NA,20.36391981
1606,S,S3,LMH,12w,NA,NA,NA,NA,NA,0,0,1,NA,14.13165865
1607,S,S3,LMH,12w,NA,NA,NA,NA,NA,NA,NA,NA,NA,10.4650207
1608,S,S3,LMH,12w,NA,NA,NA,NA,NA,NA,NA,0,NA,11.28204087
1609,S,S3,LMH,12w,NA,NA,NA,NA,NA,NA,NA,0,NA,15.41804884
1610,S,S3,LMH,12w,9.186331078,NA,NA,NA,NA,NA,NA,NA,NA,NA
1611,S,S3,LMH,12w,35.99707548,NA,NA,NA,NA,NA,NA,NA,NA,17.21950423
1612,S,S3,LMH,12w,82.35496646,NA,NA,NA,NA,NA,NA,NA,NA,25.82603482
1613,S,S3,LMH,12w,NA,NA,NA,NA,NA,5,1,1,NA,54.36429078
1614,S,S3,LMH,12w,NA,NA,NA,NA,NA,0,0,1,NA,6.87575678
1615,S,S3,LMH,12w,4.791635655,61.4,1,0,0,0,0,1,6.670471929,9.15530104
1616,S,S3,LMH,12w,17.34944543,159.3,2,0,0,0,0,1,14.09097692,15.92503248
1617,S,S3,LMH,12w,12.5036173,136.9,1,0,0,2,1,1,12.00825137,14.62616176
1618,S,S3,LMH,12w,27.9922974,132.4,2,0,0,0,0,1,15.541103,19.14057624
1619,S,S3,LMH,12w,NA,NA,NA,NA,NA,NA,NA,NA,NA,NA
1620,S,S3,LMH,12w,NA,NA,NA,NA,NA,3,1,NA,NA,22.45157539
1621,S,S3,LMH,12w,NA,NA,NA,NA,NA,NA,NA,NA,NA,NA
1622,S,S3,LMH,12w,60.95954239,226.3,1,9,1,4,1,1,24.10142059,25.61626479
1623,S,S3,MEGA,12w,114.8001573,274,2,NA,NA,NA,NA,1,31.73579822,36.60521131
1624,S,S3,MEGA,12w,4.011499659,55.1,1,0,0,0,0,1,6.063098303,6.878399201
1625,S,S3,MEGA,12w,NA,NA,NA,NA,NA,NA,NA,NA,NA,NA
1626,S,S3,MEGA,12w,1.22718463,9.5,NA,0,0,0,0,1,2.270357865,2.901737265
1627,S,S3,MEGA,12w,3.17308712,23.1,1,0,0,0,0,1,4.19429899,5.259232721
1628,S,S3,MEGA,12w,0.622113885,5.7,NA,0,0,0,0,1,1.525919508,1.126824179
1629,S,S3,MEGA,12w,NA,NA,NA,NA,NA,NA,NA,NA,NA,NA
1630,S,S3,MEGA,12w,4.300526183,59.5,1,0,0,0,0,1,6.366793793,8.971535535
1631,S,S3,MEGA,12w,NA,NA,NA,NA,NA,0,0,1,NA,24.00584066
1632,S,S3,MEGA,12w,NA,NA,NA,NA,NA,NA,NA,NA,NA,NA
1633,S,S3,MEGA,12w,1.286796351,14.6,1,0,0,0,0,1,2.662425878,2.783406708
1634,S,S3,MEGA,12w,NA,NA,NA,NA,NA,NA,NA,NA,NA,NA
1635,S,S3,MEGA,12w,22.05154569,110,5,NA,NA,NA,NA,0,13.49031245,16.86072768
1636,S,S3,MEGA,12w,42.42917228,128.6,3,8,1,1,1,1,17.6832231,21.53232132
1637,S,S3,MEGA,12w,23.9313962,108.3,7,4,1,1,1,1,13.79193155,18.14506631
1638,S,S3,MEGA,12w,NA,NA,NA,NA,NA,NA,NA,NA,NA,NA
1639,S,S3,MEGA,12w,21.33400593,77.4,3,0,0,0,0,1,11.86487406,13.65961063
1640,S,S3,MEGA,12w,1.862650284,41.6,1,0,0,0,0,1,4.272827731,5.535382307
1641,S,S3,MEGA,12w,35.87243279,79.1,4,2,1,0,0,1,14.21539654,12.6903018
1642,S,S3,MEGA,12w,19.0140183,84.9,7,0,0,0,0,1,11.77553932,12.75724003
1643,S,S3,MEGA,12w,4.300526183,68.7,1,1,1,0,0,1,6.679842567,7.41161197
1644,S,S3,MEGA,12w,4.675946506,59.4,1,0,0,0,0,1,6.543522743,7.842853595
1645,S,S3,MEGA,12w,35.03951804,123.6,3,3,1,3,1,1,16.37068049,20.51496095
1646,S,S3,MEGA,12w,5.939573611,41.6,1,0,0,0,0,1,6.292882657,7.312418961
1647,S,S3,MEGA,12w,13.98668465,43.7,4,0,0,0,0,1,8.514678702,8.995050279
1648,S,S3,MEGA,12w,NA,NA,NA,NA,NA,NA,NA,NA,NA,NA
1649,S,S3,MEGA,12w,18.55079046,105.6,3,1,1,1,1,1,12.56142884,12.99878139
1650,S,S3,MEGA,12w,2.9333836,6.6,1,0,0,0,0,1,2.689269289,2.66501552
1651,S,S3,MEGA,12w,1.838538561,20.6,1,0,0,NA,NA,1,3.36454935,NA
1652,S,S3,MEGA,12w,51.10122464,93,3,1,1,0,0,1,16.88625768,23.80886218
1653,S,S3,MEGA,12w,1.743662463,35.5,1,0,0,NA,NA,NA,3.964184088,NA
1654,S,S3,MEGA,12w,NA,NA,NA,NA,NA,NA,NA,NA,NA,NA
1655,S,S3,MEGA,12w,NA,NA,NA,NA,NA,NA,NA,NA,NA,NA
1656,S,S3,MEGA,12w,NA,NA,NA,NA,NA,NA,NA,NA,NA,NA
1657,S,S3,MEGA,12w,NA,NA,NA,NA,NA,NA,NA,NA,NA,NA
1658,S,S3,MEGA,12w,37.60989061,264.2,1,3,1,9,1,1,21.60091108,24.57736603
1659,S,S3,MEGA,12w,NA,NA,NA,NA,NA,NA,NA,NA,NA,NA
1660,S,S3,MEGA,12w,88.09834761,111.7,8,2,1,10,1,1,21.5310519,28.06107618
1661,S,S3,MEGA,12w,3.430697718,89.5,1,0,0,0,0,1,6.766289382,8.579005515
1662,S,S3,MEGA,12w,10.98583535,92.1,1,0,0,0,0,1,10.07503578,12.5462993
1663,S,S3,MEGA,12w,3.698361412,78,0,0,0,0,0,1,6.626783042,6.48497351
1664,S,S3,MEGA,12w,10.41540066,55.2,1,0,0,0,0,1,8.342460823,9.911296951
1665,S,S3,MEGA,12w,9.953822164,68,4,0,0,0,0,1,8.809649389,10.88521234
1666,S,S3,MEGA,12w,8.143322317,64.9,1,0,0,0,0,1,8.111211892,8.20751592
1667,S,S3,MEGA,12w,3.766848131,49.6,0,1,1,0,0,1,5.732236818,7.10239845
1668,S,S3,MEGA,12w,5.391287153,44.5,2,0,0,0,0,1,6.231285684,8.94565754
1669,S,S3,MEGA,12w,12.31629984,96.4,1,1,1,2,1,1,10.62765043,11.51757354
1670,S,S3,MEGA,12w,NA,NA,NA,NA,NA,0,0,NA,NA,3.923920784
1671,S,S3,MEGA,12w,NA,NA,NA,NA,NA,NA,NA,NA,NA,NA
1672,S,S3,MEGA,12w,15.52653629,85.7,2,4,1,0,0,1,11.03982395,13.29842202
1673,S,S3,MEGA,12w,NA,NA,NA,NA,NA,0,0,NA,NA,5.357162896
1674,S,S3,MEGA,12w,NA,NA,NA,NA,NA,1,1,NA,NA,17.04744182
1675,S,S3,MEGA,12w,NA,NA,NA,NA,NA,2,1,NA,NA,13.65168895
1676,S,S3,MEGA,12w,NA,NA,NA,NA,NA,NA,NA,NA,NA,NA
1677,S,S3,MESO,12w,6.334707427,59.9,1,0,0,0,0,1,7.261849804,8.439444737
1678,S,S3,MESO,12w,6.788667565,48.6,1,0,0,0,0,1,6.930614866,6.981136991
1679,S,S3,MESO,12w,6.650830187,67.6,1,0,0,0,0,1,7.684960271,10.95663578
1680,S,S3,MESO,12w,9.56622817,79.5,1,1,1,0,0,1,9.159133793,12.4752826
1681,S,S3,MESO,12w,NA,NA,NA,NA,NA,NA,NA,NA,NA,NA
1682,S,S3,MESO,12w,NA,NA,NA,NA,NA,NA,NA,NA,NA,NA
1683,S,S3,MESO,12w,NA,NA,NA,NA,NA,NA,NA,NA,NA,NA
1684,S,S3,MESO,12w,NA,NA,NA,NA,NA,NA,NA,NA,NA,NA
1685,S,S3,MESO,12w,37.8714282,75.5,NA,3,1,0,0,1,14.25173695,12.98953117
1686,S,S3,MESO,12w,NA,NA,NA,NA,NA,NA,NA,NA,NA,NA
1687,S,S3,MESO,12w,28.65258164,131.5,3,0,0,1,1,1,15.62691292,14.3022064
1688,S,S3,MESO,12w,NA,NA,NA,NA,NA,NA,NA,NA,NA,NA
1689,S,S3,MESO,12w,31.79118978,150.9,2,0,0,0,0,1,16.93932516,15.6552527
1690,S,S3,MESO,12w,137.2323069,156.2,6,1,1,0,0,1,27.92190348,24.87635014
1691,S,S3,MESO,12w,NA,NA,NA,NA,NA,NA,NA,1,NA,NA
1692,S,S3,MESO,12w,34.41960327,162,2,0,0,NA,NA,1,17.81167362,NA
1693,S,S3,MESO,12w,23.07217061,211,2,0,0,NA,NA,1,17.02253961,NA
1694,S,S3,MESO,12w,42.42917228,271,1,1,1,NA,NA,1,22.67972259,NA
1695,S,S3,MESO,12w,NA,NA,NA,NA,NA,NA,NA,NA,NA,NA
1696,S,S3,MESO,12w,NA,NA,NA,NA,NA,NA,NA,NA,NA,26.48073312
1697,S,S3,MESO,12w,NA,NA,NA,NA,NA,NA,NA,NA,NA,NA
1698,S,S3,MESO,12w,NA,NA,NA,NA,NA,0,0,NA,NA,16.41458908
1699,S,S3,MESO,12w,NA,NA,NA,NA,NA,NA,NA,NA,NA,23.54804853
1700,S,S3,MESO,12w,NA,NA,NA,NA,NA,0,0,NA,NA,15.99314025
1701,S,S3,MESO,12w,NA,NA,NA,NA,NA,NA,NA,NA,NA,NA
1702,S,S3,MESO,12w,2.83528737,43.7,1,0,0,0,0,1,4.99771806,6.029389458
1703,S,S3,MESO,12w,NA,NA,NA,NA,NA,NA,NA,NA,NA,NA
1704,S,S3,MESO,12w,56.07939236,53.1,14,0,0,0,0,1,14.44629964,12.44650851
1705,S,S3,MESO,12w,NA,NA,NA,NA,NA,NA,NA,NA,NA,NA
1706,S,S3,MESO,12w,NA,NA,NA,NA,NA,NA,NA,NA,NA,NA
1707,S,S3,MESO,12w,NA,NA,NA,NA,NA,NA,NA,NA,NA,NA
1708,S,S3,MESO,12w,NA,NA,NA,NA,NA,NA,NA,NA,NA,NA
1709,S,S3,MESO,12w,NA,NA,NA,NA,NA,NA,NA,NA,NA,NA
1710,S,S3,MESO,12w,NA,NA,NA,NA,NA,NA,NA,NA,NA,NA
1711,S,S3,MESO,12w,57.41456924,215,2,10,1,1,1,1,23.22358177,29.91106252
1712,S,S3,MESO,12w,4.791635655,82,1,0,0,0,0,1,7.346883513,8.579200535
1713,S,S3,MESO,12w,8.814130889,109.8,1,0,0,1,1,1,9.92658082,14.77855999
1714,S,S3,MESO,12w,11.22208312,138,1,4,1,1,1,1,11.61346557,15.14033022
1715,S,S3,MESO,12w,NA,NA,NA,NA,NA,NA,NA,NA,NA,NA
1716,S,S3,MESO,12w,5.725552611,86.3,1,0,0,0,0,1,7.931061431,10.24122678
1717,C,C3,MEGA,12w,NA,NA,NA,NA,NA,NA,NA,NA,NA,NA
1718,N,N2,LMH,12w,NA,NA,NA,NA,NA,NA,NA,NA,NA,NA
1719,S,S1,MESO,12w,NA,NA,NA,NA,NA,NA,NA,NA,NA,NA
1,C,C1,CONT,12s,40.03928421,90.9,5,0,0,NA,NA,1,15.44729114,17.78112975
2,C,C1,CONT,12s,NA,NA,NA,NA,NA,NA,NA,1,NA,NA
3,C,C1,CONT,12s,NA,NA,NA,NA,NA,NA,NA,NA,NA,NA
4,C,C1,CONT,12s,NA,NA,NA,NA,NA,NA,NA,NA,NA,NA
5,C,C1,LMH,12s,47.41676478,177,NA,NA,NA,NA,NA,NA,20.4169581,19.45981598
6,C,C1,LMH,12s,NA,NA,NA,NA,NA,NA,NA,NA,NA,NA
7,C,C1,LMH,12s,NA,NA,NA,NA,NA,0,0,1,NA,4.893444758
8,C,C1,LMH,12s,7.40229915,57,1,0,0,0,0,1,7.523738984,5.808355954
9,C,C1,LMH,12s,NA,NA,NA,NA,NA,NA,NA,NA,NA,NA
10,C,C1,LMH,12s,67.92908715,400,3,NA,NA,NA,NA,1,30.22207151,35.48949562
11,C,C1,LMH,12s,31.27149181,185,NA,NA,NA,NA,NA,NA,18.03209251,NA
12,C,C1,MEGA,12s,NA,NA,NA,NA,NA,NA,NA,NA,NA,NA
13,C,C1,MEGA,12s,25.69697127,130,1,3,1,6,1,1,15.01152607,19.4756208
14,C,C1,MESO,12s,NA,NA,NA,NA,NA,NA,NA,NA,NA,NA
15,C,C1,MESO,12s,NA,NA,NA,NA,NA,0,0,NA,NA,4.207963024
16,C,C1,MESO,12s,NA,NA,NA,NA,NA,0,0,1,NA,2.014723199
17,C,C1,MESO,12s,NA,NA,NA,NA,NA,NA,NA,NA,NA,NA
18,C,C1,MESO,12s,NA,NA,NA,NA,NA,NA,NA,NA,NA,NA
19,C,C2,LMH,12s,NA,NA,NA,NA,NA,NA,NA,NA,NA,NA
20,C,C2,LMH,12s,0.119459061,5,1,0,0,0,0,1,0.841939723,1.842290642
21,C,C2,LMH,12s,NA,NA,NA,NA,NA,0,0,NA,NA,4.844354061
22,C,C2,LMH,12s,NA,NA,NA,NA,NA,0,0,NA,NA,2.170544423
23,C,C2,LMH,12s,NA,NA,NA,NA,NA,NA,NA,NA,NA,NA
24,C,C2,LMH,12s,0.001963495,3.5,1,0,0,0,0,1,0.189634657,1.566664266
25,C,C2,LMH,12s,NA,NA,NA,NA,NA,0,0,NA,NA,3.005414185
26,C,C2,MEGA,12s,NA,NA,NA,NA,NA,NA,NA,NA,NA,NA
27,C,C2,MEGA,12s,NA,NA,NA,NA,NA,NA,NA,NA,NA,NA
28,C,C3,CONT,12s,1.36847776,2.7,NA,0,0,NA,NA,NA,1.547009862,NA
29,C,C3,CONT,12s,13.13821902,57.6,3,0,0,0,0,1,9.144016499,10.43568353
30,C,C3,CONT,12s,NA,NA,NA,NA,NA,NA,NA,NA,NA,NA
31,C,C3,LMH,12s,69.54551511,73.4,6,0,0,NA,NA,NA,17.29417019,NA
32,C,C3,LMH,12s,NA,NA,NA,NA,NA,NA,NA,NA,NA,NA
33,C,C3,LMH,12s,NA,11.5,1,0,0,0,0,1,NA,3.139918502
34,C,C3,LMH,12s,130.6981084,217,2,0,0,NA,NA,NA,30.65760648,NA
35,C,C3,LMH,12s,2.010619298,13,1,0,0,0,0,1,2.972726515,0.884397065
36,C,C3,LMH,12s,NA,NA,NA,NA,NA,NA,NA,NA,NA,NA
37,C,C3,MEGA,12s,NA,NA,NA,NA,NA,NA,NA,NA,NA,NA
38,C,C3,MEGA,12s,73.89811319,220,1,10,1,NA,NA,NA,25.45985949,NA
39,C,C3,MEGA,12s,31.17245311,74,2,0,0,NA,NA,0,13.26582964,13.58950491
40,C,C3,MEGA,12s,44.17864669,200,1,0,0,NA,NA,NA,20.77056408,NA
41,C,C3,MESO,12s,0.220618344,3.5,NA,0,0,NA,NA,NA,0.917301294,NA
42,C,C3,MESO,12s,NA,NA,NA,NA,NA,0,0,1,NA,5.250260489
43,N,N1,CONT,12s,NA,NA,NA,NA,NA,NA,NA,NA,NA,NA
44,N,N1,CONT,12s,NA,NA,NA,NA,NA,NA,NA,NA,NA,NA
45,N,N1,CONT,12s,4.337361357,47,1,1,1,0,0,1,5.90153337,6.939594555
46,N,N1,CONT,12s,6.026281568,42,1,0,0,NA,NA,NA,6.343637976,NA
47,N,N1,CONT,12s,NA,NA,NA,NA,NA,NA,NA,NA,NA,NA
48,N,N1,LMH,12s,10.23538741,20.4,NA,NA,NA,NA,NA,NA,5.948953351,NA
49,N,N1,LMH,12s,0.899202357,3.9,NA,0,0,NA,NA,NA,1.520272957,NA
50,N,N1,LMH,12s,9.240130853,88.1,1,0,0,NA,NA,NA,9.369541844,NA
51,N,N1,LMH,12s,34.211944,101.4,1,0,0,NA,NA,NA,15.2018613,NA
52,N,N1,LMH,12s,23.07217061,139.6,1,2,1,NA,NA,NA,14.82971715,NA
53,N,N1,LMH,12s,NA,NA,NA,NA,NA,NA,NA,NA,NA,NA
54,N,N1,MEGA,12s,2.805520779,46,1,0,0,0,0,1,5.066154997,4.461289676
55,N,N1,MEGA,12s,NA,NA,NA,NA,NA,NA,NA,NA,NA,NA
56,N,N1,MEGA,12s,NA,NA,NA,NA,NA,NA,NA,NA,NA,NA
57,N,N1,MEGA,12s,32.57328927,77,NA,NA,NA,NA,NA,NA,13.64173786,NA
58,N,N1,MEGA,12s,NA,NA,NA,NA,NA,NA,NA,NA,NA,NA
59,N,N1,MEGA,12s,NA,NA,NA,NA,NA,NA,NA,NA,NA,NA
60,N,N1,MEGA,12s,6.605198554,7,NA,NA,NA,NA,NA,NA,3.596274907,NA
61,N,N1,MEGA,12s,32.37128486,118,7,3,1,7,1,1,15.69858124,19.2341071
62,N,N1,MESO,12s,NA,NA,NA,NA,NA,NA,NA,NA,NA,NA
63,N,N1,MESO,12s,115.18029,270,NA,NA,NA,NA,NA,NA,31.61524143,NA
64,N,N1,MESO,12s,240.2533767,265,NA,NA,NA,NA,NA,NA,40.15886066,NA
65,N,N1,MESO,12s,127.876644,207,NA,NA,NA,NA,NA,NA,29.95943678,NA
66,N,N1,MESO,12s,NA,NA,NA,NA,NA,NA,NA,NA,NA,NA
67,N,N1,MESO,12s,NA,NA,NA,NA,NA,NA,NA,NA,NA,NA
68,N,N1,MESO,12s,NA,NA,NA,NA,NA,NA,NA,NA,NA,NA
69,N,N1,MESO,12s,368.4739466,198,NA,NA,NA,NA,NA,NA,42.02722776,NA
70,N,N1p,CONT,12s,NA,NA,NA,NA,NA,NA,NA,NA,NA,NA
71,N,N1p,CONT,12s,NA,NA,NA,NA,NA,NA,NA,NA,NA,NA
72,N,N1p,CONT,12s,27.96975647,70.7,4,4,1,NA,NA,NA,12.60090489,NA
73,N,N1p,CONT,12s,NA,NA,NA,NA,NA,NA,NA,NA,NA,NA
74,N,N1p,CONT,12s,79.64322222,180.1,2,28,1,NA,NA,1,24.41725279,NA
75,N,N1p,CONT,12s,14.93010493,80.6,1,6,1,NA,NA,1,10.67547341,NA
76,N,N1p,CONT,12s,NA,NA,NA,NA,NA,NA,NA,NA,NA,NA
77,N,N1p,CONT,12s,40.48916028,89.1,4,8,1,NA,NA,1,15.40183446,NA
78,N,N1p,CONT,12s,18.93445746,109.9,1,5,1,NA,NA,NA,12.81722378,NA
79,N,N2,CONT,12s,108.5234908,61.7,3,0,0,NA,NA,NA,18.93397139,NA
80,N,N2,CONT,12s,NA,NA,NA,NA,NA,NA,NA,NA,NA,NA
81,N,N2,CONT,12s,52.29620795,168,1,35,1,NA,NA,NA,20.73127665,NA
82,N,N2,CONT,12s,27.2391791,72,1,1,1,NA,NA,NA,12.56625953,NA
83,N,N2,CONT,12s,NA,NA,NA,NA,NA,3,1,1,NA,8.052056737
84,N,N2,CONT,12s,41.39645224,171,1,9,1,NA,NA,NA,19.28875825,NA
85,N,N2,CONT,12s,12.07392597,42.5,1,0,0,NA,NA,NA,8.031737696,NA
86,N,N2,LMH,12s,NA,NA,NA,NA,NA,NA,NA,NA,NA,NA
87,N,N2,LMH,12s,48.15189746,131,1,4,1,NA,NA,NA,18.56038359,NA
88,N,N2,LMH,12s,NA,NA,NA,NA,NA,NA,NA,NA,NA,NA
89,N,N2,MEGA,12s,NA,NA,NA,NA,NA,NA,NA,NA,NA,NA
90,N,N2,MEGA,12s,NA,NA,NA,NA,NA,1,1,1,NA,24.8436922
91,N,N2,MEGA,12s,51.14897685,134.5,1,2,1,NA,NA,NA,19.10577001,NA
92,N,N2,MESO,12s,NA,NA,NA,NA,NA,NA,NA,NA,NA,NA
93,N,N2,MESO,12s,16.76385256,177.8,1,20,1,5,1,1,14.45082866,36.20050884
94,N,N2,MESO,12s,165.7461087,176.4,3,2,1,0,0,1,30.97058091,47.03581425
95,N,N2p,CONT,12s,NA,NA,NA,NA,NA,NA,NA,NA,NA,NA
96,N,N2p,CONT,12s,NA,NA,NA,NA,NA,NA,NA,NA,NA,NA
97,N,N2p,CONT,12s,NA,NA,NA,NA,NA,NA,NA,NA,NA,NA
98,N,N2p,CONT,12s,NA,NA,NA,NA,NA,NA,NA,NA,NA,NA
99,N,N2p,CONT,12s,NA,NA,NA,NA,NA,NA,NA,NA,NA,NA
100,N,N2p,CONT,12s,7.354154243,34.2,NA,0,0,NA,NA,1,6.330291196,NA
101,N,N3,CONT,12s,NA,NA,NA,NA,NA,NA,NA,NA,NA,NA
102,N,N3,CONT,12s,21.23716634,8.5,NA,NA,NA,NA,NA,NA,5.666762222,13.02934199
103,N,N3,CONT,12s,NA,NA,NA,NA,NA,NA,NA,NA,NA,NA
104,N,N3,CONT,12s,3.463605901,50,1,0,0,NA,NA,NA,5.588818807,NA
105,N,N3,CONT,12s,NA,NA,NA,NA,NA,NA,NA,NA,NA,NA
106,N,N3,CONT,12s,NA,NA,NA,NA,NA,NA,NA,NA,NA,NA
107,N,N3,CONT,12s,NA,NA,NA,NA,NA,NA,NA,NA,NA,NA
108,N,N3,CONT,12s,NA,NA,NA,NA,NA,NA,NA,NA,NA,NA
109,N,N3,CONT,12s,NA,NA,NA,NA,NA,NA,NA,NA,NA,NA
110,N,N3,CONT,12s,NA,NA,NA,NA,NA,NA,NA,NA,NA,NA
111,N,N3,CONT,12s,NA,NA,NA,NA,NA,NA,NA,NA,NA,NA
112,N,N3,LMH,12s,5.557163245,42.3,1,0,0,NA,NA,NA,6.188994716,NA
113,N,N3,LMH,12s,NA,NA,NA,NA,NA,NA,NA,NA,NA,NA
114,N,N3,MEGA,12s,7.327843404,10.4,NA,NA,NA,NA,NA,NA,4.249194587,NA
115,N,N3,MEGA,12s,7.450601137,50,3,0,0,NA,NA,0,7.217372506,8.527072214
116,N,N3,MESO,12s,2.06119894,NA,NA,NA,NA,NA,NA,NA,NA,NA
117,N,N3,MESO,12s,10.34911306,64,1,1,1,0,0,1,8.746115524,10.37896837
118,N,N3,MESO,12s,NA,NA,NA,NA,NA,NA,NA,NA,NA,NA
119,N,N3,MESO,12s,41.85386813,136,1,10,1,0,0,1,17.9346906,18.02659171
120,S,S1,CONT,12s,12.81895466,92.3,1,0,0,0,0,1,10.61537876,8.333974841
121,S,S1,CONT,12s,NA,NA,NA,NA,NA,0,0,NA,NA,8.066900397
122,S,S1,CONT,12s,7.992290251,68.3,1,1,1,0,0,1,8.199263874,8.441234325
123,S,S1,CONT,12s,69.98965777,155.4,3,13,1,0,0,1,22.26258727,17.09803839
124,S,S1,CONT,12s,27.87566577,64,4,3,1,1,1,1,12.17524564,13.5242946
125,S,S1,CONT,12s,4.675946506,49,1,0,0,0,0,1,6.136278655,6.264771224
126,S,S1,CONT,12s,16.11707717,40.4,4,0,0,NA,NA,0,8.696401228,7.705905464
127,S,S1,LMH,12s,1.056831769,6.3,1,0,0,NA,NA,NA,1.883099252,NA
128,S,S1,LMH,12s,119.5969766,420,1,NA,NA,NA,NA,1,37.10334149,37.60247349
129,S,S1,LMH,12s,1.960667975,24.8,1,0,0,NA,NA,NA,3.657250966,NA
130,S,S1,LMH,12s,NA,NA,NA,NA,NA,NA,NA,NA,NA,NA
131,S,S1,MEGA,12s,NA,NA,NA,NA,NA,NA,NA,NA,NA,NA
132,S,S1,MEGA,12s,NA,NA,NA,NA,NA,NA,NA,NA,NA,NA
133,S,S1p,CONT,12s,5.187476329,31.9,1,0,0,NA,NA,NA,5.504602466,NA
134,S,S1p,CONT,12s,NA,NA,NA,NA,NA,NA,NA,NA,NA,NA
135,S,S1p,CONT,12s,NA,NA,NA,NA,NA,NA,NA,NA,NA,NA
136,S,S1p,CONT,12s,12.00724566,123.5,NA,NA,NA,NA,NA,NA,11.44646504,NA
137,S,S1p,CONT,12s,16.76385256,88.2,NA,NA,NA,NA,NA,NA,11.43531382,12.77994157
138,S,S1p,CONT,12s,14.32008617,140,1,3,1,0,0,1,12.65882311,9.094296909
139,S,S1p,CONT,12s,6.6966189,30,1,0,0,0,0,1,5.8728114,6.085000791
140,S,S1p,CONT,12s,NA,NA,NA,NA,NA,NA,NA,NA,NA,NA
141,S,S1p,CONT,12s,3.664353671,31,1,0,0,NA,NA,0,4.854887399,6.284487101
142,S,S1p,CONT,12s,NA,NA,NA,NA,NA,0,0,NA,NA,1.4766816
143,S,S2,CONT,12s,NA,NA,NA,NA,NA,NA,NA,NA,NA,15.70105996
144,S,S2,CONT,12s,NA,NA,NA,NA,NA,NA,NA,NA,NA,NA
145,S,S2,CONT,12s,NA,NA,NA,NA,NA,NA,NA,NA,NA,NA
146,S,S2,CONT,12s,NA,NA,NA,NA,NA,NA,NA,NA,NA,NA
147,S,S2,CONT,12s,NA,NA,NA,NA,NA,NA,NA,NA,NA,NA
148,S,S2,CONT,12s,7.163145409,32,1,0,0,NA,NA,NA,6.137166145,NA
149,S,S2,LMH,12s,0.567450173,5.3,NA,0,0,0,0,1,1.4442677,4.175008425
150,S,S2,LMH,12s,1.862650284,23.1,1,0,0,0,0,1,3.510938654,4.081277812
151,S,S2,LMH,12s,NA,NA,NA,NA,NA,NA,NA,NA,NA,NA
152,S,S2,MEGA,12s,1.431388153,6.6,0,0,0,NA,NA,NA,2.11642648,NA
153,S,S2,MEGA,12s,NA,NA,NA,NA,NA,NA,NA,NA,NA,NA
154,S,S2,MEGA,12s,0.708821842,10.5,1,0,0,0,0,1,1.954451102,4.702199568
155,S,S2,MEGA,12s,NA,NA,NA,NA,NA,NA,NA,NA,NA,NA
156,S,S2,MEGA,12s,NA,NA,NA,NA,NA,NA,NA,NA,NA,NA
157,S,S2,MEGA,12s,60.82123377,43.6,1,0,0,NA,NA,NA,13.89777554,NA
158,S,S2,MEGA,12s,NA,NA,NA,NA,NA,NA,NA,NA,NA,NA
159,S,S2,MEGA,12s,0.204282062,6.5,1,0,0,NA,NA,NA,1.099287626,NA
160,S,S2,MEGA,12s,55.94673861,333.6,1,NA,NA,0,0,1,26.66051273,8.167873306
161,S,S2,MEGA,12s,15.20530844,68.9,1,0,0,0,0,1,10.19283448,9.796679316
162,S,S2,MEGA,12s,NA,NA,NA,NA,NA,NA,NA,NA,NA,NA
163,S,S2,MEGA,12s,19.0116621,15.9,11,0,0,0,0,1,6.731073137,6.585585367
164,S,S2,MEGA,12s,NA,NA,NA,NA,NA,NA,NA,NA,NA,NA
165,S,S2,MESO,12s,NA,NA,NA,NA,NA,NA,NA,NA,NA,NA
166,S,S2,MESO,12s,NA,NA,NA,NA,NA,NA,NA,NA,NA,NA
167,S,S2,MESO,12s,7.892387604,51.6,4,0,0,NA,NA,NA,7.43529146,NA
168,S,S2,MESO,12s,143.9883019,273,1,4,1,NA,NA,NA,34.18730963,NA
169,S,S2p,CONT,12s,NA,NA,NA,NA,NA,NA,NA,NA,NA,NA
170,S,S2p,CONT,12s,NA,NA,NA,NA,NA,NA,NA,NA,NA,NA
171,S,S2p,CONT,12s,NA,NA,NA,NA,NA,NA,NA,NA,NA,NA
172,S,S2p,CONT,12s,NA,NA,NA,NA,NA,NA,NA,NA,NA,NA
173,S,S2p,CONT,12s,NA,NA,NA,NA,NA,NA,NA,NA,NA,NA
174,S,S2p,CONT,12s,NA,NA,NA,NA,NA,NA,NA,NA,NA,NA
175,S,S2p,CONT,12s,NA,NA,NA,NA,NA,NA,NA,NA,NA,NA
176,S,S2p,CONT,12s,NA,NA,NA,NA,NA,NA,NA,NA,NA,NA
177,S,S2p,CONT,12s,NA,NA,NA,NA,NA,NA,NA,NA,NA,NA
178,S,S2p,CONT,12s,20.74990532,58,NA,NA,NA,NA,NA,NA,10.67585264,NA
179,S,S2p,CONT,12s,32.57328927,67.6,1,0,0,0,0,1,13.06148463,12.57123594
180,S,S2p,CONT,12s,NA,NA,NA,NA,NA,NA,NA,NA,NA,NA
181,S,S2p,CONT,12s,NA,NA,NA,NA,NA,NA,NA,NA,NA,NA
182,S,S2p,CONT,12s,1.188228881,8.4,NA,0,0,0,0,1,2.155633084,2.492432781
183,S,S2p,CONT,12s,6.742564693,55.7,1,0,0,0,0,1,7.236922708,7.516708365
184,S,S2p,CONT,12s,NA,NA,NA,NA,NA,NA,NA,NA,NA,NA
185,S,S2p,CONT,12s,NA,NA,NA,NA,NA,NA,NA,NA,NA,NA
186,S,S2p,CONT,12s,4.374353611,30.5,1,0,0,0,0,1,5.122713321,4.647227872
187,S,S3,CONT,12s,NA,NA,NA,NA,NA,NA,NA,NA,NA,NA
188,S,S3,CONT,12s,NA,NA,NA,NA,NA,NA,NA,NA,NA,NA
189,S,S3,CONT,12s,NA,NA,NA,NA,NA,NA,NA,NA,NA,NA
190,S,S3,CONT,12s,NA,NA,NA,NA,NA,NA,NA,NA,NA,NA
191,S,S3,CONT,12s,NA,NA,NA,NA,NA,NA,NA,NA,NA,NA
192,S,S3,CONT,12s,NA,NA,NA,NA,NA,NA,NA,NA,NA,NA
193,S,S3,LMH,12s,0.580880482,2.4,NA,0,0,NA,NA,NA,1.117310095,NA
194,S,S3,LMH,12s,0.708821842,6.4,NA,0,0,NA,NA,NA,1.656701267,NA
195,S,S3,LMH,12s,NA,NA,NA,NA,NA,NA,NA,NA,NA,NA
196,S,S3,LMH,12s,26.60332075,91.8,2,1,1,0,0,1,13.52090613,13.81658188
197,S,S3,LMH,12s,NA,NA,NA,NA,NA,0,0,NA,NA,1.703015192
198,S,S3,LMH,12s,53.69013261,164.4,2,9,1,0,0,1,20.76344235,24.10511455
199,S,S3,LMH,12s,25.7017622,51,2,0,0,NA,NA,0,10.98461087,10.02575202
200,S,S3,LMH,12s,8.972702778,48.1,1,0,0,NA,NA,NA,7.580789008,NA
201,S,S3,LMH,12s,0.650388219,6,NA,0,0,NA,NA,NA,1.575479585,NA
202,S,S3,LMH,12s,NA,NA,NA,NA,NA,NA,NA,NA,NA,NA
203,S,S3,LMH,12s,14.52201204,18.5,1,0,0,NA,NA,0,6.471202813,7.315638078
204,S,S3,LMH,12s,21.89564416,103.6,NA,NA,NA,NA,NA,NA,13.19174521,NA
205,S,S3,LMH,12s,NA,NA,NA,NA,NA,NA,NA,NA,NA,NA
206,S,S3,LMH,12s,2.164243179,1.8,NA,0,0,NA,NA,NA,1.574577149,NA
207,S,S3,MEGA,12s,NA,NA,NA,NA,NA,NA,NA,NA,NA,NA
208,S,S3,MEGA,12s,NA,NA,NA,NA,NA,NA,NA,NA,NA,NA
209,S,S3,MEGA,12s,NA,NA,NA,NA,NA,NA,NA,NA,NA,NA
210,S,S3,MEGA,12s,1.790786352,49,1,0,0,NA,NA,NA,4.453980322,NA
211,S,S3,MESO,12s,13.8544236,103,1,0,0,0,0,1,11.30059291,6.339894423
212,S,S3,MESO,12s,38.10689057,125,3,0,0,NA,NA,NA,16.8992339,NA
213,S,S3,MESO,12s,7.992290251,147,1,0,0,NA,NA,0,10.59039123,11.43379141
214,S,S3,MESO,12s,NA,NA,NA,NA,NA,NA,NA,NA,NA,NA
215,S,S3,MESO,12s,NA,NA,NA,NA,NA,NA,NA,NA,NA,NA
216,S,S3,MESO,12s,NA,NA,NA,NA,NA,NA,NA,NA,NA,NA
217,S,S3,NA,12s,NA,NA,NA,NA,NA,NA,NA,NA,NA,NA
218,C,C1,CONT,12s,50.56597579,56.3,2,0,0,0,0,1,14.23102582,20.05792223
219,C,C1,CONT,12s,55.82531606,87.3,7,0,0,0,0,1,17.02875012,13.72480057
220,C,C1,CONT,12s,38.77455755,75.3,3,1,1,0,0,1,14.35159634,11.11332886
221,C,C1,CONT,12s,138.5347327,87.2,NA,2,1,1,1,1,23.05663329,34.51237067
222,C,C1,CONT,12s,13.65721012,120.3,1,4,1,0,0,1,11.84495518,14.53595817
223,C,C1,CONT,12s,45.17688776,112,2,7,1,NA,NA,1,17.24331658,19.7766351
224,C,C1,CONT,12s,81.39269663,42.3,3,0,0,0,0,1,15.16346439,14.97537374
225,C,C1,CONT,12s,35.55183326,96.6,NA,2,1,1,1,1,15.15080294,22.65010777
226,C,C1,CONT,12s,20.99282897,35,7,0,0,0,0,1,9.054345652,10.40695156
227,C,C1,CONT,12s,24.80632975,34.8,1,0,0,0,0,1,9.55492763,7.511762838
228,C,C1,CONT,12s,NA,NA,NA,NA,NA,NA,NA,1,NA,NA
229,C,C1,CONT,12s,NA,NA,NA,NA,NA,NA,NA,1,NA,NA
230,C,C1,CONT,12s,25.87698453,89.4,3,7,1,0,0,1,13.27856736,16.62347089
231,C,C1,CONT,12s,NA,NA,NA,NA,NA,NA,NA,1,NA,NA
232,C,C1,CONT,12s,NA,NA,NA,NA,NA,NA,NA,NA,NA,NA
233,C,C1,CONT,12s,NA,NA,NA,NA,NA,NA,NA,NA,NA,NA
234,C,C1,CONT,12s,NA,NA,NA,NA,NA,NA,NA,1,NA,NA
235,C,C1,CONT,12s,NA,NA,NA,NA,NA,NA,NA,1,NA,NA
236,C,C1,CONT,12s,NA,NA,NA,NA,NA,NA,NA,1,NA,NA
237,C,C1,CONT,12s,NA,NA,NA,NA,NA,NA,NA,1,NA,NA
238,C,C1,CONT,12s,NA,NA,NA,NA,NA,NA,NA,NA,NA,NA
239,C,C1,CONT,12s,NA,NA,NA,NA,NA,NA,NA,1,NA,NA
240,C,C1,CONT,12s,87.35174811,86.6,6,2,1,0,0,1,19.72101292,13.78612069
241,C,C1,CONT,12s,NA,NA,NA,NA,NA,NA,NA,1,NA,NA
242,C,C1,CONT,12s,NA,NA,NA,NA,NA,NA,NA,1,NA,NA
243,C,C1,CONT,12s,NA,NA,NA,NA,NA,NA,NA,1,NA,NA
244,C,C1,CONT,12s,NA,NA,NA,NA,NA,NA,NA,1,NA,NA
245,C,C1,CONT,12s,NA,NA,NA,NA,NA,NA,NA,NA,NA,NA
246,C,C1,CONT,12s,NA,NA,NA,NA,NA,NA,NA,1,NA,NA
247,C,C1,CONT,12s,NA,NA,NA,NA,NA,NA,NA,1,NA,NA
248,C,C1,CONT,12s,NA,NA,NA,NA,NA,NA,NA,1,NA,NA
249,C,C1,CONT,12s,NA,NA,NA,NA,NA,NA,NA,NA,NA,NA
250,C,C1,CONT,12s,NA,NA,NA,NA,NA,NA,NA,NA,NA,NA
251,C,C1,CONT,12s,4.987592497,30.8,1,0,0,NA,NA,1,5.369587588,NA
252,C,C1,CONT,12s,2.516494255,46.8,2,0,0,0,0,1,4.913769932,4.813939565
253,C,C1,CONT,12s,1.743662463,6.5,NA,0,0,0,0,1,2.249065415,1.952492964
254,C,C1,CONT,12s,0.817128249,19.5,1,0,0,0,0,1,2.519966131,3.137225436
255,C,C1,CONT,12s,3.236547292,68.9,1,0,0,0,0,1,6.081035387,7.683439902
256,C,C1,CONT,12s,NA,NA,NA,NA,NA,0,0,1,NA,5.289760453
257,C,C1,CONT,12s,NA,NA,NA,NA,NA,NA,NA,NA,NA,NA
258,C,C1,CONT,12s,6.334707427,49,2,0,0,NA,NA,0,6.790869482,6.211939863
259,C,C1,CONT,12s,11.22208312,69.3,1,0,0,3,1,1,9.227676336,12.75331893
260,C,C1,CONT,12s,16.9093083,64,2,4,1,NA,NA,0,10.30384592,14.96876551
261,C,C1,CONT,12s,13.20254313,56.6,1,0,0,0,0,1,9.105543122,5.401234228
262,C,C1,CONT,12s,9.298014697,33.3,3,0,0,0,0,1,6.785191293,7.988445282
263,C,C1,CONT,12s,22.87220823,53,3,0,0,0,0,1,10.70165157,12.65868114
264,C,C1,CONT,12s,NA,NA,NA,NA,NA,NA,NA,NA,NA,NA
265,C,C1,CONT,12s,8.295768101,15.7,2,0,0,0,0,1,5.081697842,6.206511522
266,C,C1,CONT,12s,NA,NA,NA,NA,NA,1,1,NA,NA,10.50347921
267,C,C1,CONT,12s,43.70866443,106.1,2,3,1,NA,1,1,16.74881761,18.57656208
268,C,C1,CONT,12s,9.953822164,80.1,3,0,0,0,0,1,9.304716686,11.44881973
269,C,C1,CONT,12s,8.398184021,88,2,0,0,1,1,1,9.071965481,12.2797322
270,C,C1,CONT,12s,14.38723772,77.4,2,0,0,0,0,1,10.40263295,17.01827487
271,C,C1,CONT,12s,NA,NA,NA,NA,NA,NA,NA,1,NA,NA
272,C,C1,LMH,12s,NA,NA,NA,NA,NA,NA,NA,NA,NA,NA
273,C,C1,LMH,12s,13.59178646,158,1,0,0,NA,NA,0,12.95275181,11.98747187
274,C,C1,LMH,12s,131.0900221,340,NA,NA,NA,NA,NA,NA,35.65162098,NA
275,C,C1,LMH,12s,193.5927933,185,2,0,0,0,0,1,33.14116504,39.21001066
276,C,C1,LMH,12s,2.488455541,30,1,0,0,0,0,1,4.220033278,6.680363502
277,C,C1,LMH,12s,44.4145803,205,1,2,1,1,1,1,20.97976815,21.74220715
278,C,C1,LMH,12s,2.29658277,28,1,0,0,0,0,1,4.014937589,4.98945218
279,C,C1,LMH,12s,42.89224304,101.5,1,0,0,0,0,1,16.39924937,17.26238128
280,C,C1,LMH,12s,NA,NA,NA,NA,NA,NA,NA,NA,NA,NA
281,C,C1,LMH,12s,1.038689071,33,1,0,0,NA,NA,NA,3.254301165,NA
282,C,C1,LMH,12s,8.398184021,74,1,0,0,NA,NA,NA,8.562073445,NA
283,C,C1,LMH,12s,51.02229213,164.5,1,0,0,0,0,1,20.4172827,22.82240813
284,C,C1,LMH,12s,14.86169675,181,1,0,0,0,0,1,13.96422733,7.380333884
285,C,C1,LMH,12s,15.34385268,121,1,0,0,0,0,1,12.33838108,13.19027786
286,C,C1,LMH,12s,68.36804619,153,1,6,1,3,1,1,21.97455764,23.56929013
287,C,C1,LMH,12s,88.24733764,200,3,1,1,0,0,1,26.16774211,23.35036211
288,C,C1,LMH,12s,47.53889419,216,1,1,1,1,1,1,21.83913359,26.27202343
289,C,C1,LMH,12s,85.43946067,197,1,10,1,1,1,1,25.75648936,24.49871887
290,C,C1,LMH,12s,45.00716321,190,1,7,1,0,0,1,20.54495748,23.94848145
291,C,C1,LMH,12s,17.49741444,138,1,1,1,1,1,1,13.46980793,17.6343669
292,C,C1,LMH,12s,47.05131901,293,1,0,0,6,1,1,24.09610706,25.14231425
293,C,C1,LMH,12s,11.04466167,137,1,0,0,2,1,1,11.52382833,13.53422859
294,C,C1,LMH,12s,32.57328927,302,1,2,1,NA,NA,1,21.52853002,21.34054623
295,C,C1,LMH,12s,24.6300864,141,1,0,0,0,0,1,15.20734695,8.364192478
296,C,C1,LMH,12s,16.9093083,80,1,0,0,3,1,1,11.10075831,16.628715
297,C,C1,LMH,12s,42.89224304,169,1,0,0,0,0,1,19.44218147,19.48217199
298,C,C1,LMH,12s,0.567450173,7.5,1,0,0,NA,NA,NA,1.621762379,NA
299,C,C1,LMH,12s,NA,NA,NA,NA,NA,NA,NA,NA,NA,NA
300,C,C1,LMH,12s,NA,NA,NA,NA,NA,6,1,1,NA,32.91909133
301,C,C1,LMH,12s,41.9686148,226,1,4,1,2,1,1,21.26805229,21.93864904
302,C,C1,LMH,12s,18.78051942,154,1,4,1,0,0,1,14.30628661,14.29411165
303,C,C1,LMH,12s,39.1470719,211,1,3,1,0,0,1,20.30858444,22.7743099
304,C,C1,LMH,12s,2.955924528,22,1,0,0,0,0,1,4.030014495,4.18314023
305,C,C1,LMH,12s,33.59273609,103,1,5,1,1,1,1,15.18862571,14.40264919
306,C,C1,LMH,12s,4.011499659,19,1,0,0,0,0,1,4.24936066,3.033895344
307,C,C1,LMH,12s,2.488455541,19,1,0,0,0,0,1,3.623189695,4.50345122
308,C,C1,LMH,12s,71.630276,175,1,1,1,0,0,1,23.34303617,15.81842459
309,C,C1,LMH,12s,7.694467267,64,1,0,0,NA,NA,1,7.922106282,NA
310,C,C1,LMH,12s,3.268512997,22,1,0,0,NA,NA,1,4.16755561,NA
311,C,C1,LMH,12s,4.154756284,28,1,0,0,0,0,1,4.893647274,5.889689987
312,C,C1,LMH,12s,25.87698453,158,1,1,1,0,0,1,16.05900236,17.34247697
313,C,C1,LMH,12s,33.08104918,174,1,2,1,3,1,1,18.00173629,18.61628982
314,C,C1,LMH,12s,22.6484483,156,1,1,1,0,0,1,15.29501745,15.16916891
315,C,C1,LMH,12s,NA,NA,NA,NA,NA,NA,NA,1,NA,NA
316,C,C1,MEGA,12s,NA,NA,NA,NA,NA,NA,NA,NA,NA,NA
317,C,C1,MEGA,12s,NA,NA,NA,NA,NA,1,1,NA,NA,9.966731911
318,C,C1,MEGA,12s,19.55649281,189,1,1,1,0,0,1,15.52708689,16.77760762
319,C,C1,MEGA,12s,104.0496272,96.5,2,1,1,1,1,1,21.67631192,20.94435297
320,C,C1,MEGA,12s,68.39789132,105,2,5,1,0,0,1,19.38199288,12.87101265
321,C,C1,MEGA,12s,27.71167464,132,1,3,1,1,1,1,15.47327689,22.11152453
322,C,C1,MEGA,12s,14.93010493,89,1,0,0,0,0,1,11.03471171,8.057303113
323,C,C1,MEGA,12s,10.75210086,81,1,0,0,2,1,1,9.583149066,13.97661315
324,C,C1,MEGA,12s,11.04466167,97,1,1,1,0,0,1,10.26919834,13.92063568
325,C,C1,MEGA,12s,43.97365777,94,3,0,0,0,0,1,16.11774354,16.59005518
326,C,C1,MEGA,12s,16.83650189,82,2,1,1,0,0,1,11.17653471,18.38886205
327,C,C1,MEGA,12s,10.57844932,68,2,0,0,0,0,1,8.990481675,13.45493038
328,C,C1,MEGA,12s,3.596809429,64,1,0,0,0,0,1,6.145870191,9.86458599
329,C,C1,MEGA,12s,7.306166415,84,1,0,0,0,0,1,8.526289092,12.0513453
330,C,C1,MEGA,12s,33.90163318,147,1,0,0,NA,1,1,17.15610159,25.91131158
331,C,C1,MEGA,12s,31.969161,65.5,3,0,0,NA,NA,1,12.84407098,12.78899894
332,C,C1,MEGA,12s,78.0692843,204.8,2,8,1,NA,NA,NA,25.31844181,NA
333,C,C1,MEGA,12s,6.424242817,86,1,0,0,0,0,1,8.232284567,8.572911977
334,C,C1,MEGA,12s,29.31459375,110,4,4,1,1,1,1,14.83544887,19.89219214
335,C,C1,MEGA,12s,5.47391104,58,1,0,0,1,1,1,6.842237305,9.721770981
336,C,C1,MEGA,12s,37.08367384,87,4,0,0,4,1,1,14.83802007,19.08600514
337,C,C1,MEGA,12s,NA,NA,NA,NA,NA,0,0,NA,NA,4.956924447
338,C,C1,MEGA,12s,32.37128486,59,1,0,0,0,0,1,12.45552111,12.24395202
339,C,C1,MEGA,12s,NA,NA,NA,NA,NA,NA,NA,NA,NA,NA
340,C,C1,MEGA,12s,14.38723772,71,1,0,0,NA,NA,1,10.10717418,NA
341,C,C1,MEGA,12s,51.85528542,91,3,2,1,6,1,1,16.84632648,24.80864246
342,C,C1,MEGA,12s,17.12867001,85,1,2,1,2,1,1,11.37657019,15.27944022
343,C,C1,MEGA,12s,2.488455541,57,1,0,0,0,0,1,5.228503834,7.179966412
344,C,C1,MEGA,12s,7.992290251,54,1,0,0,0,0,1,7.580769481,8.625090828
345,C,C1,MEGA,12s,3.496671163,52,1,0,0,0,0,1,5.680468514,7.768519025
346,C,C1,MEGA,12s,37.71866826,96,45,4,1,1,1,1,15.42092121,21.25222809
347,C,C1,MEGA,12s,77.44410736,77,4,0,0,0,0,1,18.21541911,23.42768567
348,C,C1,MEGA,12s,26.05762611,144,1,0,0,NA,NA,1,15.60539903,20.23757651
349,C,C1,MEGA,12s,8.656972716,69,1,0,0,0,0,1,8.449598886,11.73048129
350,C,C1,MEGA,12s,24.6300864,52,2,0,0,0,0,1,10.89995964,11.36975372
351,C,C1,MEGA,12s,45.36459792,80,2,0,0,0,0,1,15.4325365,4.756038849
352,C,C1,MEGA,12s,34.10834998,164,1,2,1,6,1,1,17.83062924,23.74409824
353,C,C1,MEGA,12s,46.20411001,108,1,0,0,0,0,1,17.16357312,26.67091
354,C,C1,MEGA,12s,45.36459792,80,2,1,1,0,0,1,15.4325365,16.46787788
355,C,C1,MEGA,12s,39.59192142,210,1,2,1,NA,NA,1,20.35303428,25.13955652
356,C,C1,MEGA,12s,11.58116716,134,1,0,0,NA,NA,0,11.6215438,12.53323801
357,C,C1,MEGA,12s,6.881344548,76,1,0,0,0,0,1,8.082832666,8.282550293
358,C,C1,MEGA,12s,15.20530844,76,1,0,0,1,1,1,10.53210188,14.49469419
359,C,C1,MEGA,12s,NA,NA,NA,NA,NA,0,0,1,NA,13.00266293
360,C,C1,MEGA,12s,77.28820583,180,1,0,0,NA,NA,NA,24.16931568,NA
361,C,C1,MEGA,12s,15.69296216,159,1,4,1,NA,1,1,13.61816035,21.79188546
362,C,C1,MESO,12s,29.03334267,99.6,1,2,1,3,1,1,14.30549545,18.11083378
363,C,C1,MESO,12s,NA,NA,NA,NA,NA,NA,NA,NA,NA,NA
364,C,C1,MESO,12s,NA,66,4,7,1,0,0,1,NA,9.861461523
365,C,C1,MESO,12s,NA,NA,NA,NA,NA,NA,NA,NA,NA,NA
366,C,C1,MESO,12s,16.54684705,105.5,3,1,1,0,0,1,12.0872368,16.06378092
367,C,C1,MESO,12s,15.7632553,104.2,1,4,1,1,1,1,11.8439173,17.11746302
368,C,C1,MESO,12s,13.7885287,77.5,2,0,0,0,0,1,10.26048285,7.290678686
369,C,C1,MESO,12s,NA,NA,NA,NA,NA,0,0,NA,NA,5.330911328
370,C,C1,MESO,12s,39.59192142,88.5,4,3,1,3,1,1,15.25259413,20.68902343
371,C,C1,MESO,12s,52.25285397,84.2,3,2,1,6,1,1,16.45705416,13.28464639
372,C,C1,MESO,12s,62.51651571,107.1,3,6,1,7,1,1,18.93361214,27.08142814
373,C,C1,MESO,12s,24.8646063,82.7,2,0,0,NA,NA,1,12.76645008,NA
374,C,C1,MESO,12s,34.00491304,116.5,1,0,0,1,1,1,15.89072745,15.74851437
375,C,C1,MESO,12s,20.34817416,118.5,2,0,0,0,0,1,13.4635018,19.83888007
376,C,C1,MESO,12s,NA,NA,NA,NA,NA,NA,NA,NA,NA,NA
377,C,C1,MESO,12s,14.0530508,82.4,1,0,0,NA,NA,1,10.53930186,NA
378,C,C1,MESO,12s,14.34678971,74.7,4,0,0,1,1,1,10.27039186,15.6183773
379,C,C1,MESO,12s,22.6484483,118.3,1,0,0,0,0,1,13.94573572,16.58692835
380,C,C1,MESO,12s,1.306981084,11.4,1,0,0,NA,NA,NA,2.464125275,NA
381,C,C1,MESO,12s,27.33971007,182.5,1,0,0,NA,NA,1,17.16294521,NA
382,C,C1,MESO,12s,2.986476516,20.4,1,0,0,0,0,1,3.943208638,3.687150655
383,C,C1,MESO,12s,NA,NA,NA,NA,NA,NA,NA,NA,NA,NA
384,C,C1,MESO,12s,NA,NA,NA,NA,NA,NA,NA,NA,NA,NA
385,C,C1,MESO,12s,NA,NA,NA,NA,NA,NA,NA,NA,NA,NA
386,C,C1,MESO,12s,NA,NA,NA,NA,NA,NA,NA,NA,NA,NA
387,C,C1,MESO,12s,35.25652355,69.7,2,0,0,0,0,1,13.54893306,16.04948178
388,C,C1,MESO,12s,NA,NA,NA,NA,NA,NA,NA,NA,NA,NA
389,C,C1,MESO,12s,5.810689772,51.5,1,0,0,0,0,1,6.708436084,9.682380735
390,C,C1,MESO,12s,5.309291585,42.3,1,0,0,0,0,1,6.095430325,8.214285831
391,C,C1,MESO,12s,NA,NA,NA,NA,NA,0,0,NA,NA,4.854685678
392,C,C1,MESO,12s,4.675946506,31.7,1,0,0,0,0,1,5.305935588,5.286094055
393,C,C1,MESO,12s,8.90343066,52.1,2,0,0,0,0,1,7.765560469,10.18566987
394,C,C1,MESO,12s,6.650830187,47,1,0,0,0,0,1,6.806815538,6.625847964
395,C,C1,MESO,12s,103.9201151,283,2,8,1,0,0,1,31.03120977,14.35779517
396,C,C1,MESO,12s,49.14087083,204.5,1,0,0,NA,NA,1,21.68245006,28.35150274
397,C,C1,MESO,12s,48.76882772,105.8,5,2,1,1,1,1,17.35626999,21.82816949
398,C,C1,MESO,12s,27.3502344,126.2,2,0,0,8,1,1,15.17622887,21.35595839
399,C,C1,MESO,12s,NA,NA,NA,NA,NA,NA,NA,1,NA,NA
400,C,C1,MESO,12s,NA,NA,NA,NA,NA,NA,NA,1,NA,NA
401,C,C1,MESO,12s,NA,NA,NA,NA,NA,NA,NA,1,NA,NA
402,C,C1,MESO,12s,NA,NA,NA,NA,NA,NA,NA,1,NA,NA
403,C,C2,CONT,12s,NA,NA,NA,NA,NA,NA,NA,NA,NA,NA
404,C,C2,CONT,12s,NA,NA,NA,NA,NA,NA,NA,NA,NA,NA
405,C,C2,LMH,12s,194.8278319,380,1,NA,NA,NA,NA,1,42.23328819,43.43498643
406,C,C2,LMH,12s,52.68144575,157,1,4,1,NA,NA,1,20.3175724,28.2329294
407,C,C2,LMH,12s,7.40229915,108,1,1,1,0,0,1,9.313074725,12.1307893
408,C,C2,LMH,12s,54.49791462,183,3,0,0,3,1,1,21.62743035,25.99684887
409,C,C2,LMH,12s,290.4346645,400,3,NA,NA,NA,NA,1,49.08856933,36.93902883
410,C,C2,LMH,12s,213.3066014,355,1,19,1,NA,NA,1,42.55258666,29.71879385
411,C,C2,LMH,12s,2.805520779,71.5,1,0,0,NA,NA,1,5.869844722,NA
412,C,C2,LMH,12s,2.83528737,41,1,0,0,3,1,1,4.892433693,12.4485347
413,C,C2,LMH,12s,NA,NA,NA,NA,NA,0,0,NA,NA,2.227864144
414,C,C2,LMH,12s,NA,NA,NA,NA,NA,NA,NA,NA,NA,NA
415,C,C2,LMH,12s,NA,NA,NA,NA,NA,NA,NA,NA,NA,NA
416,C,C2,LMH,12s,NA,NA,NA,NA,NA,NA,NA,NA,NA,NA
417,C,C2,LMH,12s,NA,NA,NA,NA,NA,0,0,NA,NA,10.55978574
418,C,C2,LMH,12s,7.068583471,33.5,1,0,0,3,1,1,6.204159841,11.5337962
419,C,C2,LMH,12s,NA,NA,NA,NA,NA,0,0,NA,NA,2.127397682
420,C,C2,LMH,12s,NA,NA,NA,NA,NA,0,0,NA,NA,3.191860086
421,C,C2,LMH,12s,NA,NA,NA,NA,NA,0,0,NA,NA,3.045651048
422,C,C2,LMH,12s,NA,NA,NA,NA,NA,0,0,NA,NA,2.279972558
423,C,C2,LMH,12s,NA,320,3,NA,NA,NA,NA,0,NA,NA
424,C,C2,LMH,12s,NA,NA,NA,NA,NA,NA,NA,NA,NA,NA
425,C,C2,LMH,12s,NA,NA,NA,NA,NA,0,0,NA,NA,NA
426,C,C2,LMH,12s,87.08565522,317,1,22,1,NA,NA,1,30.38256851,33.46999344
427,C,C2,LMH,12s,102.2494946,276,1,16,1,0,0,1,30.60677268,36.25358259
428,C,C2,LMH,12s,NA,NA,NA,NA,NA,NA,NA,NA,NA,NA
429,C,C2,LMH,12s,NA,NA,NA,NA,NA,0,0,NA,NA,4.332139895
430,C,C2,LMH,12s,NA,NA,NA,NA,NA,0,0,NA,NA,3.051726473
431,C,C2,LMH,12s,NA,NA,NA,NA,NA,0,0,NA,NA,2.784073731
432,C,C2,LMH,12s,NA,NA,NA,NA,NA,0,0,NA,NA,2.942066305
433,C,C2,LMH,12s,NA,NA,NA,NA,NA,0,0,NA,NA,2.4283879
434,C,C2,LMH,12s,0.352565236,48,1,0,0,0,0,1,2.571146458,12.41950964
435,C,C2,LMH,12s,387.0756308,350,2,28,1,NA,NA,1,51.67334743,46.06217289
436,C,C2,LMH,12s,NA,NA,NA,NA,NA,NA,NA,NA,NA,NA
437,C,C2,LMH,12s,8.398184021,92,1,0,0,0,0,1,9.207598891,14.4423363
438,C,C2,LMH,12s,NA,NA,NA,NA,NA,NA,NA,NA,NA,NA
439,C,C2,LMH,12s,39.59192142,124,2,2,1,1,1,1,17.07046521,21.99259059
440,C,C2,LMH,12s,13.26702432,86,1,0,0,0,0,1,10.48736976,14.60354616
441,C,C2,LMH,12s,27.61844788,153,1,1,1,0,0,1,16.23675579,21.14208187
442,C,C2,LMH,12s,7.450601137,69,1,0,0,0,0,1,8.036696836,10.02433215
443,C,C2,LMH,12s,23.58582101,115,2,1,1,0,0,1,14.00294522,21.27346833
444,C,C2,LMH,12s,NA,NA,NA,NA,NA,NA,NA,NA,NA,NA
445,C,C2,LMH,12s,NA,NA,NA,NA,NA,NA,NA,NA,NA,NA
446,C,C2,LMH,12s,30.09339457,138,1,0,0,1,1,1,16.14291255,18.39746846
447,C,C2,LMH,12s,129.8888341,400,1,NA,NA,NA,NA,1,37.52390441,48.14021194
448,C,C2,LMH,12s,3.332915646,49,3,0,0,0,0,1,5.480424582,8.056915878
449,C,C2,LMH,12s,13.01004204,370,1,NA,NA,NA,NA,1,16.95866536,3.557845995
450,C,C2,MEGA,12s,NA,NA,NA,NA,NA,NA,NA,NA,NA,NA
451,C,C2,MEGA,12s,NA,NA,NA,NA,NA,NA,NA,NA,NA,NA
452,C,C2,MEGA,12s,26.42079422,51,2,0,0,0,0,1,11.08626297,13.92899571
453,C,C2,MEGA,12s,18.79379265,30,2,0,0,0,0,1,8.288259638,4.656312389
454,C,C2,MEGA,12s,11.88472355,47,1,0,0,0,0,1,8.26250393,8.947354831
455,C,C2,MEGA,12s,96.94334464,73.5,2,0,0,2,1,1,19.33100525,22.6381374
456,C,C2,MEGA,12s,114.7746318,43,8,1,1,0,0,1,17.10049053,18.7015397
457,C,C2,MEGA,12s,8.761587752,32,1,0,0,0,0,1,6.564061717,7.372161098
458,C,C2,MEGA,12s,NA,NA,NA,NA,NA,NA,NA,NA,NA,NA
459,C,C2,MEGA,12s,NA,NA,NA,NA,NA,NA,NA,NA,NA,NA
460,C,C2,MEGA,12s,NA,NA,NA,NA,NA,NA,NA,NA,NA,NA
461,C,C2,MEGA,12s,NA,NA,NA,NA,NA,NA,NA,NA,NA,NA
462,C,C2,MEGA,12s,NA,NA,NA,NA,NA,NA,NA,NA,NA,NA
463,C,C2,MEGA,12s,49.79612851,67,3,6,1,0,0,1,15.00512401,18.94682475
464,C,C2,MEGA,12s,6.742564693,32.3,1,0,0,NA,NA,1,6.033200015,NA
465,C,C2,MEGA,12s,139.7890136,98,4,0,0,4,1,1,24.04540165,25.40030736
466,C,C2,MEGA,12s,NA,NA,NA,NA,NA,NA,NA,NA,NA,NA
467,C,C2,MEGA,12s,NA,NA,NA,NA,NA,NA,NA,NA,NA,NA
468,C,C2,MEGA,12s,NA,NA,NA,NA,NA,NA,NA,NA,NA,NA
469,C,C2,MEGA,12s,83.16117767,181,1,1,1,27,1,1,24.81341172,27.50934371
470,C,C2,MEGA,12s,NA,NA,NA,NA,NA,NA,NA,NA,NA,NA
471,C,C2,MEGA,12s,NA,NA,NA,NA,NA,NA,NA,NA,NA,NA
472,C,C2,MEGA,12s,30.30898636,114,2,0,0,1,1,1,15.18154791,28.15250412
473,C,C2,MEGA,12s,NA,NA,NA,NA,NA,NA,NA,NA,NA,NA
474,C,C2,MEGA,12s,104.7740785,146,4,5,1,1,1,1,24.94743657,39.71253562
475,C,C2,MESO,12s,63.47595811,112,2,7,1,0,0,1,19.31647684,17.25505785
476,C,C2,MESO,12s,30.67961576,85,1,0,0,8,1,1,13.82029309,14.9853906
477,C,C2,MESO,12s,NA,NA,NA,NA,NA,0,0,1,NA,19.7405669
478,C,C2,MESO,12s,105.1372466,100,2,4,1,5,1,1,22.01195491,16.88257493
479,C,C2,MESO,12s,87.12900919,109,3,3,1,0,0,1,21.27714757,28.56399671
480,C,C2,MESO,12s,NA,NA,NA,NA,NA,NA,NA,NA,NA,NA
481,C,C2,MESO,12s,55.28582606,43,1,0,0,0,0,1,13.39988313,13.11559734
482,C,C2,MESO,12s,NA,NA,NA,NA,NA,NA,NA,NA,NA,NA
483,C,C2,MESO,12s,26.32976657,254,1,5,1,1,1,1,18.92628519,25.31063429
484,C,C2,MESO,12s,NA,NA,NA,NA,NA,NA,NA,NA,NA,NA
485,C,C2,MESO,12s,43.59156156,317,1,19,1,3,1,1,24.11504998,27.48075939
486,C,C2,MESO,12s,53.58583173,75,2,0,0,0,0,1,15.96717967,15.57423933
487,C,C2,MESO,12s,33.1830724,50,1,0,0,0,0,1,11.88379844,14.65354964
488,C,C2,MESO,12s,15.34385268,68,1,0,0,1,1,1,10.17896649,17.07077062
489,C,C2,MESO,12s,129.3137656,192,2,0,0,NA,NA,1,29.32563629,38.43338102
490,C,C2,MESO,12s,23.84476678,150,2,0,0,0,0,1,15.35771069,16.48706543
491,C,C2,MESO,12s,43.59156156,115,1,0,0,NA,NA,0,17.18992707,8.531170229
492,C,C2,MESO,12s,38.3746328,135,1,3,1,1,1,1,17.37963449,23.09686012
493,C,C2,MESO,12s,NA,NA,NA,NA,NA,0,0,NA,NA,2.42720419
494,C,C2,MESO,12s,9.186331078,82,1,0,0,0,0,1,9.129947709,13.0456224
495,C,C2,MESO,12s,NA,NA,NA,NA,NA,NA,NA,NA,NA,NA
496,C,C2,MESO,12s,22.06183441,48,1,0,0,0,0,1,10.22947893,6.133367238
497,C,C2,MESO,12s,0.738981132,29,2,0,0,0,0,1,2.782039028,4.861921913
498,C,C2,MESO,12s,55.54971984,160,2,3,1,0,0,1,20.81147017,26.46864307
499,C,C2,MESO,12s,40.82821667,168,1,3,1,0,0,1,19.08684002,24.57426302
500,C,C2,MESO,12s,NA,NA,NA,NA,NA,NA,NA,NA,NA,NA
501,C,C3,CONT,12s,NA,NA,NA,NA,NA,NA,NA,NA,NA,NA
502,C,C3,CONT,12s,NA,NA,NA,NA,NA,NA,NA,NA,NA,NA
503,C,C3,CONT,12s,NA,NA,NA,NA,NA,NA,NA,NA,NA,NA
504,C,C3,CONT,12s,NA,NA,NA,NA,NA,NA,NA,NA,NA,NA
505,C,C3,CONT,12s,NA,NA,NA,NA,NA,NA,NA,NA,NA,NA
506,C,C3,CONT,12s,43.1247209,43.6,NA,NA,NA,NA,NA,NA,12.39059066,NA
507,C,C3,CONT,12s,NA,NA,NA,NA,NA,NA,NA,NA,NA,NA
508,C,C3,CONT,12s,NA,NA,NA,NA,NA,NA,NA,NA,NA,NA
509,C,C3,CONT,12s,NA,NA,NA,NA,NA,0,0,NA,NA,0.738607225
510,C,C3,CONT,12s,8.919688402,37,2,0,0,0,0,1,6.931310672,5.079306081
511,C,C3,CONT,12s,NA,NA,NA,NA,NA,0,0,NA,NA,1.122530894
512,C,C3,CONT,12s,NA,NA,NA,NA,NA,0,0,NA,NA,1.440838423
513,C,C3,CONT,12s,NA,NA,NA,NA,NA,0,0,NA,NA,1.894457255
514,C,C3,CONT,12s,NA,NA,NA,NA,NA,0,0,NA,NA,2.56102001
515,C,C3,CONT,12s,3.77187468,18.9,2,0,0,0,0,1,4.15554691,5.033338488
516,C,C3,CONT,12s,6.559724001,40.3,2,0,0,NA,NA,NA,6.436435619,NA
517,C,C3,CONT,12s,NA,NA,NA,NA,NA,0,0,NA,NA,1.306351896
518,C,C3,CONT,12s,1.697166891,27.3,1,0,0,0,0,1,3.598772904,3.563780266
519,C,C3,CONT,12s,9.953822164,56.2,1,0,0,0,0,1,8.266565138,8.485506573
520,C,C3,CONT,12s,NA,NA,NA,NA,NA,NA,NA,NA,NA,NA
521,C,C3,CONT,12s,11.40091828,33.8,1,0,0,0,0,1,7.299365331,6.205416215
522,C,C3,CONT,12s,NA,44.6,10,0,0,3,1,1,NA,23.26919574
523,C,C3,CONT,12s,15.41336042,66.3,1,0,0,0,0,1,10.10853467,11.00105174
524,C,C3,CONT,12s,NA,NA,NA,NA,NA,NA,NA,NA,NA,NA
525,C,C3,CONT,12s,122.9148911,72,3,3,1,0,0,1,20.78165737,16.14597488
526,C,C3,CONT,12s,88.24733764,54.8,1,0,0,4,1,1,16.98478099,26.47012408
527,C,C3,CONT,12s,NA,NA,NA,NA,NA,NA,NA,NA,NA,NA
528,C,C3,CONT,12s,45.06080591,108.7,6,0,0,0,0,1,17.057351,NA
529,C,C3,CONT,12s,36.96052341,176.4,2,0,0,NA,NA,0,18.76628653,18.01170635
530,C,C3,CONT,12s,248.0074557,32.7,1,0,0,0,0,1,20.18455266,15.78876305
531,C,C3,CONT,12s,72.65427812,99,12,0,0,1,1,1,19.39189408,18.61800106
532,C,C3,CONT,12s,74.05055898,128.5,11,NA,NA,0,0,1,21.29092704,15.34416946
533,C,C3,CONT,12s,172.9272397,194,5,NA,NA,NA,1,1,32.42558917,36.55458902
534,C,C3,CONT,12s,NA,98.7,2,0,0,0,0,1,NA,41.09306847
535,C,C3,CONT,12s,NA,NA,NA,NA,NA,NA,NA,NA,NA,NA
536,C,C3,CONT,12s,86.55425482,76.8,5,8,1,0,0,1,18.88804443,17.87271336
537,C,C3,LMH,12s,57.91526057,172,3,18,1,15,1,1,21.61896119,NA
538,C,C3,LMH,12s,NA,NA,NA,NA,NA,NA,NA,NA,NA,NA
539,C,C3,LMH,12s,NA,NA,NA,NA,NA,NA,NA,NA,NA,NA
540,C,C3,LMH,12s,NA,NA,NA,NA,NA,NA,NA,NA,NA,NA
541,C,C3,LMH,12s,NA,NA,NA,NA,NA,NA,NA,NA,NA,NA
542,C,C3,LMH,12s,NA,NA,NA,NA,NA,NA,NA,NA,NA,NA
543,C,C3,LMH,12s,65.03882191,191,1,4,1,0,0,1,23.27264641,24.23755851
544,C,C3,LMH,12s,0.785398163,14.5,1,0,0,NA,NA,NA,2.252668035,NA
545,C,C3,LMH,12s,33.1830724,173,1,1,1,0,0,1,17.98561058,25.11478407
546,C,C3,LMH,12s,NA,NA,NA,NA,NA,NA,NA,NA,NA,NA
547,C,C3,LMH,12s,NA,NA,NA,NA,NA,0,0,NA,NA,2.187577173
548,C,C3,LMH,12s,52.81017251,412,1,10,1,NA,1,1,28.06128125,30.57060468
549,C,C3,LMH,12s,NA,NA,NA,NA,NA,NA,NA,NA,NA,NA
550,C,C3,LMH,12s,57.05132259,122,5,3,1,3,1,1,19.1803235,26.46038307
551,C,C3,LMH,12s,5.309291585,53,1,0,0,0,0,1,6.572037324,6.609064013
552,C,C3,LMH,12s,NA,NA,NA,NA,NA,0,0,NA,NA,NA
553,C,C3,LMH,12s,22.90221044,143,1,5,1,0,0,1,14.91247704,18.27777745
554,C,C3,LMH,12s,51.5299735,160,2,2,1,0,0,1,20.29607041,27.3101456
555,C,C3,LMH,12s,9.079202769,122,1,2,1,0,0,1,10.3841704,13.7941318
556,C,C3,LMH,12s,88.24733764,194,1,1,1,0,0,1,25.90299671,27.90881681
557,C,C3,LMH,12s,41.85386813,133,1,3,1,0,0,1,17.80163148,23.37493484
558,C,C3,LMH,12s,84.94866535,283,1,4,1,0,0,1,29.01165885,27.96560148
559,C,C3,LMH,12s,1.130973355,33,1,0,0,NA,NA,1,3.348104983,NA
560,C,C3,LMH,12s,46.56625711,244,1,1,1,0,0,1,22.58971965,21.80615807
561,C,C3,LMH,12s,426.3848089,291,3,27,1,NA,NA,0,50.1792155,39.73932546
562,C,C3,LMH,12s,5.725552611,123,1,0,0,0,0,1,8.927066016,9.899782581
563,C,C3,LMH,12s,NA,NA,NA,NA,NA,NA,NA,NA,NA,NA
564,C,C3,LMH,12s,1.130973355,14,1,0,0,NA,NA,NA,2.514655405,NA
565,C,C3,MEGA,12s,112.1967195,122.5,3,9,1,1,1,1,24.07161028,27.9183094
566,C,C3,MEGA,12s,59.98219292,88,5,0,0,0,0,1,17.48855113,25.7812744
567,C,C3,MEGA,12s,NA,NA,NA,NA,NA,NA,NA,NA,NA,NA
568,C,C3,MEGA,12s,NA,NA,NA,NA,NA,NA,NA,NA,NA,NA
569,C,C3,MEGA,12s,NA,NA,NA,NA,NA,NA,NA,NA,NA,NA
570,C,C3,MEGA,12s,11.94590607,94.5,2,5,1,1,1,1,10.45018169,18.50500505
571,C,C3,MEGA,12s,24.36689948,151.2,2,0,0,0,0,1,15.51037709,19.54339425
572,C,C3,MEGA,12s,NA,NA,NA,NA,NA,NA,NA,NA,NA,NA
573,C,C3,MEGA,12s,NA,NA,NA,NA,NA,NA,NA,NA,NA,NA
574,C,C3,MEGA,12s,48.02898265,170,1,0,0,8,1,1,20.23021899,47.35187872
575,C,C3,MEGA,12s,NA,NA,NA,NA,NA,NA,NA,NA,NA,NA
576,C,C3,MEGA,12s,13.13821902,87.4,1,0,0,0,0,1,10.50977284,13.07316579
577,C,C3,MEGA,12s,30.1907054,128,1,4,1,3,1,1,15.75953619,30.12576407
578,C,C3,MEGA,12s,NA,NA,NA,NA,NA,NA,NA,NA,NA,NA
579,C,C3,MEGA,12s,NA,NA,NA,NA,NA,NA,NA,NA,NA,NA
580,C,C3,MEGA,12s,5.810689772,27.4,1,0,0,0,0,1,5.434102139,8.338739099
581,C,C3,MEGA,12s,NA,NA,NA,NA,NA,NA,NA,NA,NA,NA
582,C,C3,MEGA,12s,NA,NA,NA,NA,NA,NA,NA,NA,NA,NA
583,C,C3,MEGA,12s,NA,NA,NA,NA,NA,NA,NA,NA,NA,NA
584,C,C3,MEGA,12s,22.90221044,68.5,2,0,0,1,1,1,11.66370516,21.64746156
585,C,C3,MEGA,12s,119.0161746,94.4,5,2,1,0,0,1,22.50508193,29.20540177
586,C,C3,MEGA,12s,5.725552611,123,1,0,0,1,1,1,8.927066016,18.01389617
587,C,C3,MEGA,12s,4.154756284,37,1,0,0,0,0,1,5.370849148,10.4481594
588,C,C3,MEGA,12s,59.44678699,307,1,6,1,NA,NA,0,26.46176419,27.01745135
589,C,C3,MEGA,12s,24.6300864,134,1,2,1,0,0,1,14.95101293,18.76146622
590,C,C3,MEGA,12s,21.23716634,95,1,0,0,0,0,1,12.68557769,14.33300431
591,C,C3,MEGA,12s,124.6898124,398,2,49,1,NA,NA,0,36.95374849,36.50288794
592,C,C3,MEGA,12s,NA,NA,NA,NA,NA,NA,NA,NA,NA,NA
593,C,C3,MEGA,12s,34.211944,115,1,0,0,0,0,1,15.85422082,19.9650856
594,C,C3,MEGA,12s,6.026281568,40.5,1,0,0,NA,NA,NA,6.267083675,NA
595,C,C3,MEGA,12s,NA,NA,NA,NA,NA,NA,NA,NA,NA,NA
596,C,C3,MEGA,12s,17.34944543,131,1,2,1,0,0,1,13.20026016,8.838905488
597,C,C3,MESO,12s,34.10834998,133.9,2,0,0,6,1,1,16.66352404,22.20645605
598,C,C3,MESO,12s,38.48451001,123.7,4,2,1,0,0,1,16.89588439,20.58500236
599,C,C3,MESO,12s,27.66557177,101.5,2,2,1,0,0,1,14.16596298,15.59553106
600,C,C3,MESO,12s,159.4275805,88.4,9,2,1,0,0,1,24.27414374,25.4312035
601,C,C3,MESO,12s,NA,NA,NA,NA,NA,0,0,NA,NA,4.259928157
602,C,C3,MESO,12s,NA,NA,NA,NA,NA,0,0,NA,NA,3.920792059
603,C,C3,MESO,12s,90.67790934,95.6,7,4,1,0,0,1,20.63873226,24.73072056
604,C,C3,MESO,12s,0.801184666,5.3,NA,NA,NA,0,0,1,1.620540479,1.489300521
605,C,C3,MESO,12s,77.30839056,146.5,4,0,0,4,1,1,22.56547539,24.42593472
606,C,C3,MESO,12s,108.4116501,49.7,3,0,0,0,0,1,17.6089804,23.75568691
607,C,C3,MESO,12s,40.94798989,36,5,0,0,0,0,1,11.42382751,10.95217344
608,C,C3,MESO,12s,11.28153776,26.6,6,0,0,0,0,1,6.714704717,10.16611202
609,C,C3,MESO,12s,49.01991951,95,2,2,1,0,0,1,16.77217999,18.02432887
610,C,C3,MESO,12s,NA,NA,NA,NA,NA,NA,NA,NA,NA,NA
611,C,C3,MESO,12s,NA,NA,NA,NA,NA,NA,NA,NA,NA,NA
612,C,C3,MESO,12s,73.13824047,39,10,1,1,3,1,1,14.24024354,24.61763632
613,C,C3,MESO,12s,NA,NA,NA,NA,NA,NA,NA,NA,NA,NA
614,C,C3,MESO,12s,NA,NA,NA,NA,NA,NA,NA,NA,NA,NA
615,C,C3,MESO,12s,14.99867019,53.4,1,0,0,0,0,1,9.318829734,9.552096815
616,C,C3,MESO,12s,65.40575993,175.5,5,11,1,3,1,1,22.66681214,32.76198776
617,C,C3,MESO,12s,24.86711957,53.5,3,0,0,0,0,1,11.03917781,13.70369134
618,C,C3,MESO,12s,NA,64.3,1,0,0,0,0,1,NA,10.24492411
619,C,C3,MESO,12s,42.47998754,65.5,1,1,1,0,0,1,14.1226885,13.43338912
620,C,C3,MESO,12s,NA,42.9,NA,0,0,0,0,1,NA,22.00333448
621,C,C3,MESO,12s,27.61844788,59.3,3,0,0,0,0,1,11.83245409,14.06331774
622,C,C3,MESO,12s,17.50377617,66.2,2,2,1,0,0,1,10.54166712,9.925430238
623,C,C3,MESO,12s,NA,NA,NA,NA,NA,NA,NA,NA,NA,NA
624,N,N1,CONT,12s,NA,NA,NA,NA,NA,0,0,NA,NA,2.884208999
625,N,N1,CONT,12s,NA,NA,NA,NA,NA,0,0,NA,NA,5.788968713
626,N,N1,CONT,12s,33.17466864,81.8,4,4,1,0,0,1,14.0052173,14.00238228
627,N,N1,CONT,12s,NA,NA,NA,NA,NA,NA,NA,NA,NA,NA
628,N,N1,CONT,12s,NA,NA,NA,NA,NA,0,0,1,NA,7.141250929
629,N,N1,CONT,12s,68.07524975,252.3,2,33,1,10,1,1,25.93095139,26.38580549
630,N,N1,CONT,12s,65.325021,83.3,5,16,1,NA,NA,0,17.66717705,NA
631,N,N1,CONT,12s,44.65114223,187.9,1,27,1,1,1,1,20.41466942,17.22940753
632,N,N1,CONT,12s,4.714352476,49.5,1,0,0,0,0,1,6.173949253,8.920151834
633,N,N1,CONT,12s,13.46141036,123.5,1,0,0,1,1,1,11.8917572,14.09177731
634,N,N1,CONT,12s,9.511485918,93.4,1,0,0,1,1,1,9.646837977,12.3432422
635,N,N1,CONT,12s,NA,NA,NA,NA,NA,1,1,1,NA,22.99758619
636,N,N1,CONT,12s,10.53917941,51.8,3,0,0,0,0,1,8.199545027,10.60636264
637,N,N1,CONT,12s,64.18399455,97,4,29,1,4,1,1,18.47943158,21.67699646
638,N,N1,CONT,12s,NA,NA,NA,NA,NA,0,0,1,NA,16.82178728
639,N,N1,CONT,12s,33.69554471,90,1,4,1,0,0,1,14.53448863,13.58907219
640,N,N1,CONT,12s,NA,NA,NA,NA,NA,NA,NA,1,NA,NA
641,N,N1,CONT,12s,NA,NA,NA,NA,NA,NA,NA,NA,NA,NA
642,N,N1,CONT,12s,35.57296047,108,1,8,1,0,0,1,15.72880161,14.01101632
643,N,N1,CONT,12s,NA,NA,NA,NA,NA,0,0,NA,NA,9.064931873
644,N,N1,CONT,12s,48.39819832,91,1,5,1,0,0,1,16.46272876,20.24612117
645,N,N1,CONT,12s,NA,NA,NA,NA,NA,NA,NA,NA,NA,NA
646,N,N1,CONT,12s,8.092821215,66,1,1,1,1,1,1,8.139929374,11.71925317
647,N,N1,CONT,12s,4.637697615,16,1,0,0,0,0,1,4.211514279,5.326775314
648,N,N1,CONT,12s,6.6966189,56,1,2,1,0,0,1,7.233381495,8.263943575
649,N,N1,CONT,12s,2.601552876,31,1,0,0,0,0,1,4.330262621,5.120851952
650,N,N1,CONT,12s,5.432520556,28,1,NA,NA,0,0,1,5.351940793,5.753743396
651,N,N1,CONT,12s,6.201582438,21,1,0,0,0,0,1,5.081563308,7.102294591
652,N,N1,CONT,12s,4.118706509,19.2,1,0,0,0,0,1,4.301953839,4.138716731
653,N,N1,CONT,12s,57.81818536,38,2,0,0,0,0,1,13.05184665,15.09951714
654,N,N1,CONT,12s,6.834927517,49.5,1,1,1,NA,NA,0,6.989028757,5.454422058
655,N,N1,CONT,12s,9.34820164,51,1,0,0,0,0,1,7.836942422,10.21943372
656,N,N1,CONT,12s,NA,NA,NA,NA,NA,0,0,NA,NA,8.391786199
657,N,N1,CONT,12s,NA,NA,NA,NA,NA,1,1,1,NA,7.107136294
658,N,N1,CONT,12s,NA,NA,NA,NA,NA,0,0,NA,NA,1.411781598
659,N,N1,CONT,12s,20.42820623,101.9,2,0,0,0,0,1,12.81873982,12.88010599
660,N,N1,CONT,12s,9.621127502,89.7,3,0,0,0,0,1,9.554021714,11.52785813
661,N,N1,CONT,12s,4.411502944,43,2,0,0,0,0,1,5.761372267,6.196823287
662,N,N1,CONT,12s,6.559724001,93.5,3,0,0,0,0,1,8.524508685,11.83732555
663,N,N1,CONT,12s,14.52201204,132,1,0,0,NA,NA,1,12.47074252,NA
664,N,N1,CONT,12s,15.83370551,116,1,0,0,0,0,1,12.29407963,16.17845461
665,N,N1,CONT,12s,13.7885287,104,1,0,0,0,0,1,11.31907278,18.01723148
666,N,N1,CONT,12s,6.605198554,114,1,0,0,1,1,1,9.128788233,10.83675589
667,N,N1,CONT,12s,18.8574099,160,1,1,1,1,1,1,14.50978443,19.29147315
668,N,N1,CONT,12s,16.9093083,114,1,0,0,NA,NA,1,12.49405908,16.10575742
669,N,N1,CONT,12s,NA,NA,NA,NA,NA,NA,NA,NA,NA,NA
670,N,N1,CONT,12s,92.53639701,102.5,6,2,1,0,0,1,21.2681075,19.6024466
671,N,N1,CONT,12s,3.141592654,16,0,0,0,NA,NA,NA,3.697999939,NA
672,N,N1,LMH,12s,29.32056278,148.9,1,1,1,2,1,1,16.41466409,17.18504752
673,N,N1,LMH,12s,NA,NA,NA,NA,NA,NA,NA,NA,NA,NA
674,N,N1,LMH,12s,NA,NA,NA,NA,NA,NA,NA,NA,NA,NA
675,N,N1,LMH,12s,35.04635101,223.2,NA,NA,NA,NA,NA,NA,19.94278854,20.72722052
676,N,N1,LMH,12s,NA,NA,NA,NA,NA,NA,NA,NA,NA,NA
677,N,N1,LMH,12s,NA,NA,NA,NA,NA,NA,NA,NA,NA,NA
678,N,N1,LMH,12s,NA,NA,NA,NA,NA,NA,NA,NA,NA,NA
679,N,N1,LMH,12s,NA,NA,NA,NA,NA,NA,NA,NA,NA,NA
680,N,N1,LMH,12s,69.54551511,185.2,NA,NA,NA,NA,NA,NA,23.55529559,25.87449377
681,N,N1,LMH,12s,40.60202199,174,1,4,1,0,0,1,19.27597634,20.60617492
682,N,N1,LMH,12s,NA,NA,NA,NA,NA,NA,NA,NA,NA,NA
683,N,N1,LMH,12s,NA,NA,NA,NA,NA,NA,NA,NA,NA,21.99208566
684,N,N1,LMH,12s,21.64753688,86.5,1,2,1,NA,NA,NA,12.37357014,NA
685,N,N1,LMH,12s,61.09800809,216,1,5,1,1,1,1,23.74748223,27.48006999
686,N,N1,LMH,12s,NA,NA,NA,NA,NA,NA,NA,1,NA,NA
687,N,N1,LMH,12s,NA,NA,NA,NA,NA,NA,NA,NA,NA,NA
688,N,N1,LMH,12s,NA,NA,NA,NA,NA,NA,NA,NA,NA,30.11050236
689,N,N1,LMH,12s,69.10278617,148.3,2,0,0,NA,NA,0,21.82459798,20.02614817
690,N,N1,LMH,12s,36.53075354,121.3,1,1,1,0,0,1,16.49628444,18.49060104
691,N,N1,LMH,12s,12.44102107,108.8,NA,NA,NA,NA,NA,NA,11.10305479,9.877581788
692,N,N1,LMH,12s,NA,NA,NA,NA,NA,NA,NA,NA,NA,NA
693,N,N1,LMH,12s,NA,NA,NA,NA,NA,NA,NA,NA,NA,18.96869771
694,N,N1,LMH,12s,NA,NA,NA,NA,NA,NA,NA,NA,NA,NA
695,N,N1,LMH,12s,NA,NA,NA,NA,NA,NA,NA,NA,NA,NA
696,N,N1,LMH,12s,NA,NA,NA,NA,NA,NA,NA,NA,NA,NA
697,N,N1,LMH,12s,37.28450015,92.1,3,5,1,0,0,1,15.15020697,23.48959348
698,N,N1,LMH,12s,22.90221044,92,1,10,1,0,0,1,12.8706846,18.6306688
699,N,N1,LMH,12s,NA,NA,NA,NA,NA,NA,NA,NA,NA,NA
700,N,N1,LMH,12s,NA,NA,NA,NA,NA,NA,NA,NA,NA,NA
701,N,N1,LMH,12s,NA,NA,NA,NA,NA,NA,NA,NA,NA,NA
702,N,N1,LMH,12s,NA,NA,NA,NA,NA,NA,NA,NA,NA,NA
703,N,N1,LMH,12s,NA,NA,NA,NA,NA,NA,NA,NA,NA,NA
704,N,N1,LMH,12s,9.621127502,88,1,2,1,0,0,1,9.493186587,11.29702092
705,N,N1,LMH,12s,NA,NA,NA,NA,NA,NA,NA,NA,NA,NA
706,N,N1,LMH,12s,NA,NA,NA,NA,NA,NA,NA,NA,NA,NA
707,N,N1,LMH,12s,NA,NA,NA,NA,NA,NA,NA,NA,NA,NA
708,N,N1,LMH,12s,NA,NA,NA,NA,NA,NA,NA,NA,NA,NA
709,N,N1,LMH,12s,31.77791655,122.1,3,1,1,2,1,1,15.78084628,21.22892885
710,N,N1,LMH,12s,3.801327111,22,1,0,0,0,0,1,4.383054654,6.238619911
711,N,N1,LMH,12s,NA,NA,NA,NA,NA,NA,NA,NA,NA,NA
712,N,N1,LMH,12s,42.37073866,143.2,4,3,1,1,1,1,18.32116276,19.47293092
713,N,N1,LMH,12s,NA,NA,NA,NA,NA,NA,NA,NA,NA,NA
714,N,N1,LMH,12s,NA,NA,NA,NA,NA,NA,NA,NA,NA,NA
715,N,N1,LMH,12s,NA,NA,NA,NA,NA,NA,NA,NA,NA,NA
716,N,N1,LMH,12s,30.28817331,272.1,1,NA,NA,NA,NA,1,20.29328912,21.32620471
717,N,N1,LMH,12s,NA,NA,NA,NA,NA,NA,NA,NA,NA,NA
718,N,N1,LMH,12s,265.6154542,162.2,5,73,1,NA,NA,0,35.2498191,38.38227924
719,N,N1,LMH,12s,258.7278265,282,1,62,1,NA,NA,1,42.0278827,NA
720,N,N1,LMH,12s,4.752915526,41.2,1,0,0,NA,NA,NA,5.82282601,NA
721,N,N1,LMH,12s,NA,NA,NA,NA,NA,NA,NA,NA,NA,NA
722,N,N1,LMH,12s,NA,NA,NA,NA,NA,NA,NA,NA,NA,NA
723,N,N1,LMH,12s,NA,NA,NA,NA,NA,NA,NA,NA,NA,NA
724,N,N1,LMH,12s,120.1791922,381.2,1,NA,NA,NA,NA,1,35.9801778,NA
725,N,N1,LMH,12s,58.76545408,176.5,1,0,0,0,0,1,21.91251943,24.18821946
726,N,N1,LMH,12s,12.88249338,85.4,1,0,0,0,0,1,10.3606508,9.767871567
727,N,N1,LMH,12s,23.07217061,286.8,1,NA,NA,NA,NA,1,18.85928806,9.971188788
728,N,N1,LMH,12s,NA,NA,NA,NA,NA,NA,NA,NA,NA,NA
729,N,N1,LMH,12s,NA,NA,NA,NA,NA,NA,NA,NA,NA,NA
730,N,N1,LMH,12s,NA,NA,NA,NA,NA,NA,NA,NA,NA,NA
731,N,N1,LMH,12s,NA,NA,NA,NA,NA,NA,NA,NA,NA,NA
732,N,N1,LMH,12s,NA,NA,NA,NA,NA,NA,NA,NA,NA,NA
733,N,N1,LMH,12s,NA,NA,NA,NA,NA,NA,NA,NA,NA,NA
734,N,N1,MEGA,12s,NA,NA,NA,NA,NA,NA,NA,NA,NA,19.80568442
735,N,N1,MEGA,12s,NA,NA,NA,NA,NA,NA,NA,NA,NA,NA
736,N,N1,MEGA,12s,3.905706527,46,1,0,0,0,0,1,5.657804161,7.671258516
737,N,N1,MEGA,12s,25.96722678,140.8,2,3,1,0,0,1,15.47079735,13.74228801
738,N,N1,MEGA,12s,2.1124069,23.9,1,0,0,0,0,1,3.703421041,3.022929386
739,N,N1,MEGA,12s,77.55689054,297,3,NA,NA,0,0,1,28.6005426,31.61295552
740,N,N1,MEGA,12s,49.8891982,89.5,4,0,0,0,0,1,16.53831344,8.35403023
741,N,N1,MEGA,12s,125.6556165,186.6,3,50,1,NA,NA,0,28.77070379,21.83075566
742,N,N1,MEGA,12s,31.969161,115.2,1,3,1,1,1,1,15.50837003,16.16779696
743,N,N1,MEGA,12s,5.515458602,117,NA,NA,NA,NA,NA,NA,8.670367487,13.02955732
744,N,N1,MEGA,12s,38.92558962,87,NA,NA,NA,NA,NA,NA,15.08010232,15.89100624
745,N,N1,MEGA,12s,55.81424194,168,1,0,0,1,1,1,21.1868097,23.80263226
746,N,N1,MEGA,12s,9.294087706,68.9,2,0,0,0,0,1,8.648124806,8.831673831
747,N,N1,MEGA,12s,NA,NA,NA,NA,NA,NA,NA,NA,NA,NA
748,N,N1,MEGA,12s,7.8426719,120,1,1,1,0,0,1,9.834400995,12.49589369
749,N,N1,MEGA,12s,78.38281525,202,4,15,1,14,1,1,25.23609471,27.30022535
750,N,N1,MEGA,12s,33.59273609,145.1,2,2,1,9,1,1,17.02963186,21.11373633
751,N,N1,MEGA,12s,17.4233514,60.6,1,1,1,0,0,1,10.21943002,13.39348901
752,N,N1,MEGA,12s,36.85284532,60.9,4,0,0,0,0,NA,13.14488568,11.80932668
753,N,N1,MEGA,12s,6.290175351,42.6,2,0,0,0,0,1,6.465603093,6.991428683
754,N,N1,MEGA,12s,3.766848131,46.5,1,0,0,0,0,1,5.610050473,5.934846902
755,N,N1,MEGA,12s,NA,NA,NA,NA,NA,0,0,1,NA,8.028713932
756,N,N1,MEGA,12s,NA,NA,NA,NA,NA,NA,NA,NA,NA,NA
757,N,N1,MEGA,12s,10.57844932,97,1,0,0,2,1,1,10.1223982,10.11355897
758,N,N1,MEGA,12s,NA,NA,NA,NA,NA,NA,NA,NA,NA,NA
759,N,N1,MEGA,12s,NA,NA,NA,NA,NA,NA,NA,NA,NA,NA
760,N,N1,MEGA,12s,8.24479576,67,2,0,0,1,1,1,8.231868845,10.32792241
761,N,N1,MEGA,12s,NA,NA,NA,NA,NA,NA,NA,NA,NA,NA
762,N,N1,MEGA,12s,NA,NA,NA,NA,NA,0,0,NA,NA,3.377348699
763,N,N1,MEGA,12s,NA,NA,NA,NA,NA,0,0,NA,NA,2.886424552
764,N,N1,MEGA,12s,NA,NA,NA,NA,NA,0,0,NA,NA,1.779631353
765,N,N1,MEGA,12s,NA,NA,NA,NA,NA,0,0,NA,NA,2.176885563
766,N,N1,MEGA,12s,15.20530844,72.1,2,0,0,0,0,1,10.34849393,14.75759843
767,N,N1,MEGA,12s,NA,NA,NA,NA,NA,0,0,NA,NA,2.572524078
768,N,N1,MEGA,12s,NA,NA,NA,NA,NA,0,0,NA,NA,2.83636086
769,N,N1,MEGA,12s,44.92634574,92.9,3,4,1,0,0,1,16.16982025,19.22479384
770,N,N1,MEGA,12s,57.54895087,115,1,16,1,0,0,1,18.86026883,23.43798095
771,N,N1,MEGA,12s,97.64266317,200,1,33,1,0,0,1,27.06667456,32.02155273
772,N,N1,MESO,12s,441.1502944,330,2,84,1,0,0,1,52.9291489,61.67818928
773,N,N1,MESO,12s,177.422152,208,2,3,1,NA,NA,0,33.47427905,34.85767978
774,N,N1,MESO,12s,NA,NA,NA,NA,NA,NA,NA,NA,NA,NA
775,N,N1,MESO,12s,NA,NA,NA,NA,NA,NA,NA,NA,NA,NA
776,N,N1,MESO,12s,NA,NA,NA,NA,NA,NA,NA,NA,NA,NA
777,N,N1,MESO,12s,NA,NA,NA,NA,NA,NA,NA,NA,NA,NA
778,N,N1,MESO,12s,NA,NA,NA,NA,NA,NA,NA,NA,NA,NA
779,N,N1,MESO,12s,NA,NA,NA,NA,NA,NA,NA,NA,NA,NA
780,N,N1,MESO,12s,276.1165418,360,2,NA,NA,23,1,1,46.59875346,50.40094034
781,N,N1,MESO,12s,81.07319666,NA,1,47,1,NA,NA,1,NA,35.52954567
782,N,N1,MESO,12s,450.8826343,324,1,86,1,19,1,1,52.99054138,63.24838916
783,N,N1,MESO,12s,NA,NA,NA,NA,NA,NA,NA,NA,NA,NA
784,N,N1,MESO,12s,293.4631598,410,1,0,0,NA,NA,1,49.66661478,NA
785,N,N1,MESO,12s,309.1528233,240,1,18,1,NA,NA,0,42.26413716,46.66933747
786,N,N1,MESO,12s,NA,NA,NA,NA,NA,NA,NA,NA,NA,NA
787,N,N1,MESO,12s,NA,NA,NA,NA,NA,NA,NA,NA,NA,NA
788,N,N1,MESO,12s,244.9465234,400,3,NA,NA,NA,NA,1,46.37492129,58.84964574
789,N,N1,MESO,12s,168.5546925,220,3,1,1,NA,NA,1,33.52816314,34.44014263
790,N,N1,MESO,12s,NA,NA,NA,NA,NA,NA,NA,NA,NA,NA
791,N,N1,MESO,12s,47.78362426,130,1,2,1,NA,NA,0,18.46557176,19.71198837
792,N,N1,MESO,12s,203.3302383,244,1,0,0,NA,NA,0,36.95027597,37.75382232
793,N,N1,MESO,12s,NA,NA,NA,NA,NA,NA,NA,NA,NA,NA
794,N,N1,MESO,12s,28.93791679,215,1,0,0,0,0,1,18.47527337,24.95002548
795,N,N1,MESO,12s,12.69234848,132,1,0,0,0,0,1,11.92249724,15.7674242
796,N,N1,MESO,12s,115.18029,400,1,0,0,NA,NA,1,36.04817089,13.59160114
797,N,N1,MESO,12s,119.7908914,374,1,10,1,NA,NA,1,35.7132511,37.13323858
798,N,N1,MESO,12s,35.78470382,294,1,0,0,NA,NA,1,22.01683136,28.32612171
799,N,N1,MESO,12s,35.15135874,200,1,3,1,NA,NA,1,19.24451735,26.20192341
800,N,N1,MESO,12s,434.4229664,299,3,4,1,2,1,1,50.95230909,45.31178799
801,N,N1,MESO,12s,292.8562041,183,NA,NA,NA,NA,NA,NA,37.9145759,37.37439202
802,N,N1,MESO,12s,3.766848131,64.3,1,0,0,NA,NA,NA,6.251131928,NA
803,N,N1,MESO,12s,46.68728696,207,1,0,0,NA,NA,1,21.4014837,34.92640849
804,N,N1p,CONT,12s,NA,NA,NA,NA,NA,NA,NA,NA,NA,NA
805,N,N1p,CONT,12s,40.82821667,100,2,10,1,NA,NA,NA,16.05146958,NA
806,N,N1p,CONT,12s,53.71565805,102.3,1,18,1,NA,NA,1,17.72501772,NA
807,N,N1p,CONT,12s,36.63796038,113.2,1,1,1,NA,NA,1,16.13580917,NA
808,N,N1p,CONT,12s,35.78470382,121.3,1,6,1,NA,NA,NA,16.3830384,NA
809,N,N1p,CONT,12s,6.97464985,109.4,2,0,0,NA,NA,1,9.169220787,NA
810,N,N1p,CONT,12s,43.82592438,133.6,1,24,1,NA,NA,1,18.10455638,NA
811,N,N1p,CONT,12s,39.7035265,120.5,2,21,1,NA,NA,1,16.92396814,NA
812,N,N1p,CONT,12s,49.63912742,74.1,4,13,1,NA,NA,1,15.50191741,NA
813,N,N1p,CONT,12s,152.1837747,100.2,3,14,1,NA,NA,NA,24.92116515,NA
814,N,N1p,CONT,12s,58.46857358,82.7,5,16,1,NA,NA,NA,16.98407384,NA
815,N,N1p,CONT,12s,80.27892349,117.2,5,NA,NA,NA,NA,NA,21.21084347,NA
816,N,N1p,CONT,12s,NA,131,3,16,1,NA,NA,NA,NA,NA
817,N,N1p,CONT,12s,NA,NA,NA,NA,NA,NA,NA,NA,NA,NA
818,N,N1p,CONT,12s,10.81029886,106.4,1,0,0,NA,NA,1,10.51568349,NA
819,N,N1p,CONT,12s,3.300635782,27.4,1,0,0,NA,NA,1,4.499087999,NA
820,N,N1p,CONT,12s,26.13255309,85.5,2,0,0,NA,NA,1,13.12529358,NA
821,N,N1p,CONT,12s,46.20411001,87.6,1,13,1,NA,NA,NA,16.00494878,NA
822,N,N1p,CONT,12s,79.1312997,129.8,3,16,1,NA,NA,1,21.84115102,NA
823,N,N1p,CONT,12s,NA,NA,NA,NA,NA,NA,NA,NA,NA,NA
824,N,N1p,CONT,12s,NA,NA,NA,NA,NA,NA,NA,NA,NA,NA
825,N,N1p,CONT,12s,NA,NA,NA,NA,NA,NA,NA,NA,NA,NA
826,N,N1p,CONT,12s,NA,NA,NA,NA,NA,NA,NA,NA,NA,NA
827,N,N1p,CONT,12s,0.395919214,3.7,NA,0,0,NA,NA,NA,1.135938719,NA
828,N,N1p,CONT,12s,NA,NA,NA,NA,NA,NA,NA,NA,NA,NA
829,N,N1p,CONT,12s,NA,NA,NA,NA,NA,NA,NA,NA,NA,NA
830,N,N1p,CONT,12s,50.76939392,76.6,6,0,0,NA,NA,NA,15.79285644,NA
831,N,N1p,CONT,12s,28.93791679,160.2,2,18,1,NA,NA,1,16.74684598,NA
832,N,N1p,CONT,12s,20.18858125,95.1,2,4,1,NA,NA,1,12.47731666,NA
833,N,N1p,CONT,12s,NA,NA,NA,NA,NA,NA,NA,NA,NA,NA
834,N,N1p,CONT,12s,NA,NA,NA,NA,NA,NA,NA,NA,NA,NA
835,N,N1p,CONT,12s,56.21220319,164.4,4,20,1,NA,NA,1,21.0840972,NA
836,N,N1p,CONT,12s,51.14897685,119,1,19,1,NA,NA,NA,18.34053617,NA
837,N,N1p,CONT,12s,25.07187287,76.2,1,3,1,NA,NA,1,12.45676396,NA
838,N,N1p,CONT,12s,49.26519936,124.8,1,6,1,NA,NA,1,18.40226386,NA
839,N,N1p,CONT,12s,NA,NA,NA,NA,NA,NA,NA,NA,NA,NA
840,N,N1p,CONT,12s,NA,NA,NA,NA,NA,NA,NA,NA,NA,NA
841,N,N1p,CONT,12s,52.29620795,118,1,13,1,NA,NA,NA,18.42487438,NA
842,N,N1p,CONT,12s,NA,NA,NA,NA,NA,NA,NA,NA,NA,NA
843,N,N1p,CONT,12s,49.76408427,82.4,1,2,1,NA,NA,NA,16.0747185,NA
844,N,N1p,CONT,12s,NA,NA,NA,NA,NA,NA,NA,NA,NA,NA
845,N,N2,CONT,12s,54.75992345,87.1,1,0,0,0,0,1,16.90660723,17.82456272
846,N,N2,CONT,12s,2.350618163,23.7,1,0,0,NA,NA,1,3.827161421,NA
847,N,N2,CONT,12s,NA,NA,NA,NA,NA,NA,NA,1,NA,NA
848,N,N2,CONT,12s,29.12892562,153,1,1,1,0,0,1,16.52797238,18.66693793
849,N,N2,CONT,12s,121.356347,106,2,0,0,0,0,1,23.54548799,25.34661053
850,N,N2,CONT,12s,3.63050301,51,1,0,0,0,0,1,5.714977157,7.850398186
851,N,N2,CONT,12s,13.20254313,128,1,1,1,0,0,1,11.95693072,16.20850368
852,N,N2,CONT,12s,6.881344548,41,1,0,0,NA,NA,NA,6.57782299,NA
853,N,N2,CONT,12s,NA,NA,NA,NA,NA,NA,NA,NA,NA,NA
854,N,N2,CONT,12s,NA,NA,NA,NA,NA,NA,NA,NA,NA,NA
855,N,N2,CONT,12s,NA,NA,NA,NA,NA,NA,NA,NA,NA,NA
856,N,N2,CONT,12s,38.70473565,60,1,0,0,0,0,1,13.29556515,18.57715712
857,N,N2,CONT,12s,8.042477193,35,1,0,0,2,1,1,6.572772109,20.13874329
858,N,N2,CONT,12s,100.4119771,147,2,19,1,8,1,1,24.65187657,28.49913311
859,N,N2,CONT,12s,43.9433414,118,1,6,1,4,1,1,17.38494032,22.0528388
860,N,N2,CONT,12s,103.6883441,98,3,0,0,9,1,1,21.76293461,25.07413636
861,N,N2,CONT,12s,NA,NA,NA,NA,NA,NA,NA,NA,NA,NA
862,N,N2,CONT,12s,91.06628873,143,2,20,1,0,0,1,23.64207256,24.89626797
863,N,N2,CONT,12s,14.0530508,110,1,2,1,0,0,1,11.60642157,18.01257527
864,N,N2,CONT,12s,32.57328927,149,1,3,1,0,0,1,17.00523598,23.21404509
865,N,N2,CONT,12s,NA,NA,NA,NA,NA,NA,NA,NA,NA,NA
866,N,N2,CONT,12s,NA,NA,NA,NA,NA,NA,NA,NA,NA,NA
867,N,N2,CONT,12s,104.955584,174,1,30,1,1,1,1,26.46762394,26.26636441
868,N,N2,CONT,12s,13.72279087,68.4,1,0,0,NA,NA,NA,9.825735583,NA
869,N,N2,LMH,12s,NA,NA,NA,NA,NA,NA,NA,NA,NA,NA
870,N,N2,LMH,12s,NA,NA,NA,NA,NA,NA,NA,NA,NA,NA
871,N,N2,LMH,12s,NA,NA,NA,NA,NA,NA,NA,NA,NA,NA
872,N,N2,LMH,12s,NA,NA,NA,NA,NA,NA,NA,NA,NA,NA
873,N,N2,LMH,12s,249.1252344,168,1,13,1,14,1,1,34.91065632,44.47637775
874,N,N2,LMH,12s,16.63237691,83,2,0,0,NA,NA,NA,11.17624857,NA
875,N,N2,LMH,12s,NA,NA,NA,NA,NA,NA,NA,1,NA,NA
876,N,N2,LMH,12s,377.7175332,275,4,120,1,11,1,1,47.28816387,49.08362194
877,N,N2,LMH,12s,NA,NA,NA,NA,NA,NA,NA,NA,NA,NA
878,N,N2,LMH,12s,NA,NA,NA,NA,NA,NA,NA,NA,NA,NA
879,N,N2,LMH,12s,NA,NA,NA,NA,NA,NA,NA,NA,NA,NA
880,N,N2,LMH,12s,NA,NA,NA,NA,NA,NA,NA,NA,NA,NA
881,N,N2,LMH,12s,0.622113885,7.5,NA,0,0,NA,NA,NA,1.672329552,NA
882,N,N2,LMH,12s,NA,NA,NA,NA,NA,NA,NA,NA,NA,NA
883,N,N2,LMH,12s,NA,NA,NA,NA,NA,NA,NA,NA,NA,NA
884,N,N2,LMH,12s,101.5338398,172,2,1,1,1,1,1,26.07552736,14.52256786
885,N,N2,LMH,12s,263.3095252,175,5,1,1,3,1,1,36.05001259,49.32851279
886,N,N2,LMH,12s,NA,NA,NA,NA,NA,NA,NA,NA,NA,NA
887,N,N2,LMH,12s,14.58963482,132,1,4,1,1,1,1,12.49009943,16.90606158
888,N,N2,LMH,12s,NA,NA,NA,NA,NA,NA,NA,NA,NA,NA
889,N,N2,LMH,12s,NA,NA,NA,NA,NA,NA,NA,NA,NA,NA
890,N,N2,LMH,12s,4.300526183,65,1,0,0,0,0,1,6.557516217,8.709635671
891,N,N2,LMH,12s,42.42917228,116,1,1,1,4,1,1,17.08483081,24.87471597
892,N,N2,LMH,12s,34.10834998,154.3,1,8,1,3,1,1,17.47137346,24.78743971
893,N,N2,LMH,12s,NA,NA,NA,NA,NA,0,0,1,NA,NA
894,N,N2,LMH,12s,17.64601178,100,1,0,0,0,0,1,12.1307893,15.92999772
895,N,N2,LMH,12s,26.60332075,117.2,1,0,0,0,0,1,14.66973012,NA
896,N,N2,LMH,12s,23.24275909,115,1,1,1,2,1,1,13.93461596,24.25764036
897,N,N2,LMH,12s,30.97484693,107,1,1,1,1,1,1,14.97197043,24.37924125
898,N,N2,LMH,12s,NA,NA,NA,NA,NA,NA,NA,NA,NA,NA
899,N,N2,LMH,12s,NA,NA,NA,NA,NA,NA,NA,NA,NA,NA
900,N,N2,LMH,12s,NA,NA,NA,NA,NA,NA,NA,NA,NA,NA
901,N,N2,LMH,12s,NA,NA,NA,NA,NA,NA,NA,NA,NA,NA
902,N,N2,MEGA,12s,110.6601665,195.8,1,26,1,14,1,1,28.02224751,35.25480978
903,N,N2,MEGA,12s,NA,NA,NA,NA,NA,NA,NA,NA,NA,NA
904,N,N2,MEGA,12s,NA,NA,NA,NA,NA,NA,NA,NA,NA,NA
905,N,N2,MEGA,12s,42.42917228,242.8,1,NA,NA,NA,1,1,21.86282459,36.39781658
906,N,N2,MEGA,12s,NA,NA,NA,NA,NA,NA,NA,NA,NA,NA
907,N,N2,MEGA,12s,NA,NA,NA,NA,NA,NA,NA,NA,NA,NA
908,N,N2,MEGA,12s,NA,NA,NA,NA,NA,NA,NA,NA,NA,NA
909,N,N2,MEGA,12s,4.948086969,45.2,2,0,0,0,0,1,6.086996439,9.631694587
910,N,N2,MEGA,12s,90.42516821,87,5,8,1,0,0,1,19.98071471,20.16408615
911,N,N2,MEGA,12s,87.08565522,124.5,4,0,0,NA,NA,NA,22.23917264,NA
912,N,N2,MEGA,12s,717.4974291,260.9,6,80,1,4,1,1,57.5637619,66.33077234
913,N,N2,MEGA,12s,98.87251815,233.1,1,41,1,5,1,1,28.60584231,29.16899128
914,N,N2,MEGA,12s,66.04326762,163.4,2,7,1,4,1,1,22.20440398,23.53361876
915,N,N2,MEGA,12s,114.4206529,227,1,114,1,19,1,1,29.77046623,42.09990534
916,N,N2,MEGA,12s,58.14813112,186.5,3,3,1,4,1,1,22.2408587,24.07018961
917,N,N2,MEGA,12s,112.1568212,208.5,2,25,1,8,1,1,28.74502048,31.75801313
918,N,N2,MEGA,12s,20.18858125,107.8,1,3,1,NA,NA,NA,13.01054051,NA
919,N,N2,MEGA,12s,NA,NA,NA,NA,NA,NA,NA,NA,NA,NA
920,N,N2,MEGA,12s,NA,NA,NA,NA,NA,NA,NA,NA,NA,NA
921,N,N2,MEGA,12s,NA,NA,NA,NA,NA,NA,NA,NA,NA,NA
922,N,N2,MEGA,12s,NA,NA,NA,NA,NA,NA,NA,NA,NA,NA
923,N,N2,MEGA,12s,NA,NA,NA,NA,NA,NA,NA,NA,NA,NA
924,N,N2,MEGA,12s,NA,NA,NA,NA,NA,NA,NA,NA,NA,NA
925,N,N2,MEGA,12s,59.44678699,115.3,3,14,1,NA,NA,0,19.08226281,18.53833326
926,N,N2,MEGA,12s,NA,NA,NA,NA,NA,NA,NA,NA,NA,NA
927,N,N2,MEGA,12s,NA,NA,NA,NA,NA,NA,NA,NA,NA,NA
928,N,N2,MEGA,12s,9.132688384,63.8,1,0,0,0,0,1,8.379766568,10.42723745
929,N,N2,MEGA,12s,NA,NA,NA,NA,NA,NA,NA,NA,NA,20.82124338
930,N,N2,MEGA,12s,95.31670651,84.6,3,5,1,NA,NA,0,20.14621608,17.99125081
931,N,N2,MEGA,12s,NA,NA,NA,NA,NA,NA,NA,NA,NA,NA
932,N,N2,MEGA,12s,44.7307816,162.2,2,1,1,NA,1,1,19.4480391,32.11822079
933,N,N2,MEGA,12s,18.8574099,164.1,1,0,0,4,1,1,14.6328692,21.56549815
934,N,N2,MEGA,12s,151.3968843,400,5,NA,NA,NA,1,1,39.49335501,53.96047136
935,N,N2,MEGA,12s,11.52092712,289,5,NA,NA,0,0,1,14.99491804,16.90522741
936,N,N2,MEGA,12s,39.40813825,218.5,2,NA,NA,NA,1,1,20.59242535,30.24939692
937,N,N2,MEGA,12s,NA,NA,NA,NA,NA,NA,NA,NA,NA,NA
938,N,N2,MEGA,12s,NA,NA,NA,NA,NA,NA,NA,NA,NA,NA
939,N,N2,MESO,12s,36.53075354,145.1,1,1,1,2,1,1,17.51304971,21.69204353
940,N,N2,MESO,12s,30.97484693,119.7,2,0,0,0,0,1,15.54321521,21.17658432
941,N,N2,MESO,12s,NA,NA,NA,NA,NA,NA,NA,NA,NA,NA
942,N,N2,MESO,12s,67.49154184,135.5,1,5,1,1,1,1,21.01058166,27.16672394
943,N,N2,MESO,12s,NA,NA,NA,NA,NA,NA,NA,NA,NA,NA
944,N,N2,MESO,12s,NA,NA,NA,NA,NA,NA,NA,NA,NA,NA
945,N,N2,MESO,12s,37.13747362,120,2,7,1,0,0,1,16.52768912,20.69928983
946,N,N2,MESO,12s,NA,NA,NA,NA,NA,NA,NA,NA,NA,NA
947,N,N2,MESO,12s,59.2369286,186.7,2,20,1,1,1,1,22.38704102,29.30756086
948,N,N2,MESO,12s,162.408088,204.4,3,100,1,2,1,1,32.31171321,37.70853612
949,N,N2,MESO,12s,26.14818251,154.9,2,3,1,1,1,1,16.00874121,21.28334847
950,N,N2,MESO,12s,32.06945635,129.6,2,2,1,0,0,1,16.14721088,18.3399976
951,N,N2,MESO,12s,NA,NA,NA,NA,NA,NA,NA,NA,NA,NA
952,N,N2,MESO,12s,27.24711162,143.1,1,0,0,0,0,1,15.80657301,21.08186498
953,N,N2,MESO,12s,NA,NA,NA,NA,NA,NA,NA,NA,NA,NA
954,N,N2,MESO,12s,101.1591264,98,3,0,0,1,1,1,21.5842505,38.66835835
955,N,N2,MESO,12s,25.51758633,109.9,1,0,0,0,0,1,14.1597746,19.21977503
956,N,N2,MESO,12s,5.309291585,64.2,1,0,0,NA,NA,NA,7.006417158,NA
957,N,N2,MESO,12s,12.37858191,36.9,2,0,0,NA,NA,NA,7.725680415,NA
958,N,N2,MESO,12s,8.552985999,37.1,1,0,0,NA,NA,NA,6.841006333,NA
959,N,N2,MESO,12s,4.411502944,19.3,2,0,0,NA,NA,NA,4.40936671,NA
960,N,N2,MESO,12s,10.40621151,39.9,1,0,0,NA,NA,NA,7.483500812,NA
961,N,N2,MESO,12s,37.60989061,150.3,1,16,1,4,1,1,17.89319311,25.23378825
962,N,N2,MESO,12s,48.15189746,115.5,2,36,1,0,0,1,17.79627002,22.55686216
963,N,N2,MESO,12s,71.630276,129.1,1,20,1,4,1,1,21.08880518,24.40178575
964,N,N2,MESO,12s,24.19222693,119.2,1,8,1,0,0,1,14.29225834,15.82594016
965,N,N2,MESO,12s,54.62884049,186.8,1,19,1,2,1,1,21.79378625,25.21839936
966,N,N2,MESO,12s,NA,NA,NA,NA,NA,NA,NA,NA,NA,NA
967,N,N2,MESO,12s,NA,NA,NA,NA,NA,NA,NA,NA,NA,NA
968,N,N2,MESO,12s,149.4313468,170,3,63,1,0,0,1,29.55067814,34.37180737
969,N,N2,MESO,12s,6.605198554,59.2,1,0,0,NA,NA,NA,7.335089059,NA
970,N,N2,MESO,12s,NA,NA,NA,NA,NA,NA,NA,NA,NA,NA
971,N,N2,MESO,12s,NA,NA,NA,NA,NA,0,0,1,NA,21.23260481
972,N,N2,MESO,12s,196.7079966,341.8,6,NA,NA,NA,NA,1,40.89653263,NA
973,N,N2,MESO,12s,25.60720026,105.1,1,2,1,0,0,1,13.96656597,16.46280725
974,N,N2,MESO,12s,11.40091828,70.6,1,0,0,0,0,1,9.334247792,6.924273054
975,N,N2,MESO,12s,22.6484483,100.2,2,0,0,0,0,1,13.19365882,20.32031419
976,N,N2,MESO,12s,NA,NA,NA,NA,NA,0,0,1,NA,15.45368498
977,N,N2,MESO,12s,21.56514861,94.7,1,0,0,3,1,1,12.73719288,21.56421792
978,N,N2,MESO,12s,NA,NA,NA,NA,NA,NA,NA,NA,NA,NA
979,N,N2p,CONT,12s,NA,NA,NA,NA,NA,NA,NA,NA,NA,NA
980,N,N2p,CONT,12s,NA,NA,NA,NA,NA,NA,NA,NA,NA,NA
981,N,N2p,CONT,12s,NA,NA,NA,NA,NA,NA,NA,NA,NA,NA
982,N,N2p,CONT,12s,NA,NA,NA,NA,NA,NA,NA,NA,NA,NA
983,N,N2p,CONT,12s,13.33166258,78.4,1,5,1,NA,NA,1,10.18489187,NA
984,N,N2p,CONT,12s,NA,NA,NA,NA,NA,NA,NA,NA,NA,NA
985,N,N2p,CONT,12s,5.68321965,46.5,1,0,0,NA,NA,1,6.435727042,NA
986,N,N2p,CONT,12s,156.8101626,134.7,4,100,1,NA,NA,1,27.78496541,NA
987,N,N2p,CONT,12s,NA,NA,NA,NA,NA,NA,NA,NA,NA,NA
988,N,N2p,CONT,12s,5.599024967,42.1,1,1,1,NA,NA,1,6.194711096,NA
989,N,N2p,CONT,12s,374.2806308,130.7,2,16,1,NA,NA,1,36.77688263,NA
990,N,N2p,CONT,12s,NA,NA,NA,NA,NA,NA,NA,NA,NA,NA
991,N,N2p,CONT,12s,NA,NA,NA,NA,NA,NA,NA,NA,NA,NA
992,N,N2p,CONT,12s,13.20254313,52.6,1,0,0,NA,NA,1,8.885445732,NA
993,N,N2p,CONT,12s,9.621127502,54.1,1,1,1,NA,NA,1,8.070020489,NA
994,N,N2p,CONT,12s,NA,NA,NA,NA,NA,NA,NA,NA,NA,NA
995,N,N2p,CONT,12s,NA,NA,NA,NA,NA,NA,NA,NA,NA,NA
996,N,N2p,CONT,12s,84.13381476,80.9,8,0,0,NA,NA,1,19.03774226,NA
997,N,N2p,CONT,12s,12.56637061,99.3,1,2,1,NA,NA,1,10.80560292,NA
998,N,N2p,CONT,12s,NA,NA,NA,NA,NA,NA,NA,NA,NA,NA
999,N,N2p,CONT,12s,6.289547032,45.2,2,0,0,NA,NA,1,6.594533796,NA
1000,N,N2p,CONT,12s,76.04664841,97.4,8,20,1,NA,NA,1,19.58278015,NA
1001,N,N2p,CONT,12s,20.50839538,69.8,4,11,1,NA,NA,1,11.31242565,NA
1002,N,N2p,CONT,12s,225.6468558,134.2,2,34,1,NA,NA,1,31.33553885,NA
1003,N,N2p,CONT,12s,NA,NA,NA,NA,NA,NA,NA,NA,NA,NA
1004,N,N3,CONT,12s,9.621127502,49,1,2,1,0,0,1,7.807621356,8.102912453
1005,N,N3,CONT,12s,7.068583471,40,1,1,1,0,0,1,6.582553615,7.639272706
1006,N,N3,CONT,12s,22.90221044,74,1,6,1,0,0,1,11.9683479,12.02876326
1007,N,N3,CONT,12s,15.90431281,85,1,20,1,NA,NA,0,11.09835222,12.29905613
1008,N,N3,CONT,12s,12.79413608,8.5,NA,NA,NA,NA,NA,NA,4.784754676,NA
1009,N,N3,CONT,12s,6.605198554,4.6,1,1,1,0,0,1,3.125926938,6.547746005
1010,N,N3,CONT,12s,71.26702935,49,NA,NA,NA,NA,NA,NA,15.23542549,NA
1011,N,N3,CONT,12s,146.7123769,69,7,11,1,NA,NA,0,21.73551266,20.69271881
1012,N,N3,CONT,12s,21.23716634,4.5,NA,NA,NA,NA,NA,NA,4.582725147,NA
1013,N,N3,CONT,12s,47.78362426,113,1,1,1,0,0,1,17.62150846,20.07829142
1014,N,N3,CONT,12s,6.605198554,44,1,0,0,0,0,1,6.643280959,9.502345597
1015,N,N3,CONT,12s,NA,NA,NA,NA,NA,NA,NA,NA,NA,NA
1016,N,N3,CONT,12s,65.03882191,181,1,13,1,0,0,1,22.85855651,21.39990477
1017,N,N3,CONT,12s,3.141592654,30,1,0,0,0,0,1,4.561503861,8.351765251
1018,N,N3,CONT,12s,51.5299735,97,1,5,1,0,0,1,17.17317157,22.6481432
1019,N,N3,CONT,12s,8.449627601,52,1,0,0,1,1,1,7.626218905,7.793705076
1020,N,N3,CONT,12s,3.141592654,40,1,0,0,0,0,1,5.021329192,6.735601298
1021,N,N3,CONT,12s,NA,NA,NA,NA,NA,NA,NA,NA,NA,NA
1022,N,N3,CONT,12s,34.25121391,87,2,1,1,0,0,1,14.44960268,18.0934343
1023,N,N3,CONT,12s,14.52201204,72,1,0,0,0,0,1,10.18613612,16.11353611
1024,N,N3,CONT,12s,15.90431281,114,1,1,1,0,0,1,12.2410741,15.8864871
1025,N,N3,CONT,12s,66.47610055,168,1,13,1,0,0,1,22.46009223,23.91261947
1026,N,N3,CONT,12s,3.463605901,32,1,0,0,0,0,1,4.815190202,6.340801669
1027,N,N3,CONT,12s,NA,NA,NA,NA,NA,NA,NA,NA,NA,NA
1028,N,N3,CONT,12s,14.52201204,123,1,1,1,0,0,NA,12.180176,16.04606202
1029,N,N3,CONT,12s,NA,NA,NA,NA,NA,NA,NA,NA,NA,NA
1030,N,N3,CONT,12s,4.154756284,34,1,0,0,0,0,1,5.221353407,7.613486502
1031,N,N3,CONT,12s,NA,NA,NA,NA,NA,NA,NA,NA,NA,NA
1032,N,N3,CONT,12s,46.56625711,134,1,8,1,0,0,1,18.49332478,18.76623488
1033,N,N3,CONT,12s,31.17245311,53,1,0,0,0,0,1,11.86700374,NA
1034,N,N3,CONT,12s,95.21861028,144.6,4,13,1,0,0,1,24.08593465,23.50283855
1035,N,N3,CONT,12s,40.60202199,143.2,1,3,1,0,0,1,18.06220205,17.04526898
1036,N,N3,CONT,12s,9.456900746,68.9,1,0,0,0,0,1,8.698409667,11.64766819
1037,N,N3,CONT,12s,20.18858125,73.5,1,0,0,0,0,1,11.44895356,9.835679235
1038,N,N3,CONT,12s,41.51057059,90.4,1,0,0,0,0,1,15.60575643,10.43130532
1039,N,N3,CONT,12s,18.020254,112.7,1,0,0,0,0,1,12.71354338,11.62888018
1040,N,N3,CONT,12s,29.99624082,90.7,1,0,0,0,0,1,14.01721817,16.29754701
1041,N,N3,CONT,12s,28.55778408,115.4,1,0,0,0,0,1,14.94365436,14.01684633
1042,N,N3,CONT,12s,20.99282897,57.6,1,0,0,0,0,1,10.69268418,9.767403014
1043,N,N3,CONT,12s,101.8913531,153.6,4,18,1,NA,NA,0,25.13843988,23.90363845
1044,N,N3,CONT,12s,16.54684705,110.3,1,0,0,0,0,1,12.2681198,12.77285889
1045,N,N3,CONT,12s,46.6118102,53.2,2,0,0,0,0,1,13.58998272,15.49056686
1046,N,N3,CONT,12s,14.45454634,68.4,1,0,0,0,0,1,9.997637283,10.02207548
1047,N,N3,CONT,12s,21.89564416,89.4,1,0,0,1,1,1,12.55823216,15.57773607
1048,N,N3,CONT,12s,106.9625119,91.5,2,0,0,0,0,1,21.49189009,22.78417124
1049,N,N3,CONT,12s,34.10834998,30,2,0,0,0,0,1,10.11297345,11.52253972
1050,N,N3,CONT,12s,111.9691896,122.6,1,1,1,0,0,1,24.06185605,26.03799724
1051,N,N3,CONT,12s,10.12229007,89.4,1,0,0,1,1,1,9.706503219,11.32453439
1052,N,N3,CONT,12s,73.89811319,50.8,1,0,0,0,0,1,15.60779509,18.13409512
1053,N,N3,CONT,12s,NA,NA,NA,NA,NA,0,0,1,NA,23.45228719
1054,N,N3,CONT,12s,60.2695701,97.7,5,7,1,0,0,1,18.13875708,17.52293057
1055,N,N3,CONT,12s,43.82663123,52.3,2,0,0,NA,NA,NA,13.23768424,NA
1056,N,N3,LMH,12s,NA,NA,NA,NA,NA,0,0,NA,NA,3.993677421
1057,N,N3,LMH,12s,NA,NA,NA,NA,NA,0,0,NA,NA,7.565114529
1058,N,N3,LMH,12s,125.7208046,115.6,7,2,1,5,1,1,24.52452224,25.66014598
1059,N,N3,LMH,12s,29.41661697,129.7,NA,NA,NA,NA,NA,NA,15.69243703,6.169816514
1060,N,N3,LMH,12s,13.20254313,82,1,2,1,0,0,1,10.30515792,22.07829348
1061,N,N3,LMH,12s,17.72054606,127.6,NA,NA,NA,NA,NA,NA,13.17766014,10.37766459
1062,N,N3,LMH,12s,NA,NA,NA,NA,NA,NA,NA,NA,NA,NA
1063,N,N3,LMH,12s,81.71282492,46,1,0,0,9,1,1,15.6144073,18.44511642
1064,N,N3,LMH,12s,0.801184666,16.3,1,0,0,NA,NA,NA,2.358026224,NA
1065,N,N3,LMH,12s,32.16990877,107,1,0,0,0,0,1,15.16238973,20.21943344
1066,N,N3,LMH,12s,143.1388153,183,1,50,1,3,1,1,29.85476167,31.29127073
1067,N,N3,LMH,12s,NA,220,NA,NA,NA,NA,NA,NA,NA,NA
1068,N,N3,LMH,12s,30.3857983,153.9,1,5,1,1,1,1,16.79557227,20.38041794
1069,N,N3,LMH,12s,11.88472355,96.1,1,3,1,2,1,1,10.49092155,10.74934727
1070,N,N3,LMH,12s,NA,NA,NA,NA,NA,NA,NA,NA,NA,NA
1071,N,N3,LMH,12s,120.7628216,236,1,11,1,1,1,1,30.70751993,36.30993876
1072,N,N3,LMH,12s,NA,NA,NA,NA,NA,0,0,1,NA,18.33202687
1073,N,N3,LMH,12s,NA,NA,NA,NA,NA,0,0,NA,NA,13.93249995
1074,N,N3,LMH,12s,9.186331078,105,1,0,0,0,0,1,9.915519072,14.0690865
1075,N,N3,LMH,12s,NA,NA,NA,NA,NA,NA,NA,NA,NA,NA
1076,N,N3,LMH,12s,17.05539236,118.5,1,0,0,NA,NA,0,12.69299,NA
1077,N,N3,LMH,12s,8.449627601,101.3,1,0,0,0,0,1,9.527828181,10.63844955
1078,N,N3,LMH,12s,9.842295624,109.1,1,0,0,0,0,1,10.2770718,10.29035083
1079,N,N3,LMH,12s,NA,NA,NA,NA,NA,NA,NA,NA,NA,NA
1080,N,N3,LMH,12s,NA,NA,NA,NA,NA,NA,NA,NA,NA,NA
1081,N,N3,LMH,12s,11.64156428,97.1,1,0,0,0,0,1,10.45483931,10.40429791
1082,N,N3,LMH,12s,7.793113276,105.8,1,0,0,0,0,1,9.409547834,11.30945445
1083,N,N3,LMH,12s,8.193980499,74.8,1,0,0,0,0,1,8.522538752,11.6139338
1084,N,N3,LMH,12s,12.00724566,132.8,1,0,0,0,0,1,11.72729937,12.52729586
1085,N,N3,LMH,12s,NA,NA,NA,NA,NA,0,0,NA,NA,17.15586397
1086,N,N3,LMH,12s,13.7885287,121.9,1,0,0,0,0,1,11.93538758,11.30983258
1087,N,N3,LMH,12s,48.39819832,163,1,1,1,0,0,1,19.99928098,22.43407357
1088,N,N3,LMH,12s,7.499060204,58.5,1,0,0,0,0,1,7.622244032,8.869607661
1089,N,N3,LMH,12s,0.34211944,2.1,NA,0,0,0,0,1,0.895485023,0.958734246
1090,N,N3,LMH,12s,6.026281568,47.9,2,0,0,1,1,1,6.628214545,8.506693486
1091,N,N3,LMH,12s,NA,NA,NA,NA,NA,0,0,NA,NA,2.486518558
1092,N,N3,LMH,12s,NA,NA,NA,NA,NA,NA,NA,NA,NA,NA
1093,N,N3,LMH,12s,NA,NA,NA,NA,NA,NA,NA,NA,NA,NA
1094,N,N3,LMH,12s,NA,NA,NA,NA,NA,NA,NA,NA,NA,NA
1095,N,N3,LMH,12s,245.2240046,182,1,44,1,83,1,1,35.6676794,41.40067382
1096,N,N3,LMH,12s,NA,NA,NA,NA,NA,0,0,NA,NA,10.15015212
1097,N,N3,LMH,12s,NA,NA,NA,NA,NA,57,1,NA,NA,20.39975198
1098,N,N3,LMH,12s,25.96722678,128.5,1,2,1,2,1,1,15.00579669,19.79031973
1099,N,N3,LMH,12s,30.1907054,119,1,2,1,0,0,1,15.38058218,21.52879857
1100,N,N3,LMH,12s,1.306981084,21.5,1,0,0,NA,NA,0,3.045435093,2.515005154
1101,N,N3,MEGA,12s,4.374353611,53.8,2,0,0,0,0,1,6.19138653,6.086864274
1102,N,N3,MEGA,12s,31.20017766,134.4,2,0,0,0,0,1,16.19519142,NA
1103,N,N3,MEGA,12s,24.27948466,60,2,0,0,0,0,1,11.37874052,11.38305825
1104,N,N3,MEGA,12s,10.12229007,62.1,1,0,0,0,0,1,8.594737022,9.156932301
1105,N,N3,MEGA,12s,NA,NA,NA,NA,NA,NA,NA,NA,NA,NA
1106,N,N3,MEGA,12s,1.207628216,19,1,0,0,0,0,1,2.846188588,2.90211056
1107,N,N3,MEGA,12s,NA,NA,NA,NA,NA,NA,NA,0,NA,9.930095341
1108,N,N3,MEGA,12s,8.346897521,99,1,0,0,0,0,1,9.41652053,11.63946736
1109,N,N3,MEGA,12s,5.26852942,80,1,1,1,0,0,1,7.521066901,5.265588419
1110,N,N3,MEGA,12s,NA,NA,NA,NA,NA,NA,NA,NA,NA,NA
1111,N,N3,MEGA,12s,17.72054606,200,2,0,0,0,0,1,15.31082825,5.483916006
1112,N,N3,MEGA,12s,2.925529619,51,1,0,0,0,0,1,5.317555935,4.802470405
1113,N,N3,MEGA,12s,100.2505778,245,3,44,1,NA,1,1,29.22003187,32.23610889
1114,N,N3,MEGA,12s,2.659044022,8,1,0,0,0,0,1,2.775170154,5.022926993
1115,N,N3,MEGA,12s,11.76282975,87,2,0,0,NA,NA,1,10.11335515,17.65118891
1116,N,N3,MEGA,12s,NA,NA,NA,NA,NA,NA,NA,NA,NA,NA
1117,N,N3,MEGA,12s,NA,NA,NA,NA,NA,NA,NA,NA,NA,NA
1118,N,N3,MEGA,12s,NA,NA,NA,NA,NA,2,1,1,NA,15.58954541
1119,N,N3,MEGA,12s,42.14148093,NA,4,0,0,0,0,1,NA,19.60772759
1120,N,N3,MEGA,12s,72.1916786,125,3,0,0,0,0,1,20.91725029,23.89790854
1121,N,N3,MEGA,12s,NA,NA,NA,NA,NA,0,0,1,NA,3.755756047
1122,N,N3,MEGA,12s,77.95021794,124.9,2,2,1,2,1,1,21.45437172,24.14560188
1123,N,N3,MEGA,12s,86.9203289,144.6,2,8,1,18,1,1,23.36377051,30.45664327
1124,N,N3,MEGA,12s,NA,NA,NA,NA,NA,1,1,NA,NA,11.78687964
1125,N,N3,MEGA,12s,NA,NA,NA,NA,NA,0,0,NA,NA,2.204920019
1126,N,N3,MEGA,12s,NA,NA,NA,NA,NA,0,0,NA,NA,2.314673794
1127,N,N3,MEGA,12s,NA,NA,NA,NA,NA,NA,NA,NA,NA,NA
1128,N,N3,MEGA,12s,NA,NA,NA,NA,NA,NA,NA,NA,NA,NA
1129,N,N3,MEGA,12s,130.7500232,221.4,11,NA,NA,NA,1,1,30.86784279,32.13674845
1130,N,N3,MEGA,12s,NA,NA,NA,NA,NA,0,0,NA,NA,1.893922931
1131,N,N3,MEGA,12s,7.694467267,39.5,1,0,0,0,0,1,6.743287436,6.385236324
1132,N,N3,MEGA,12s,9.897980354,43.4,2,0,0,0,0,1,7.568956596,7.245652506
1133,N,N3,MEGA,12s,8.919688402,39.6,5,0,0,1,1,1,7.09025283,11.06475147
1134,N,N3,MEGA,12s,12.17956202,28.3,3,0,0,0,0,1,7.032568807,10.41883236
1135,N,N3,MEGA,12s,9.786767974,20.4,2,0,0,0,0,1,5.860601592,6.821423569
1136,N,N3,MEGA,12s,8.409807914,17.6,2,0,0,0,0,1,5.303366383,6.712603672
1137,N,N3,MEGA,12s,17.27569654,61.6,3,0,0,0,0,1,10.24626897,4.349286597
1138,N,N3,MEGA,12s,11.34114948,39.8,2,0,0,0,0,1,7.695113724,3.560932915
1139,N,N3,MEGA,12s,16.11150084,24.2,3,0,0,0,0,1,7.328009165,5.24376137
1140,N,N3,MEGA,12s,32.68630807,51,5,3,1,0,0,1,11.90253542,15.6415232
1141,N,N3,MESO,12s,57.14525621,83.3,6,7,1,0,0,1,16.89548858,19.55088877
1142,N,N3,MESO,12s,14.0530508,62.1,3,6,1,0,0,1,9.58966248,9.269813473
1143,N,N3,MESO,12s,4.523893421,23.2,1,0,0,0,0,1,4.728338299,5.523942044
1144,N,N3,MESO,12s,9.905834336,23.8,2,0,0,0,0,1,6.195061195,7.084280726
1145,N,N3,MESO,12s,9.953822164,53.2,1,0,0,0,0,1,8.116545925,10.52048733
1146,N,N3,MESO,12s,4.599605804,28.2,1,0,0,0,0,1,5.074723753,6.018337733
1147,N,N3,MESO,12s,9.242722666,20.3,2,0,0,0,0,1,5.740333548,6.235275729
1148,N,N3,MESO,12s,7.883041366,15.5,2,0,0,0,0,1,4.974517465,6.7400297
1149,N,N3,MESO,12s,15.47587811,41.8,3,6,1,0,0,1,8.677462604,10.18688016
1150,N,N3,MESO,12s,12.28653325,51.3,2,0,0,0,0,1,8.602512549,8.323530015
1151,N,N3,MESO,12s,65.75549774,184.7,1,22,1,1,1,1,23.09785726,23.13847459
1152,N,N3,MESO,12s,0.76976874,6.2,NA,0,0,0,0,1,1.685002414,3.17784183
1153,N,N3,MESO,12s,3.141592654,58,1,0,0,0,0,1,5.684486088,8.333306471
1154,N,N3,MESO,12s,7.021538121,45.7,2,0,0,1,1,1,6.866594876,6.948653915
1155,N,N3,MESO,12s,5.187476329,43.9,1,0,0,0,0,1,6.123814891,7.590227178
1156,N,N3,MESO,12s,17.9450914,98.3,1,1,1,1,1,1,12.12941512,14.76032525
1157,N,N3,MESO,12s,50.13989729,113.1,3,0,0,0,0,1,17.91225353,21.67205479
1158,N,N3,MESO,12s,83.1304686,195,2,NA,NA,NA,1,1,25.43518821,27.09660117
1159,N,N3,MESO,12s,22.06183441,105,1,1,1,0,0,1,13.28448628,NA
1160,N,N3,MESO,12s,47.78362426,104,2,0,0,1,1,1,17.13994673,17.22482947
1161,N,N3,MESO,12s,93.31315579,200,2,0,0,NA,1,1,26.65994005,NA
1162,N,N3,MESO,12s,NA,NA,NA,NA,NA,0,0,1,NA,10.91650118
1163,N,N3,MESO,12s,62.21138852,254,1,27,1,NA,NA,1,25.21924973,28.78736957
1164,N,N3,MESO,12s,22.06183441,108,1,1,1,13,1,1,13.41001375,16.13851884
1165,N,N3,MESO,12s,52.81017251,163,2,2,1,NA,NA,1,20.59033327,25.64495584
1166,N,N3,MESO,12s,16.61902514,140,1,0,0,NA,NA,1,13.30393045,16.77528604
1167,N,N3,MESO,12s,28.27433388,195,1,0,0,NA,1,1,17.74479196,26.58973948
1168,N,N3,MESO,12s,58.08804816,156,1,7,1,0,0,1,20.94644237,20.05435812
1169,N,N3,MESO,12s,39.59192142,112,1,10,1,2,1,1,16.50015474,27.45738194
1170,S,S1,CONT,12s,23.07217061,88,1,1,1,4,1,1,12.71243225,16.12658252
1171,S,S1,CONT,12s,1.020703453,15.1,1,0,0,0,0,1,2.492132647,4.589739467
1172,S,S1,CONT,12s,16.41238688,41.2,2,0,0,NA,NA,0,8.806739025,7.322068388
1173,S,S1,CONT,12s,40.48916028,146.8,1,2,1,1,1,1,18.19562648,16.94133052
1174,S,S1,CONT,12s,NA,NA,NA,NA,NA,NA,NA,NA,NA,NA
1175,S,S1,CONT,12s,13.46141036,133.9,1,3,1,0,0,1,12.21711532,7.710673925
1176,S,S1,CONT,12s,5.515458602,80.4,1,0,0,0,0,1,7.649685537,9.872696183
1177,S,S1,CONT,12s,42.89224304,150.5,1,NA,NA,NA,NA,0,18.70404923,16.77786405
1178,S,S1,CONT,12s,21.58007118,78,1,0,0,0,0,1,11.94113101,13.47533867
1179,S,S1,CONT,12s,27.52537819,97.6,1,0,0,0,0,1,13.9581759,13.33224712
1180,S,S1,CONT,12s,25.69697127,51.3,1,0,0,0,0,1,11.00545554,11.99956314
1181,S,S1,CONT,12s,NA,NA,NA,NA,NA,0,0,NA,NA,9.947510153
1182,S,S1,CONT,12s,14.52201204,50.1,1,1,1,NA,NA,NA,9.024643089,NA
1183,S,S1,CONT,12s,5.68321965,66.5,1,0,0,0,0,1,7.252158172,8.461528238
1184,S,S1,CONT,12s,8.552985999,83.9,1,1,1,1,1,1,8.983219636,10.005078
1185,S,S1,CONT,12s,4.118706509,67.9,1,0,0,0,0,1,6.558502624,7.828193939
1186,S,S1,CONT,12s,31.66921744,109.5,1,2,1,1,1,1,15.19994193,17.99498757
1187,S,S1,CONT,12s,6.245800355,40,2,0,0,0,0,1,6.316142759,7.272276436
1188,S,S1,CONT,12s,6.97464985,36.8,1,0,0,0,0,1,6.37331464,2.966367053
1189,S,S1,CONT,12s,10.12229007,55.2,1,0,0,0,0,1,8.263335476,7.874926437
1190,S,S1,CONT,12s,13.72279087,29,3,0,0,0,0,1,7.378254171,7.790151293
1191,S,S1,CONT,12s,NA,NA,NA,NA,NA,0,0,NA,NA,7.42625812
1192,S,S1,CONT,12s,6.92791866,27.9,1,0,0,0,0,1,5.797589449,6.313354197
1193,S,S1,CONT,12s,20.66924493,119.5,3,0,0,1,1,1,13.57207733,14.47662951
1194,S,S1,CONT,12s,5.147185404,26.4,1,0,0,NA,NA,1,5.154155214,NA
1195,S,S1,CONT,12s,21.48291742,173.5,2,2,1,0,0,1,15.57059397,16.34573223
1196,S,S1,CONT,12s,2.805520779,39.4,1,0,0,0,0,1,4.810866051,5.284687252
1197,S,S1,CONT,12s,NA,NA,NA,NA,NA,0,0,1,NA,10.84794094
1198,S,S1,CONT,12s,66.04326762,76.1,2,8,1,1,1,1,17.20463996,16.03580689
1199,S,S1,CONT,12s,21.23716634,122.5,1,0,0,1,1,1,13.80928918,15.21019757
1200,S,S1,CONT,12s,18.78051942,94.3,1,2,1,4,1,1,12.14546405,16.32114813
1201,S,S1,CONT,12s,10.46346703,79.4,1,3,1,1,1,1,9.433443959,9.434751085
1202,S,S1,LMH,12s,134.3709443,216.3,1,28,1,5,1,1,30.90921749,31.59103008
1203,S,S1,LMH,12s,81.39269663,211.6,2,8,1,23,1,1,25.95477505,27.98198762
1204,S,S1,LMH,12s,149.3545349,296.4,1,NA,NA,NA,NA,1,35.57081198,34.94906282
1205,S,S1,LMH,12s,79.327178,264,1,NA,NA,0,0,1,27.70571242,34.03764508
1206,S,S1,LMH,12s,407.1475019,211,3,NA,NA,0,0,1,44.38348568,NA
1207,S,S1,LMH,12s,203.4803279,235.5,1,NA,NA,24,1,1,36.52445649,37.91685523
1208,S,S1,LMH,12s,179.315904,250,1,NA,NA,12,1,1,35.72048358,35.79647151
1209,S,S1,LMH,12s,44.53278272,308,1,NA,NA,NA,NA,1,24.05522672,24.37018223
1210,S,S1,LMH,12s,367.0028173,400,8,NA,NA,NA,NA,1,53.07700474,60.19246958
1211,S,S1,LMH,12s,376.1921329,NA,3,NA,NA,NA,NA,1,NA,NA
1212,S,S1,LMH,12s,142.7150144,420,1,NA,NA,NA,NA,1,39.3582464,41.14839208
1213,S,S1,LMH,12s,161.9566411,420,1,NA,NA,NA,NA,1,41.05572756,40.87160241
1214,S,S1,LMH,12s,137.4705182,420,1,NA,NA,NA,NA,1,38.86935435,39.21096689
1215,S,S1,LMH,12s,226.17967,420,1,NA,NA,NA,NA,1,45.89867255,48.4533859
1216,S,S1,LMH,12s,108.8034852,420,1,NA,NA,NA,NA,1,35.95004057,37.96040658
1217,S,S1,LMH,12s,693.258471,420,2,NA,NA,NA,NA,1,66.71109606,67.09450259
1218,S,S1,LMH,12s,572.1312246,420,4,NA,NA,NA,NA,1,62.5684277,60.74998433
1219,S,S1,LMH,12s,445.6289489,420,NA,NA,NA,NA,NA,1,57.56058738,53.22161034
1220,S,S1,LMH,12s,29.89924414,118.2,1,0,0,1,1,1,15.29636533,16.08599983
1221,S,S1,LMH,12s,65.89930414,218.3,1,NA,NA,0,0,1,24.44114034,21.73158928
1222,S,S1,LMH,12s,133.6686413,171.2,4,5,1,3,1,1,28.53809365,24.28752013
1223,S,S1,LMH,12s,NA,NA,NA,NA,NA,NA,NA,NA,NA,NA
1224,S,S1,LMH,12s,NA,NA,NA,NA,NA,NA,NA,NA,NA,NA
1225,S,S1,LMH,12s,270.2574715,161.7,9,2,1,10,1,1,35.41777379,46.14823951
1226,S,S1,LMH,12s,80.11846665,137,1,18,1,1,1,1,22.33060302,25.06716057
1227,S,S1,LMH,12s,NA,NA,3,NA,NA,NA,NA,1,NA,37.84679423
1228,S,S1,LMH,12s,31.07357148,121,1,4,1,0,0,1,15.6159496,18.23584991
1229,S,S1,LMH,12s,NA,NA,NA,NA,NA,NA,NA,NA,NA,NA
1230,S,S1,LMH,12s,25.42812948,127,1,2,1,0,0,1,14.84276729,18.92000366
1231,S,S1,LMH,12s,154.5984813,130,1,3,1,0,0,1,27.32756829,26.01526419
1232,S,S1,LMH,12s,117.8588119,163,1,3,1,0,0,1,26.91893754,28.74046522
1233,S,S1,LMH,12s,83.80897408,51,1,6,1,0,0,1,16.29890723,24.73076206
1234,S,S1,LMH,12s,NA,NA,NA,NA,NA,NA,NA,NA,NA,NA
1235,S,S1,LMH,12s,NA,NA,NA,NA,NA,NA,NA,NA,NA,NA
1236,S,S1,LMH,12s,NA,NA,NA,NA,NA,NA,NA,NA,NA,NA
1237,S,S1,LMH,12s,NA,NA,NA,NA,NA,NA,NA,NA,NA,NA
1238,S,S1,LMH,12s,468.3615133,150,NA,NA,NA,NA,NA,NA,41.50073464,43.7916882
1239,S,S1,LMH,12s,447.0623005,235,4,32,1,NA,NA,0,47.46793654,47.02006562
1240,S,S1,LMH,12s,NA,NA,NA,NA,NA,1,1,NA,NA,39.5945572
1241,S,S1,MEGA,12s,69.69340559,283,1,2,1,NA,NA,1,27.15646849,26.75073277
1242,S,S1,MEGA,12s,65.89930414,256,2,2,1,4,1,1,25.7762185,27.70333108
1243,S,S1,MEGA,12s,119.0161746,258,2,1,1,NA,NA,1,31.48146346,33.77488343
1244,S,S1,MEGA,12s,189.6670591,215,1,0,0,3,1,1,34.6088084,37.53068642
1245,S,S1,MEGA,12s,8.552985999,122,1,0,0,1,1,1,10.17923456,14.49208242
1246,S,S1,MEGA,12s,51.78475666,89,NA,NA,NA,NA,NA,NA,16.71420694,15.44498152
1247,S,S1,MEGA,12s,19.40004149,153,1,2,1,1,1,1,14.43071949,19.10942065
1248,S,S1,MEGA,12s,47.29479244,NA,1,NA,NA,NA,NA,1,NA,28.69833557
1249,S,S1,MEGA,12s,64.89595799,232,2,9,1,0,0,1,24.81544184,24.90686902
1250,S,S1,MEGA,12s,48.76882772,291,1,4,1,NA,NA,1,24.33055436,25.17207326
1251,S,S1,MEGA,12s,7.306166415,76,2,0,0,0,0,1,8.246109244,8.369477037
1252,S,S1,MEGA,12s,NA,NA,NA,NA,NA,NA,NA,NA,NA,NA
1253,S,S1,MEGA,12s,NA,NA,NA,NA,NA,0,0,NA,NA,2.487707052
1254,S,S1,MEGA,12s,NA,NA,NA,NA,NA,0,0,1,NA,10.78322448
1255,S,S1,MEGA,12s,NA,NA,NA,NA,NA,NA,NA,NA,NA,NA
1256,S,S1,MEGA,12s,NA,NA,NA,NA,NA,2,1,1,NA,16.81968337
1257,S,S1,MEGA,12s,NA,NA,NA,NA,NA,NA,NA,NA,NA,NA
1258,S,S1,MEGA,12s,41.85386813,132,2,0,0,8,1,1,17.75683449,27.2148423
1259,S,S1,MEGA,12s,36.96052341,155,3,0,0,NA,NA,NA,17.97326993,NA
1260,S,S1,MEGA,12s,NA,NA,NA,NA,NA,NA,NA,NA,NA,NA
1261,S,S1,MEGA,12s,NA,NA,NA,NA,NA,NA,NA,NA,NA,NA
1262,S,S1,MEGA,12s,NA,NA,NA,NA,NA,0,0,NA,NA,8.08870926
1263,S,S1,MEGA,12s,NA,NA,NA,NA,NA,0,0,NA,NA,1.92199995
1264,S,S1,MEGA,12s,42.17855173,13,3,0,0,NA,NA,0,8.211519966,11.70398457
1265,S,S1,MEGA,12s,11.56263176,39,2,0,0,NA,NA,0,7.692636507,12.769061
1266,S,S1,MEGA,12s,43.47461578,63,NA,NA,NA,NA,NA,NA,14.04852483,12.84462687
1267,S,S1,MEGA,12s,42.89224304,23,1,0,0,2,1,1,9.990308365,11.25866113
1268,S,S1,MEGA,12s,66.55715364,74,2,0,0,0,0,1,17.08882266,17.69811927
1269,S,S1,MEGA,12s,60.72910657,78,3,1,1,0,0,1,16.8677993,17.6336102
1270,S,S1,MEGA,12s,NA,NA,NA,NA,NA,0,0,1,NA,18.4874753
1271,S,S1,MESO,12s,NA,NA,NA,NA,NA,NA,NA,NA,NA,NA
1272,S,S1,MESO,12s,36.96052341,210,1,0,0,0,0,1,19.89104558,24.22326216
1273,S,S1,MESO,12s,NA,NA,NA,NA,NA,NA,NA,NA,NA,NA
1274,S,S1,MESO,12s,NA,NA,NA,NA,NA,NA,NA,NA,NA,NA
1275,S,S1,MESO,12s,40.03928421,122.8,1,0,0,0,0,1,17.07908098,20.99366053
1276,S,S1,MESO,12s,55.02256059,213,1,0,0,0,0,1,22.82465349,26.92556336
1277,S,S1,MESO,12s,39.25804866,166,1,1,1,1,1,1,18.76340306,20.6574141
1278,S,S1,MESO,12s,33.90163318,132,1,6,1,1,1,1,16.55058618,20.71664685
1279,S,S1,MESO,12s,66.04452426,264,2,5,1,3,1,1,26.06152964,30.77740208
1280,S,S1,MESO,12s,36.10349693,200,1,4,1,0,0,1,19.41699672,22.23942574
1281,S,S1,MESO,12s,103.8689071,300,1,4,1,0,0,1,31.63626782,31.51884688
1282,S,S1,MESO,12s,NA,239,1,0,0,0,0,1,NA,27.04609361
1283,S,S1,MESO,12s,65.18184292,180,1,3,1,0,0,1,22.83305484,22.14468109
1284,S,S1,MESO,12s,63.75870144,220,1,2,1,0,0,1,24.23585444,24.84022876
1285,S,S1,MESO,12s,64.61070137,294,1,2,1,0,0,1,26.81777633,36.00653468
1286,S,S1,MESO,12s,29.51282825,298,1,0,0,0,0,1,20.73841125,22.4775094
1287,S,S1,MESO,12s,50.76939392,145,1,2,1,0,0,1,19.54264252,20.88107248
1288,S,S1,MESO,12s,59.99468075,286,1,2,1,16,1,1,25.92242695,26.97880994
1289,S,S1,MESO,12s,80.754325,162,1,17,1,0,0,1,23.67821431,26.15378697
1290,S,S1,MESO,12s,213.0478127,88,8,0,0,0,0,1,26.70069007,30.68270174
1291,S,S1,MESO,12s,69.84145314,240,2,0,0,12,1,1,25.72087081,35.27125923
1292,S,S1,MESO,12s,16.4029621,187,1,1,1,0,0,1,14.58988739,17.21064516
1293,S,S1,MESO,12s,119.7908914,250,1,11,1,5,1,1,31.21969707,35.09738224
1294,S,S1,MESO,12s,14.79344565,82,1,0,0,0,0,1,10.70411345,6.071892349
1295,S,S1,MESO,12s,5.599024967,54,1,0,0,1,1,1,6.731533419,8.113610088
1296,S,S1p,CONT,12s,8.449627601,74.2,1,1,1,0,0,1,8.587281691,8.295636138
1297,S,S1p,CONT,12s,NA,NA,NA,NA,NA,0,0,NA,NA,11.80739798
1298,S,S1p,CONT,12s,NA,NA,NA,NA,NA,0,0,NA,NA,6.94837604
1299,S,S1p,CONT,12s,13.98668465,29.4,1,0,0,1,1,1,7.459358839,6.40533123
1300,S,S1p,CONT,12s,7.694467267,72.1,1,1,1,0,0,1,8.243641678,8.02428726
1301,S,S1p,CONT,12s,55.28582606,32.8,1,0,0,0,0,1,12.24171292,9.509536498
1302,S,S1p,CONT,12s,6.742564693,80.1,1,0,0,0,0,1,8.170106233,4.895463325
1303,S,S1p,CONT,12s,7.163145409,49.1,1,0,0,0,0,1,7.080124481,8.539986718
1304,S,S1p,CONT,12s,3.141592654,26.6,1,0,0,0,0,1,4.381954997,3.629716259
1305,S,S1p,CONT,12s,NA,NA,NA,NA,NA,0,0,NA,NA,0.980285186
1306,S,S1p,CONT,12s,NA,NA,NA,NA,NA,NA,NA,NA,NA,NA
1307,S,S1p,CONT,12s,6.069871166,76.9,1,0,0,0,0,1,7.78175893,9.724815134
1308,S,S1p,CONT,12s,33.1830724,135.5,2,0,0,1,1,1,16.57683274,19.31799117
1309,S,S1p,CONT,12s,5.067074791,62.3,1,0,0,NA,NA,1,6.829203666,NA
1310,S,S1p,CONT,12s,4.374353611,23.1,1,0,0,0,0,1,4.668835316,5.757063122
1311,S,S1p,CONT,12s,34.73227028,192,1,0,0,0,0,1,18.90816118,21.31855297
1312,S,S1p,CONT,12s,48.89268501,250,1,7,1,0,0,1,23.14735857,16.73384057
1313,S,S1p,CONT,12s,NA,NA,NA,NA,NA,NA,NA,NA,NA,NA
1314,S,S1p,CONT,12s,19.48753485,40,3,0,0,0,0,1,9.234844789,6.392329959
1315,S,S1p,CONT,12s,NA,NA,NA,NA,NA,NA,NA,NA,NA,NA
1316,S,S1p,CONT,12s,17.05539236,114,1,1,1,0,0,1,12.52999136,8.698491119
1317,S,S1p,CONT,12s,13.92047559,115,1,0,0,NA,NA,NA,11.74272908,NA
1318,S,S1p,CONT,12s,12.75557303,93,1,1,1,0,0,1,10.62459244,10.11909057
1319,S,S1p,CONT,12s,26.69481964,78,1,0,0,0,0,1,12.81989452,13.35958281
1320,S,S1p,CONT,12s,8.604900818,68.5,1,0,0,1,1,1,8.412147539,10.94619767
1321,S,S1p,CONT,12s,37.93669479,225,1,6,1,0,0,1,20.5324336,16.7633894
1322,S,S1p,CONT,12s,37.17635083,159,1,0,0,0,0,1,18.16207485,16.21070762
1323,S,S1p,CONT,12s,4.411502944,37,1,0,0,0,0,1,5.479446838,5.698632674
1324,S,S1p,CONT,12s,11.40091828,151,1,3,1,0,0,1,12.03114425,12.79107164
1325,S,S1p,CONT,12s,NA,NA,NA,NA,NA,NA,NA,NA,NA,NA
1326,S,S1p,CONT,12s,NA,NA,NA,NA,NA,NA,NA,NA,NA,NA
1327,S,S1p,CONT,12s,NA,NA,NA,NA,NA,NA,NA,NA,NA,NA
1328,S,S1p,CONT,12s,NA,NA,NA,NA,NA,NA,NA,NA,NA,NA
1329,S,S1p,CONT,12s,NA,NA,NA,NA,NA,0,0,NA,NA,9.985294632
1330,S,S1p,CONT,12s,NA,NA,NA,NA,NA,0,0,NA,NA,1.899563961
1331,S,S2,CONT,12s,NA,NA,NA,NA,NA,0,0,NA,NA,6.387295278
1332,S,S2,CONT,12s,38.15534964,111.4,1,0,0,0,0,1,16.2686138,13.34443561
1333,S,S2,CONT,12s,41.05503966,190.7,1,2,1,0,0,1,19.94861756,15.05153581
1334,S,S2,CONT,12s,115.370592,237,4,5,1,1,1,1,30.28550831,23.86606545
1335,S,S2,CONT,12s,42.87095875,263,2,NA,NA,NA,NA,1,22.53175639,25.90799953
1336,S,S2,CONT,12s,70.89608579,250,5,NA,NA,NA,NA,1,26.20459274,28.06938825
1337,S,S2,CONT,12s,108.2231545,281,2,7,1,7,1,1,31.38000585,30.06541727
1338,S,S2,CONT,12s,NA,NA,NA,NA,NA,NA,NA,NA,NA,NA
1339,S,S2,CONT,12s,NA,NA,NA,NA,NA,NA,NA,0,NA,NA
1340,S,S2,CONT,12s,NA,NA,NA,NA,NA,0,0,1,NA,8.700608488
1341,S,S2,CONT,12s,NA,NA,NA,NA,NA,0,0,1,NA,4.38769656
1342,S,S2,CONT,12s,NA,NA,NA,NA,NA,NA,NA,NA,NA,NA
1343,S,S2,CONT,12s,NA,NA,NA,NA,NA,NA,NA,NA,NA,NA
1344,S,S2,CONT,12s,7.992290251,29.4,1,0,0,0,0,1,6.188162462,5.286552833
1345,S,S2,CONT,12s,2.269800692,71.7,1,0,0,0,0,1,5.474051992,6.127951583
1346,S,S2,CONT,12s,NA,NA,NA,NA,NA,NA,NA,NA,NA,NA
1347,S,S2,CONT,12s,2.29658277,23.3,1,0,0,0,0,1,3.77604325,3.788040728
1348,S,S2,CONT,12s,21.81278465,59.1,3,1,1,0,0,1,10.92369216,10.72407845
1349,S,S2,CONT,12s,10.29217169,85.7,1,0,0,0,0,1,9.623822009,10.70647827
1350,S,S2,CONT,12s,6.742564693,69.9,1,0,0,0,0,1,7.806902655,8.100194334
1351,S,S2,CONT,12s,2.746458838,25.8,1,0,0,NA,NA,1,4.147165968,NA
1352,S,S2,CONT,12s,49.51432765,92.7,1,1,1,0,0,1,16.6913353,18.9466488
1353,S,S2,CONT,12s,3.204738666,25.7,1,0,0,NA,NA,1,4.360765575,NA
1354,S,S2,CONT,12s,40.26390809,NA,NA,0,0,NA,NA,0,NA,17.94510342
1355,S,S2,CONT,12s,29.99624082,79.3,2,2,1,0,0,1,13.40253851,15.32670474
1356,S,S2,CONT,12s,26.87828865,75.1,1,0,0,2,1,1,12.68773665,18.09599868
1357,S,S2,CONT,12s,22.06183441,85.2,1,0,0,0,0,1,12.38933753,13.29580581
1358,S,S2,CONT,12s,25.54476111,47.6,4,0,0,2,1,1,10.71255588,15.3377781
1359,S,S2,CONT,12s,NA,NA,NA,NA,NA,NA,NA,NA,NA,NA
1360,S,S2,CONT,12s,NA,NA,NA,NA,NA,NA,NA,NA,NA,NA
1361,S,S2,CONT,12s,1.474113813,18.1,1,0,0,0,0,1,2.993218084,3.754276634
1362,S,S2,CONT,12s,NA,NA,NA,NA,NA,NA,NA,NA,NA,NA
1363,S,S2,CONT,12s,2.164243179,31.8,1,0,0,0,0,1,4.107002961,6.150526168
1364,S,S2,CONT,12s,25.65785844,122.9,2,2,1,0,0,1,14.72519076,16.73891606
1365,S,S2,CONT,12s,17.57163457,96,2,0,0,NA,NA,0,11.94972523,11.26130556
1366,S,S2,CONT,12s,73.06166415,83.5,5,1,1,0,0,1,18.35452911,17.80113674
1367,S,S2,CONT,12s,32.37128486,70.4,1,0,0,1,1,1,13.21219571,13.41944552
1368,S,S2,CONT,12s,9.294087706,81.2,1,0,0,3,1,1,9.135612205,11.25473692
1369,S,S2,CONT,12s,51.02260629,95,3,0,0,NA,NA,1,16.9978957,NA
1370,S,S2,LMH,12s,NA,NA,NA,NA,NA,NA,NA,NA,NA,NA
1371,S,S2,LMH,12s,NA,NA,NA,NA,NA,NA,NA,NA,NA,NA
1372,S,S2,LMH,12s,150.4557416,144.6,10,13,1,0,0,1,28.06046709,30.12209569
1373,S,S2,LMH,12s,0.407150408,4.1,NA,0,0,0,0,1,1.186572526,1.299821362
1374,S,S2,LMH,12s,204.7370435,187.3,6,40,1,0,0,1,33.90581311,40.37071085
1375,S,S2,LMH,12s,86.42529244,181.2,1,54,1,1,1,1,25.14366776,28.39213273
1376,S,S2,LMH,12s,431.1560242,243,3,45,1,2,1,1,47.4243453,52.26880833
1377,S,S2,LMH,12s,NA,235,4,NA,NA,4,1,1,NA,40.76438008
1378,S,S2,LMH,12s,NA,NA,NA,NA,NA,NA,NA,NA,NA,NA
1379,S,S2,LMH,12s,66.47610055,159.8,3,7,1,2,1,1,22.08798832,28.60974273
1380,S,S3,LMH,12s,NA,NA,NA,NA,NA,NA,NA,NA,NA,NA
1381,S,S2,LMH,12s,NA,90,3,2,1,5,1,1,NA,19.77329889
1382,S,S2,LMH,12s,43.00840343,92,1,1,1,1,1,1,15.88429798,18.80457777
1383,S,S2,LMH,12s,NA,NA,NA,NA,NA,NA,NA,NA,NA,NA
1384,S,S2,LMH,12s,21.23716634,112.5,1,2,1,0,0,1,13.42222161,18.18331114
1385,S,S2,LMH,12s,1.5393804,125.5,1,11,1,5,1,1,5.796621068,24.29496782
1386,S,S2,LMH,12s,9.621127502,92,1,0,0,1,1,1,9.635117603,NA
1387,S,S2,LMH,12s,95.03317777,109,6,12,1,10,1,1,21.90300341,24.78902099
1388,S,S2,LMH,12s,NA,NA,NA,NA,NA,NA,NA,NA,NA,NA
1389,S,S2,LMH,12s,68.07524975,97,1,2,1,2,1,1,18.84614893,21.88637727
1390,S,S2,LMH,12s,174.6003734,252.8,2,NA,NA,NA,1,1,35.53598274,40.60603592
1391,S,S2,LMH,12s,87.25113861,106.8,6,2,1,3,1,1,21.14268709,24.04021828
1392,S,S2,LMH,12s,308.2185922,112.1,5,1,1,1,1,1,32.74619991,27.04117419
1393,S,S2,LMH,12s,94.90562911,110.1,5,14,1,2,1,1,21.96669897,26.28694486
1394,S,S2,LMH,12s,35.89081111,61.8,5,0,0,1,1,1,13.09328596,16.69132239
1395,S,S2,LMH,12s,24.54220035,231.5,3,NA,NA,NA,NA,1,17.92352663,33.64695116
1396,S,S2,LMH,12s,NA,NA,NA,NA,NA,0,0,NA,NA,6.237714234
1397,S,S2,LMH,12s,NA,NA,NA,NA,NA,0,0,NA,NA,5.587320673
1398,S,S2,LMH,12s,0.528101725,3.8,NA,0,0,0,0,1,1.261797483,4.349351352
1399,S,S2,LMH,12s,41.53185488,37,2,0,0,2,1,1,11.58342332,20.93030162
1400,S,S2,LMH,12s,NA,NA,NA,NA,NA,NA,NA,NA,NA,NA
1401,S,S2,LMH,12s,3.698361412,22.8,1,0,0,2,1,1,4.395154627,9.436506607
1402,S,S2,LMH,12s,1.266768698,15.5,1,0,0,0,0,1,2.701943027,4.376836547
1403,S,S2,LMH,12s,1.246898124,6.1,NA,0,0,0,0,1,1.968677047,3.067618783
1404,S,S2,LMH,12s,28.11882505,172,2,0,0,NA,1,1,16.98534825,26.21425794
1405,S,S2,LMH,12s,68.93329724,101.3,3,0,0,2,1,1,19.20116765,NA
1406,S,S2,LMH,12s,NA,NA,NA,NA,NA,2,1,NA,NA,15.69253001
1407,S,S2,LMH,12s,10.69405993,102,2,0,0,1,1,1,10.33110519,12.46665781
1408,S,S2,LMH,12s,104.5286416,193,2,0,0,NA,NA,1,27.36212666,36.39959357
1409,S,S2,LMH,12s,NA,NA,NA,NA,NA,0,0,NA,NA,2.35075832
1410,S,S2,LMH,12s,21.23716634,153,1,0,0,NA,NA,1,14.87326135,19.4855315
1411,S,S2,MEGA,12s,62.21138852,233,2,1,1,0,0,1,24.50305558,27.22060346
1412,S,S2,MEGA,12s,NA,NA,NA,NA,NA,NA,NA,NA,NA,NA
1413,S,S2,MEGA,12s,NA,NA,NA,NA,NA,NA,NA,NA,NA,NA
1414,S,S2,MEGA,12s,NA,NA,NA,NA,NA,NA,NA,NA,NA,NA
1415,S,S2,MEGA,12s,NA,NA,NA,NA,NA,NA,NA,NA,NA,NA
1416,S,S2,MEGA,12s,NA,NA,NA,NA,NA,NA,NA,NA,NA,NA
1417,S,S2,MEGA,12s,NA,NA,NA,NA,NA,NA,NA,NA,NA,NA
1418,S,S2,MEGA,12s,NA,NA,NA,NA,NA,NA,NA,NA,NA,NA
1419,S,S2,MEGA,12s,4.791635655,73.4,NA,0,0,0,0,1,7.080095028,7.581505019
1420,S,S2,MEGA,12s,0.833228912,4.2,NA,0,0,NA,NA,NA,1.519211694,NA
1421,S,S2,MEGA,12s,NA,NA,NA,NA,NA,NA,NA,NA,NA,NA
1422,S,S2,MEGA,12s,NA,NA,NA,NA,NA,NA,NA,NA,NA,NA
1423,S,S2,MEGA,12s,NA,NA,NA,NA,NA,NA,NA,NA,NA,NA
1424,S,S2,MEGA,12s,89.24919154,280,1,NA,NA,NA,NA,1,29.38919388,37.64070957
1425,S,S2,MEGA,12s,NA,NA,NA,NA,NA,NA,NA,NA,NA,NA
1426,S,S2,MEGA,12s,19.16654262,56.4,1,0,0,0,0,1,10.30002145,10.37005391
1427,S,S2,MEGA,12s,139.1380756,450,3,NA,NA,NA,NA,1,39.93545954,41.43745886
1428,S,S2,MEGA,12s,1.038689071,18.7,1,0,0,0,0,1,2.692194789,4.23642938
1429,S,S2,MEGA,12s,NA,NA,NA,NA,NA,NA,NA,NA,NA,NA
1430,S,S2,MEGA,12s,NA,NA,NA,NA,NA,NA,NA,NA,NA,NA
1431,S,S2,MEGA,12s,NA,NA,NA,NA,NA,NA,NA,NA,NA,NA
1432,S,S2,MEGA,12s,NA,NA,NA,NA,NA,NA,NA,NA,NA,NA
1433,S,S2,MEGA,12s,NA,NA,NA,NA,NA,NA,NA,NA,NA,NA
1434,S,S2,MEGA,12s,NA,NA,NA,NA,NA,NA,NA,NA,NA,NA
1435,S,S2,MEGA,12s,15.13627194,303.8,1,NA,NA,NA,NA,1,16.70155272,20.70958634
1436,S,S2,MEGA,12s,15.97507718,94.5,1,3,1,0,0,1,11.51498903,11.4713274
1437,S,S2,MEGA,12s,9.402472653,48.6,2,0,0,0,0,1,7.72675594,8.466367581
1438,S,S2,MEGA,12s,24.10512627,33,3,0,0,0,0,1,9.297573599,8.535450215
1439,S,S2,MEGA,12s,9.897980354,40.4,4,0,0,0,0,1,7.390103565,7.941860501
1440,S,S2,MEGA,12s,19.95036999,259,1,NA,NA,NA,NA,1,17.36458052,20.86642457
1441,S,S2,MEGA,12s,14.97730736,15.6,10,0,0,0,0,1,6.176470333,8.892133538
1442,S,S2,MEGA,12s,39.7035265,16.3,14,0,0,0,0,1,8.678697435,7.209610943
1443,S,S2,MEGA,12s,48.64512751,370,1,NA,NA,NA,NA,1,26.33947565,29.69905899
1444,S,S2,MEGA,12s,8.761587752,108.8,1,0,0,0,0,1,9.876572463,10.08669407
1445,S,S2,MEGA,12s,21.64753688,319,1,NA,NA,NA,NA,1,19.12987077,23.76863946
1446,S,S2,MEGA,12s,13.33166258,87,3,0,0,0,0,1,10.5450211,8.491100145
1447,S,S2,MEGA,12s,4.523893421,54.4,1,0,0,0,0,1,6.284484021,6.416566521
1448,S,S2,MEGA,12s,NA,NA,NA,NA,NA,NA,NA,NA,NA,NA
1449,S,S2,MEGA,12s,15.20530844,49.5,3,0,0,0,0,1,9.127452945,9.005811458
1450,S,S2,MEGA,12s,NA,NA,NA,NA,NA,NA,NA,NA,NA,NA
1451,S,S2,MEGA,12s,21.23716634,47.7,2,0,0,0,0,1,10.07908119,9.376860931
1452,S,S2,MEGA,12s,8.604900818,94.3,1,0,0,0,0,1,9.359489165,6.882514699
1453,S,S2,MEGA,12s,11.16278556,69.1,1,0,0,NA,NA,1,9.20248584,NA
1454,S,S2,MESO,12s,6.92791866,84.7,1,0,0,0,0,1,8.399545606,9.612895156
1455,S,S2,MESO,12s,30.48358038,165.5,1,1,1,1,1,1,17.22648594,18.04764538
1456,S,S2,MESO,12s,36.53075354,166,1,17,1,0,0,1,18.3177501,20.1661426
1457,S,S2,MESO,12s,21.48291742,101.8,1,2,1,0,0,1,13.03172547,14.99225976
1458,S,S2,MESO,12s,49.26519936,105.8,2,7,1,0,0,1,17.41504658,18.12838401
1459,S,S2,MESO,12s,24.0181827,72.1,1,0,0,0,0,1,12.05483108,14.27648133
1460,S,S2,MESO,12s,3.36535259,41.7,2,0,0,0,0,1,5.209895375,8.078109836
1461,S,S2,MESO,12s,NA,NA,NA,NA,NA,NA,NA,NA,NA,NA
1462,S,S2,MESO,12s,NA,NA,NA,NA,NA,NA,NA,NA,NA,NA
1463,S,S2,MESO,12s,7.306166415,30.6,2,0,0,0,0,1,6.08622549,8.4438231
1464,S,S2,MESO,12s,NA,NA,NA,NA,NA,NA,NA,NA,NA,NA
1465,S,S2,MESO,12s,NA,NA,NA,NA,NA,NA,NA,NA,NA,NA
1466,S,S2,MESO,12s,25.60720026,62.3,3,0,0,0,0,1,11.72918071,11.44849198
1467,S,S2,MESO,12s,7.694467267,59.5,2,0,0,0,0,1,7.731611213,6.196348113
1468,S,S2,MESO,12s,NA,NA,NA,NA,NA,NA,NA,NA,NA,NA
1469,S,S2,MESO,12s,9.621127502,96,1,0,0,0,0,1,9.772995137,11.83064033
1470,S,S2,MESO,12s,7.068583471,62,NA,0,0,0,0,1,7.619674408,8.179014824
1471,S,S2,MESO,12s,116.8986626,40.5,NA,0,0,0,0,1,16.86485707,6.215688207
1472,S,S2,MESO,12s,NA,NA,NA,NA,NA,0,0,NA,NA,2.157201687
1473,S,S2,MESO,12s,13.20254313,35.4,1,0,0,0,0,1,7.785079888,8.187299369
1474,S,S2,MESO,12s,15.39922325,105.2,2,0,0,1,1,1,11.78942388,20.13901536
1475,S,S2,MESO,12s,NA,268.2,NA,8,1,NA,NA,0,NA,NA
1476,S,S2,MESO,12s,19.79234788,41,1,0,0,0,0,1,9.359659041,10.12597972
1477,S,S2,MESO,12s,1.651299639,33.6,1,0,0,0,0,1,3.821971522,6.048290716
1478,S,S2,MESO,12s,106.7792785,268,1,16,1,0,0,1,30.74948397,29.44781136
1479,S,S2,MESO,12s,5.982849049,69.4,2,0,0,0,0,1,7.483512153,10.92607728
1480,S,S2,MESO,12s,6.834927517,64.8,1,1,1,0,0,NA,7.64657684,9.649163186
1481,S,S2,MESO,12s,NA,NA,NA,NA,NA,NA,NA,NA,NA,NA
1482,S,S2,MESO,12s,4.337361357,44.5,1,0,0,0,0,1,5.794820869,7.544949247
1483,S,S2,MESO,12s,NA,NA,NA,NA,NA,NA,NA,NA,NA,NA
1484,S,S2,MESO,12s,55.15411479,219.5,1,1,1,0,0,1,23.07325175,24.97125301
1485,S,S2,MESO,12s,216.1636443,289,2,12,1,0,0,1,39.9054469,43.41322936
1486,S,S2p,CONT,12s,0.407150408,16,1,0,0,0,0,1,1.869438336,6.9503414
1487,S,S2p,CONT,12s,NA,NA,NA,NA,NA,NA,NA,NA,NA,NA
1488,S,S2p,CONT,12s,NA,NA,NA,NA,NA,NA,NA,NA,NA,NA
1489,S,S2p,CONT,12s,NA,NA,NA,NA,NA,0,0,NA,NA,12.09118985
1490,S,S2p,CONT,12s,16.04599864,147,1,0,0,0,0,1,13.36492527,22.54838359
1491,S,S2p,CONT,12s,NA,NA,NA,NA,NA,0,0,NA,NA,11.23122137
1492,S,S2p,CONT,12s,NA,NA,NA,NA,NA,NA,NA,NA,NA,NA
1493,S,S2p,CONT,12s,12.5036173,104,1,0,0,0,0,1,10.95539909,14.59565268
1494,S,S2p,CONT,12s,NA,NA,NA,NA,NA,1,1,NA,NA,7.452248289
1495,S,S2p,CONT,12s,NA,NA,NA,NA,NA,0,0,NA,NA,11.14682761
1496,S,S2p,CONT,12s,24.80632975,200,1,0,0,2,1,1,17.13046391,18.20759494
1497,S,S2p,CONT,12s,0.59446787,11,1,0,0,NA,NA,NA,1.871805552,NA
1498,S,S2p,CONT,12s,NA,NA,NA,NA,NA,NA,NA,NA,NA,NA
1499,S,S2p,CONT,12s,NA,NA,NA,NA,NA,NA,NA,NA,NA,NA
1500,S,S2p,CONT,12s,NA,NA,NA,NA,NA,NA,NA,NA,NA,NA
1501,S,S2p,CONT,12s,NA,NA,NA,NA,NA,NA,NA,NA,NA,NA
1502,S,S2p,CONT,12s,NA,NA,NA,NA,NA,NA,NA,NA,NA,NA
1503,S,S2p,CONT,12s,NA,NA,NA,NA,NA,NA,NA,NA,NA,NA
1504,S,S2p,CONT,12s,NA,NA,NA,NA,NA,NA,NA,NA,NA,NA
1505,S,S2p,CONT,12s,NA,NA,NA,NA,NA,NA,NA,NA,NA,NA
1506,S,S2p,CONT,12s,NA,NA,NA,NA,NA,NA,NA,NA,NA,NA
1507,S,S2p,CONT,12s,NA,NA,NA,NA,NA,NA,NA,NA,NA,NA
1508,S,S2p,CONT,12s,NA,NA,NA,NA,NA,NA,NA,NA,NA,NA
1509,S,S2p,CONT,12s,20.58874161,60.5,3,1,1,0,0,1,10.7991762,12.68474724
1510,S,S2p,CONT,12s,8.295768101,64.7,1,1,1,0,0,1,8.153186851,9.392516203
1511,S,S2p,CONT,12s,NA,NA,NA,NA,NA,NA,NA,NA,NA,NA
1512,S,S2p,CONT,12s,8.193980499,28.8,1,0,0,0,0,1,6.197058782,5.267094473
1513,S,S2p,CONT,12s,33.90163318,55.5,1,0,0,0,0,1,12.39345622,11.90970729
1514,S,S2p,CONT,12s,51.40281754,95.7,1,0,0,0,0,1,17.08189331,13.83777132
1515,S,S2p,CONT,12s,14.65741468,33.5,1,0,0,0,0,1,7.914459009,8.334158329
1516,S,S2p,CONT,12s,3.397946614,33.8,1,0,0,0,0,1,4.872737475,7.382834961
1517,S,S2p,CONT,12s,1.886919088,11.6,1,0,0,0,0,1,2.801740598,2.232362131
1518,S,S2p,CONT,12s,NA,NA,NA,NA,NA,NA,NA,NA,NA,8.78635936
1519,S,S2p,CONT,12s,NA,NA,NA,NA,NA,NA,NA,NA,NA,NA
1520,S,S2p,CONT,12s,NA,NA,NA,NA,NA,NA,NA,NA,NA,NA
1521,S,S3,CONT,12s,NA,NA,NA,NA,NA,NA,NA,NA,NA,NA
1522,S,S3,CONT,12s,NA,NA,NA,NA,NA,NA,NA,NA,NA,NA
1523,S,S3,CONT,12s,43.82592438,52.1,1,0,0,0,0,1,13.22069135,10.64832465
1524,S,S3,CONT,12s,8.761587752,50.6,1,0,0,0,0,1,7.649071962,NA
1525,S,S3,CONT,12s,4.869547153,56.4,1,2,1,1,1,1,6.51898022,6.688914032
1526,S,S3,CONT,12s,8.346897521,52.2,1,0,0,0,0,1,7.604878482,8.380625129
1527,S,S3,CONT,12s,NA,NA,NA,NA,NA,NA,NA,NA,NA,NA
1528,S,S3,CONT,12s,16.04599864,111.8,1,1,1,0,0,1,12.19775993,14.95092779
1529,S,S3,CONT,12s,NA,NA,NA,NA,NA,0,0,NA,NA,2.115089867
1530,S,S3,CONT,12s,36.53075354,154.5,1,18,1,0,0,1,17.88392567,15.81521839
1531,S,S3,CONT,12s,26.97025877,138,1,2,1,0,0,1,15.56307259,15.46023223
1532,S,S3,CONT,12s,3.496671163,43.7,1,0,0,0,0,1,5.360079845,6.77296114
1533,S,S3,CONT,12s,13.72279087,146,2,2,1,0,0,1,12.65611461,12.51234066
1534,S,S3,CONT,12s,29.22466566,186,1,4,1,0,0,1,17.66090286,18.16226046
1535,S,S3,CONT,12s,5.810689772,63.6,1,0,0,0,0,1,7.198110195,9.766631563
1536,S,S3,CONT,12s,16.11707717,94.3,1,2,1,0,0,1,11.54089359,11.56345154
1537,S,S3,CONT,12s,9.786767974,87.3,1,2,1,0,0,1,9.522018369,18.84969915
1538,S,S3,CONT,12s,NA,NA,NA,NA,NA,NA,NA,1,NA,NA
1539,S,S3,CONT,12s,10.12229007,100.1,1,1,1,0,0,1,10.07983981,11.21355503
1540,S,S3,CONT,12s,8.604900818,66.4,1,0,0,0,0,1,8.325156635,9.123134438
1541,S,S3,CONT,12s,NA,NA,NA,NA,NA,NA,NA,NA,NA,NA
1542,S,S3,CONT,12s,37.39280656,199.4,1,NA,NA,0,0,1,19.62609472,17.53126598
1543,S,S3,CONT,12s,30.3857983,200,1,3,1,0,0,1,18.33090558,17.00996635
1544,S,S3,CONT,12s,32.37128486,140,1,4,1,0,0,1,16.62062505,12.3217066
1545,S,S3,CONT,12s,21.64753688,144,1,3,1,NA,NA,0,14.66868725,14.62987975
1546,S,S3,CONT,12s,12.25417484,99.1,1,1,1,0,0,1,10.70801882,10.02740289
1547,S,S3,CONT,12s,13.65721012,122.5,1,1,1,0,0,1,11.91683609,NA
1548,S,S3,CONT,12s,20.77417412,51.2,2,0,0,0,0,1,10.24451621,12.47265613
1549,S,S3,CONT,12s,NA,NA,NA,NA,NA,NA,NA,NA,NA,NA
1550,S,S3,CONT,12s,NA,NA,NA,NA,NA,NA,NA,NA,NA,NA
1551,S,S3,CONT,12s,30.97484693,43.4,2,0,0,0,0,1,11.07759806,13.63112
1552,S,S3,CONT,12s,8.24479576,45.6,1,0,0,NA,NA,0,7.23950684,NA
1553,S,S3,CONT,12s,16.54684705,44.5,1,0,0,0,0,1,9.060864508,11.34394093
1554,S,S3,CONT,12s,0.785398163,3.4,NA,0,0,0,0,1,1.38806397,1.507305908
1555,S,S3,CONT,12s,21.73008223,94.5,1,7,1,0,0,1,12.76062284,9.879542993
1556,S,S3,CONT,12s,109.7535028,119.5,2,0,0,0,0,1,23.69834476,19.62277754
1557,S,S3,CONT,12s,NA,NA,NA,NA,NA,NA,NA,NA,NA,NA
1558,S,S3,CONT,12s,NA,NA,NA,NA,NA,NA,NA,NA,NA,NA
1559,S,S3,CONT,12s,NA,NA,NA,NA,NA,NA,NA,NA,NA,NA
1560,S,S3,CONT,12s,8.761587752,NA,NA,NA,NA,NA,NA,NA,NA,NA
1561,S,S3,CONT,12s,2.986476516,15.9,1,0,0,NA,NA,NA,3.628409413,NA
1562,S,S3,CONT,12s,16.33125525,81.9,1,5,1,NA,NA,NA,11.0589186,NA
1563,S,S3,CONT,12s,NA,NA,NA,NA,NA,NA,NA,NA,NA,NA
1564,S,S3,LMH,12s,14.86169675,100.3,1,5,1,0,0,1,11.46635919,12.59478816
1565,S,S3,LMH,12s,NA,NA,NA,NA,NA,NA,NA,NA,NA,3.278964095
1566,S,S3,LMH,12s,NA,NA,NA,NA,NA,NA,NA,1,NA,NA
1567,S,S3,LMH,12s,NA,NA,NA,NA,NA,NA,NA,NA,NA,NA
1568,S,S3,LMH,12s,12.62928101,86.2,1,0,0,0,0,1,10.32430227,14.88766419
1569,S,S3,LMH,12s,65.325021,132.2,3,0,0,NA,NA,0,20.6125968,18.67524235
1570,S,S3,LMH,12s,0.554176944,6.5,NA,0,0,0,0,1,1.533936891,2.893807571
1571,S,S3,LMH,12s,0.985203456,2.7,NA,0,0,0,0,1,1.386273475,1.146301022
1572,S,S3,LMH,12s,1.207628216,4.9,NA,0,0,0,0,1,1.810399624,1.565347505
1573,S,S3,LMH,12s,NA,NA,NA,NA,NA,NA,NA,NA,NA,NA
1574,S,S3,LMH,12s,NA,NA,NA,NA,NA,NA,NA,NA,NA,15.46405315
1575,S,S3,LMH,12s,NA,NA,NA,NA,NA,0,0,NA,NA,2.753254662
1576,S,S3,LMH,12s,NA,NA,NA,NA,NA,NA,NA,NA,NA,NA
1577,S,S3,LMH,12s,38.25407419,120.2,2,3,1,0,0,1,16.70123782,15.94363164
1578,S,S3,LMH,12s,44.4145803,156.2,1,6,1,0,0,1,19.15941354,18.14777732
1579,S,S3,LMH,12s,18.78051942,86,1,0,0,0,0,1,11.77757125,11.40447767
1580,S,S3,LMH,12s,82.37413017,217.5,3,NA,NA,0,0,1,26.29919426,29.69643381
1581,S,S3,LMH,12s,1.886919088,9.1,NA,0,0,0,0,1,2.583656177,2.261298627
1582,S,S3,LMH,12s,0.785398163,11.5,1,0,0,0,0,1,2.084916104,3.172135801
1583,S,S3,LMH,12s,21.56514861,151.8,1,1,1,0,0,1,14.91030819,18.71481904
1584,S,S3,LMH,12s,NA,NA,NA,NA,NA,NA,NA,NA,NA,NA
1585,S,S3,LMH,12s,32.67452709,186,2,0,0,NA,NA,0,18.33121007,17.11926834
1586,S,S3,LMH,12s,23.75829444,167.1,1,2,1,0,0,1,15.90201995,16.36200023
1587,S,S3,LMH,12s,32.16990877,173.2,2,2,1,0,0,1,17.80724946,22.928123
1588,S,S3,LMH,12s,22.06183441,190.5,2,NA,NA,0,0,1,16.20739982,16.30934036
1589,S,S3,LMH,12s,NA,NA,NA,NA,NA,NA,NA,NA,NA,NA
1590,S,S3,LMH,12s,27.9922974,187,1,0,0,0,0,1,17.43988735,16.67829794
1591,S,S3,LMH,12s,24.45447137,84.5,2,NA,NA,NA,NA,0,12.7873498,7.293445098
1592,S,S3,LMH,12s,NA,NA,NA,NA,NA,NA,NA,NA,NA,NA
1593,S,S3,LMH,12s,41.28249096,165,1,5,1,0,0,1,19.04258307,18.4097918
1594,S,S3,LMH,12s,NA,NA,NA,NA,NA,NA,NA,NA,NA,NA
1595,S,S3,LMH,12s,7.499060204,NA,NA,NA,NA,NA,NA,NA,NA,NA
1596,S,S3,LMH,12s,15.90431281,149.2,1,0,0,0,0,1,13.39166028,12.50700948
1597,S,S3,LMH,12s,6.559724001,180.2,1,0,0,0,0,1,10.61200131,8.145270017
1598,S,S3,LMH,12s,33.49008455,134.5,NA,NA,NA,NA,NA,0,16.58680879,15.92365269
1599,S,S3,LMH,12s,NA,NA,NA,NA,NA,NA,NA,NA,NA,NA
1600,S,S3,LMH,12s,NA,NA,NA,NA,NA,NA,NA,NA,NA,NA
1601,S,S3,LMH,12s,NA,NA,NA,NA,NA,NA,NA,NA,NA,NA
1602,S,S3,LMH,12s,NA,NA,NA,NA,NA,NA,NA,NA,NA,NA
1603,S,S3,LMH,12s,NA,NA,NA,NA,NA,NA,NA,NA,NA,NA
1604,S,S3,LMH,12s,26.32976657,190,1,8,1,0,0,1,17.17804296,18.5883197
1605,S,S3,LMH,12s,44.53278272,187,1,1,1,0,0,1,20.36391981,20.91693236
1606,S,S3,LMH,12s,17.4233514,160,1,0,0,0,0,1,14.13165865,16.5028237
1607,S,S3,LMH,12s,10.12229007,112,NA,NA,NA,NA,NA,NA,10.4650207,NA
1608,S,S3,LMH,12s,12.56637061,113,NA,NA,NA,NA,NA,NA,11.28204087,NA
1609,S,S3,LMH,12s,23.49981991,154,NA,NA,NA,NA,NA,NA,15.41804884,NA
1610,S,S3,LMH,12s,NA,NA,NA,NA,NA,NA,NA,NA,NA,NA
1611,S,S3,LMH,12s,33.59273609,150,NA,NA,NA,NA,NA,NA,17.21950423,NA
1612,S,S3,LMH,12s,73.13824047,232,NA,NA,NA,NA,NA,NA,25.82603482,NA
1613,S,S3,LMH,12s,611.1040167,258.1,6,5,1,NA,NA,1,54.36429078,52.10923567
1614,S,S3,LMH,12s,6.469246132,49.8,1,0,0,0,0,1,6.87575678,6.357495124
1615,S,S3,LMH,12s,10.29217169,73.8,1,0,0,0,0,1,9.15530104,10.14244564
1616,S,S3,LMH,12s,20.18858125,197.5,2,0,0,0,0,1,15.92503248,17.38190409
1617,S,S3,LMH,12s,18.6272097,165.9,1,2,1,NA,NA,0,14.62616176,13.40409966
1618,S,S3,LMH,12s,48.40550253,142.9,2,0,0,0,0,1,19.14057624,15.87681319
1619,S,S3,LMH,12s,NA,NA,NA,NA,NA,0,0,NA,NA,7.844613213
1620,S,S3,LMH,12s,67.20063036,166,1,3,1,0,0,1,22.45157539,23.47489826
1621,S,S3,LMH,12s,NA,NA,NA,NA,NA,NA,NA,NA,NA,NA
1622,S,S3,LMH,12s,73.59369287,225,1,4,1,0,0,1,25.61626479,26.08511335
1623,S,S3,MEGA,12s,142.7150144,338,2,NA,NA,NA,1,1,36.60521131,35.93207221
1624,S,S3,MEGA,12s,4.300526183,75,1,0,0,0,0,1,6.878399201,7.700994001
1625,S,S3,MEGA,12s,NA,NA,NA,NA,NA,NA,NA,NA,NA,NA
1626,S,S3,MEGA,12s,1.389290811,17.5,1,0,0,0,0,1,2.901737265,7.160701571
1627,S,S3,MEGA,12s,4.374353611,33,1,0,0,0,0,1,5.259232721,6.874837011
1628,S,S3,MEGA,12s,0.204282062,7,1,0,0,0,0,1,1.126824179,2.42853344
1629,S,S3,MEGA,12s,NA,NA,NA,NA,NA,0,0,NA,NA,4.265758033
1630,S,S3,MEGA,12s,7.942260388,90,1,0,0,0,0,1,8.971535535,5.536111934
1631,S,S3,MEGA,12s,73.28990086,186,1,0,0,0,0,1,24.00584066,20.72022313
1632,S,S3,MEGA,12s,NA,NA,NA,NA,NA,0,0,NA,NA,2.841582127
1633,S,S3,MEGA,12s,0.933131558,23,1,0,0,0,0,1,2.783406708,5.302694374
1634,S,S3,MEGA,12s,NA,NA,NA,NA,NA,0,0,NA,NA,2.12676786
1635,S,S3,MEGA,12s,43.00840343,110,NA,NA,NA,NA,NA,NA,16.86072768,NA
1636,S,S3,MEGA,12s,54.49791462,180.6,3,1,1,0,0,1,21.53232132,24.78409323
1637,S,S3,MEGA,12s,39.03625222,151,3,1,1,0,0,1,18.14506631,22.14311598
1638,S,S3,MEGA,12s,NA,NA,NA,NA,NA,0,0,NA,NA,1.298763908
1639,S,S3,MEGA,12s,21.89564416,115,2,0,0,0,0,1,13.65961063,12.33621202
1640,S,S3,MEGA,12s,3.36535259,50,1,0,0,0,0,1,5.535382307,6.926954993
1641,S,S3,MEGA,12s,31.07357148,65,2,0,0,0,0,1,12.6903018,16.50468041
1642,S,S3,MEGA,12s,19.9209961,103,3,0,0,0,0,1,12.75724003,13.44572239
1643,S,S3,MEGA,12s,4.337361357,93,1,0,0,0,0,1,7.41161197,7.896260158
1644,S,S3,MEGA,12s,5.309291585,90,1,0,0,10,1,1,7.842853595,8.670651571
1645,S,S3,MEGA,12s,55.28582606,154,2,3,1,0,0,1,20.51496095,17.64818538
1646,S,S3,MEGA,12s,7.596449576,51,1,0,0,0,0,1,7.312418961,8.578454519
1647,S,S3,MEGA,12s,13.8544236,52,1,0,0,0,0,1,8.995050279,9.358079235
1648,S,S3,MEGA,12s,NA,NA,NA,NA,NA,NA,NA,NA,NA,NA
1649,S,S3,MEGA,12s,18.55079046,117,1,1,1,0,0,1,12.99878139,12.90162249
1650,S,S3,MEGA,12s,2.216707776,8.5,1,0,0,0,0,1,2.66501552,3.0222659
1651,S,S3,MEGA,12s,NA,NA,NA,NA,NA,0,0,1,NA,4.314789767
1652,S,S3,MEGA,12s,61.00737314,218,2,0,0,0,0,1,23.80886218,24.28264431
1653,S,S3,MEGA,12s,NA,NA,NA,NA,NA,NA,NA,NA,NA,NA
1654,S,S3,MEGA,12s,NA,NA,NA,NA,NA,NA,NA,NA,NA,NA
1655,S,S3,MEGA,12s,NA,NA,NA,NA,NA,NA,NA,NA,NA,NA
1656,S,S3,MEGA,12s,NA,NA,NA,NA,NA,NA,NA,NA,NA,NA
1657,S,S3,MEGA,12s,NA,NA,NA,NA,NA,NA,NA,NA,NA,NA
1658,S,S3,MEGA,12s,45.00716321,325,1,9,1,NA,1,1,24.57736603,29.27926774
1659,S,S3,MEGA,12s,NA,NA,NA,NA,NA,0,0,NA,NA,1.656019203
1660,S,S3,MEGA,12s,151.0924639,144,6,10,1,0,0,1,28.06107618,25.53073809
1661,S,S3,MEGA,12s,5.68321965,110,1,0,0,1,1,1,8.579005515,9.31390267
1662,S,S3,MEGA,12s,13.46141036,145,1,0,0,0,0,1,12.5462993,14.11666774
1663,S,S3,MEGA,12s,3.976078202,68,1,0,0,0,0,1,6.48497351,7.646208517
1664,S,S3,MEGA,12s,15.41336042,62.5,1,0,0,0,0,1,9.911296951,10.84412175
1665,S,S3,MEGA,12s,12.69234848,100.5,1,0,0,0,0,1,10.88521234,8.862613051
1666,S,S3,MEGA,12s,8.295768101,66,1,0,0,0,0,1,8.20751592,9.490175104
1667,S,S3,MEGA,12s,6.514406526,54.5,1,0,0,NA,NA,1,7.10239845,NA
1668,S,S3,MEGA,12s,9.842295624,72,1,0,0,0,0,1,8.94565754,12.46160633
1669,S,S3,MEGA,12s,14.38723772,105,1,2,1,0,0,1,11.51757354,14.97683467
1670,S,S3,MEGA,12s,1.5393804,39,1,0,0,1,1,1,3.923920784,5.808438618
1671,S,S3,MEGA,12s,NA,NA,NA,NA,NA,NA,NA,NA,NA,NA
1672,S,S3,MEGA,12s,27.17870344,85.5,3,0,0,0,0,1,13.29842202,13.70535936
1673,S,S3,MEGA,12s,2.460573906,62,1,0,0,0,0,1,5.357162896,6.96695639
1674,S,S3,MEGA,12s,27.6248096,177,1,1,1,0,0,1,17.04744182,18.20802961
1675,S,S3,MEGA,12s,20.10902042,125,1,2,1,0,0,1,13.65168895,14.00002752
1676,S,S3,MEGA,12s,NA,NA,NA,NA,NA,NA,NA,NA,NA,NA
1677,S,S3,MESO,12s,7.258335667,82,1,0,0,0,0,1,8.439444737,9.758011378
1678,S,S3,MESO,12s,5.26852942,64,1,0,0,0,0,1,6.981136991,7.702923077
1679,S,S3,MESO,12s,12.62928101,103,1,0,0,0,0,1,10.95663578,7.114717771
1680,S,S3,MESO,12s,16.98227179,113,1,0,0,0,0,1,12.4752826,11.1321425
1681,S,S3,MESO,12s,NA,NA,NA,NA,NA,NA,NA,NA,NA,NA
1682,S,S3,MESO,12s,NA,NA,NA,NA,NA,NA,NA,NA,NA,NA
1683,S,S3,MESO,12s,NA,NA,NA,NA,NA,1,1,NA,NA,16.808982
1684,S,S3,MESO,12s,NA,NA,NA,NA,NA,NA,NA,NA,NA,NA
1685,S,S3,MESO,12s,19.16654262,113,1,0,0,NA,NA,NA,12.98953117,NA
1686,S,S3,MESO,12s,NA,NA,NA,NA,NA,NA,NA,NA,NA,NA
1687,S,S3,MESO,12s,21.56514861,134,1,1,1,NA,NA,0,14.3022064,13.05936676
1688,S,S3,MESO,12s,NA,NA,NA,NA,NA,NA,NA,NA,NA,NA
1689,S,S3,MESO,12s,21.64753688,175,1,0,0,NA,NA,1,15.6552527,8.401746883
1690,S,S3,MESO,12s,94.20387585,161,4,0,0,0,0,1,24.87635014,26.29447711
1691,S,S3,MESO,12s,NA,NA,NA,NA,NA,0,0,1,NA,8.744139457
1692,S,S3,MESO,12s,NA,NA,NA,NA,NA,0,0,1,NA,20.58596711
1693,S,S3,MESO,12s,NA,NA,NA,NA,NA,0,0,1,NA,18.73683032
1694,S,S3,MESO,12s,NA,NA,NA,NA,NA,1,1,1,NA,24.22630991
1695,S,S3,MESO,12s,NA,NA,NA,NA,NA,NA,NA,NA,NA,NA
1696,S,S3,MESO,12s,45.72344634,400,1,NA,NA,NA,NA,NA,26.48073312,NA
1697,S,S3,MESO,12s,NA,NA,NA,NA,NA,NA,NA,NA,NA,NA
1698,S,S3,MESO,12s,21.40084332,204,1,0,0,NA,NA,NA,16.41458908,NA
1699,S,S3,MESO,12s,32.16990877,400,1,NA,NA,NA,NA,NA,23.54804853,NA
1700,S,S3,MESO,12s,25.56039053,158,2,0,0,NA,NA,NA,15.99314025,NA
1701,S,S3,MESO,12s,NA,NA,NA,NA,NA,0,0,NA,NA,2.139839752
1702,S,S3,MESO,12s,4.830512864,45,1,0,0,0,0,1,6.029389458,7.358180881
1703,S,S3,MESO,12s,NA,NA,NA,NA,NA,NA,NA,NA,NA,NA
1704,S,S3,MESO,12s,39.7035265,48,1,0,0,0,0,1,12.44650851,13.87138979
1705,S,S3,MESO,12s,NA,NA,NA,NA,NA,NA,NA,NA,NA,NA
1706,S,S3,MESO,12s,NA,NA,NA,NA,NA,NA,NA,NA,NA,NA
1707,S,S3,MESO,12s,NA,NA,NA,NA,NA,NA,NA,NA,NA,NA
1708,S,S3,MESO,12s,NA,NA,NA,NA,NA,NA,NA,NA,NA,NA
1709,S,S3,MESO,12s,NA,NA,NA,NA,NA,0,0,NA,NA,1.366654056
1710,S,S3,MESO,12s,NA,NA,NA,NA,NA,NA,NA,NA,NA,NA
1711,S,S3,MESO,12s,131.7132355,200,1,1,1,0,0,1,29.91106252,25.26343092
1712,S,S3,MESO,12s,6.069871166,103,1,0,0,0,0,1,8.579200535,9.507309816
1713,S,S3,MESO,12s,19.55649281,163,1,1,1,0,0,1,14.77855999,15.98043392
1714,S,S3,MESO,12s,21.15556347,162,1,1,1,0,0,1,15.14033022,17.50674567
1715,S,S3,MESO,12s,NA,NA,NA,NA,NA,NA,NA,NA,NA,NA
1716,S,S3,MESO,12s,9.240130853,115,1,0,0,0,0,1,10.24122678,11.58564288
1717,C,C3,MEGA,12s,NA,NA,NA,NA,NA,NA,NA,NA,NA,NA
1718,N,N2,LMH,12s,NA,NA,NA,NA,NA,NA,NA,NA,NA,NA
1719,S,S1,MESO,12s,NA,NA,NA,NA,NA,NA,NA,NA,NA,NA
1,C,C1,CONT,13w,36.21007547,153.2,4,NA,NA,0,0,1,17.78112975,14.47585114
2,C,C1,CONT,13w,NA,NA,NA,NA,NA,NA,NA,1,NA,NA
3,C,C1,CONT,13w,NA,NA,NA,NA,NA,NA,NA,NA,NA,NA
4,C,C1,CONT,13w,NA,NA,NA,NA,NA,NA,NA,NA,NA,NA
5,C,C1,LMH,13w,41.51057059,175.1,NA,NA,NA,NA,NA,NA,19.45981598,NA
6,C,C1,LMH,13w,NA,NA,NA,NA,NA,NA,NA,NA,NA,NA
7,C,C1,LMH,13w,3.332915646,34.9,1,0,0,NA,NA,NA,4.893444758,NA
8,C,C1,LMH,13w,5.68321965,34.2,3,0,0,0,0,1,5.808355954,6.972448961
9,C,C1,LMH,13w,NA,NA,NA,NA,NA,NA,NA,NA,NA,NA
10,C,C1,LMH,13w,109.915609,400,3,NA,NA,NA,1,1,35.48949562,32.68634442
11,C,C1,LMH,13w,NA,NA,NA,NA,NA,NA,NA,NA,NA,NA
12,C,C1,MEGA,13w,NA,NA,NA,NA,NA,NA,NA,NA,NA,NA
13,C,C1,MEGA,13w,39.81528865,183,1,6,1,2,1,1,19.4756208,24.57130902
14,C,C1,MESO,13w,NA,NA,NA,NA,NA,0,0,NA,NA,2.152402697
15,C,C1,MESO,13w,2.925529619,25.3,1,0,0,0,0,1,4.207963024,5.2384421
16,C,C1,MESO,13w,0.679290872,12,1,0,0,0,0,1,2.014723199,2.798851237
17,C,C1,MESO,13w,NA,NA,NA,NA,NA,NA,NA,NA,NA,NA
18,C,C1,MESO,13w,NA,NA,NA,NA,NA,NA,NA,NA,NA,NA
19,C,C2,LMH,13w,NA,NA,NA,NA,NA,NA,NA,NA,NA,NA
20,C,C2,LMH,13w,0.76976874,8.1,NA,0,0,0,0,1,1.842290642,2.88360673
21,C,C2,LMH,13w,4.374353611,25.8,1,0,0,0,0,1,4.844354061,5.683195401
22,C,C2,LMH,13w,1.886919088,5.4,NA,0,0,0,0,1,2.170544423,3.81106002
23,C,C2,LMH,13w,NA,NA,NA,NA,NA,NA,NA,NA,NA,NA
24,C,C2,LMH,13w,0.650388219,5.9,NA,0,0,NA,NA,NA,1.566664266,NA
25,C,C2,LMH,13w,1.862650284,14.5,1,0,0,0,0,1,3.005414185,3.461841934
26,C,C2,MEGA,13w,NA,NA,NA,NA,NA,0,0,NA,NA,2.363546455
27,C,C2,MEGA,13w,NA,NA,NA,NA,NA,NA,NA,NA,NA,NA
28,C,C3,CONT,13w,NA,NA,NA,NA,NA,NA,NA,NA,NA,NA
29,C,C3,CONT,13w,27.15467026,41.4,2,0,0,2,1,1,10.43568353,16.17799997
30,C,C3,CONT,13w,NA,NA,NA,NA,NA,NA,NA,NA,NA,NA
31,C,C3,LMH,13w,NA,NA,NA,NA,NA,NA,NA,NA,NA,NA
32,C,C3,LMH,13w,NA,NA,NA,NA,NA,0,0,NA,NA,6.84961387
33,C,C3,LMH,13w,2.350618163,13.1,1,0,0,0,0,1,3.139918502,3.951025155
34,C,C3,LMH,13w,NA,NA,NA,NA,NA,NA,NA,NA,NA,NA
35,C,C3,LMH,13w,0.049087385,14.1,1,0,0,0,0,1,0.884397065,0.654940994
36,C,C3,LMH,13w,NA,NA,NA,NA,NA,NA,NA,NA,NA,NA
37,C,C3,MEGA,13w,NA,NA,NA,NA,NA,0,0,NA,NA,4.897995788
38,C,C3,MEGA,13w,NA,NA,NA,NA,NA,NA,NA,NA,NA,NA
39,C,C3,MEGA,13w,27.24711162,91,NA,NA,NA,NA,NA,NA,13.58950491,7.360670865
40,C,C3,MEGA,13w,NA,NA,NA,NA,NA,NA,NA,NA,NA,NA
41,C,C3,MESO,13w,NA,NA,NA,NA,NA,NA,NA,NA,NA,NA
42,C,C3,MESO,13w,6.469246132,22.2,1,0,0,NA,NA,1,5.250260489,NA
43,N,N1,CONT,13w,NA,NA,NA,NA,NA,NA,NA,NA,NA,NA
44,N,N1,CONT,13w,NA,NA,NA,NA,NA,NA,NA,NA,NA,NA
45,N,N1,CONT,13w,6.650830187,49.8,1,0,0,0,0,1,6.939594555,9.005114994
46,N,N1,CONT,13w,NA,NA,NA,NA,NA,NA,NA,NA,NA,NA
47,N,N1,CONT,13w,NA,NA,NA,NA,NA,NA,NA,NA,NA,NA
48,N,N1,LMH,13w,NA,NA,NA,NA,NA,NA,NA,NA,NA,NA
49,N,N1,LMH,13w,NA,NA,NA,NA,NA,NA,NA,NA,NA,NA
50,N,N1,LMH,13w,NA,NA,NA,NA,NA,NA,NA,NA,NA,NA
51,N,N1,LMH,13w,NA,NA,NA,NA,NA,NA,NA,NA,NA,NA
52,N,N1,LMH,13w,NA,NA,NA,NA,NA,NA,NA,NA,NA,NA
53,N,N1,LMH,13w,NA,NA,NA,NA,NA,NA,NA,NA,NA,NA
54,N,N1,MEGA,13w,1.767145868,49.9,1,0,0,0,0,1,4.461289676,5.090301893
55,N,N1,MEGA,13w,NA,NA,NA,NA,NA,NA,NA,NA,NA,NA
56,N,N1,MEGA,13w,NA,NA,NA,NA,NA,NA,NA,NA,NA,NA
57,N,N1,MEGA,13w,NA,NA,NA,NA,NA,NA,NA,NA,NA,NA
58,N,N1,MEGA,13w,NA,NA,NA,NA,NA,NA,NA,NA,NA,NA
59,N,N1,MEGA,13w,NA,NA,NA,NA,NA,NA,NA,NA,NA,NA
60,N,N1,MEGA,13w,NA,NA,NA,NA,NA,NA,NA,NA,NA,NA
61,N,N1,MEGA,13w,40.03928421,175.3,1,7,1,0,0,1,19.2341071,19.69115828
62,N,N1,MESO,13w,NA,NA,NA,NA,NA,0,0,NA,NA,1.024397388
63,N,N1,MESO,13w,NA,NA,NA,NA,NA,NA,NA,NA,NA,NA
64,N,N1,MESO,13w,NA,NA,NA,NA,NA,NA,NA,NA,NA,NA
65,N,N1,MESO,13w,NA,NA,NA,NA,NA,NA,NA,NA,NA,NA
66,N,N1,MESO,13w,NA,NA,NA,NA,NA,0,0,NA,NA,1.024397388
67,N,N1,MESO,13w,NA,NA,NA,NA,NA,0,0,NA,NA,1.132886802
68,N,N1,MESO,13w,NA,NA,NA,NA,NA,0,0,NA,NA,1.230988279
69,N,N1,MESO,13w,NA,NA,NA,NA,NA,NA,NA,NA,NA,NA
70,N,N1p,CONT,13w,NA,NA,NA,NA,NA,NA,NA,NA,NA,NA
71,N,N1p,CONT,13w,NA,NA,NA,NA,NA,0,0,NA,NA,7.342651917
72,N,N1p,CONT,13w,NA,NA,NA,NA,NA,NA,NA,NA,NA,7.258170529
73,N,N1p,CONT,13w,NA,NA,NA,NA,NA,0,0,NA,NA,6.872440005
74,N,N1p,CONT,13w,NA,NA,NA,NA,NA,0,0,1,NA,26.7901287
75,N,N1p,CONT,13w,NA,NA,NA,NA,NA,0,0,1,NA,10.92434447
76,N,N1p,CONT,13w,NA,NA,NA,NA,NA,NA,NA,NA,NA,NA
77,N,N1p,CONT,13w,NA,NA,NA,NA,NA,0,0,1,NA,17.10804245
78,N,N1p,CONT,13w,NA,NA,NA,NA,NA,NA,NA,NA,NA,17.33581937
79,N,N2,CONT,13w,NA,NA,NA,NA,NA,NA,NA,NA,NA,4.266662183
80,N,N2,CONT,13w,NA,NA,NA,NA,NA,NA,NA,NA,NA,NA
81,N,N2,CONT,13w,NA,NA,NA,NA,NA,NA,NA,NA,NA,NA
82,N,N2,CONT,13w,NA,NA,NA,NA,NA,NA,NA,NA,NA,NA
83,N,N2,CONT,13w,8.193980499,63.1,1,3,1,0,0,1,8.052056737,9.755737348
84,N,N2,CONT,13w,NA,NA,NA,NA,NA,NA,NA,NA,NA,NA
85,N,N2,CONT,13w,NA,NA,NA,NA,NA,NA,NA,NA,NA,NA
86,N,N2,LMH,13w,NA,NA,NA,NA,NA,NA,NA,NA,NA,NA
87,N,N2,LMH,13w,NA,NA,NA,NA,NA,NA,NA,NA,NA,NA
88,N,N2,LMH,13w,NA,NA,NA,NA,NA,0,0,NA,NA,1.12644801
89,N,N2,MEGA,13w,NA,NA,NA,NA,NA,NA,NA,NA,NA,NA
90,N,N2,MEGA,13w,52.04016815,290.3,1,1,1,NA,NA,1,24.8436922,29.73395095
91,N,N2,MEGA,13w,NA,NA,NA,NA,NA,NA,NA,NA,NA,NA
92,N,N2,MESO,13w,NA,NA,NA,NA,NA,NA,NA,NA,NA,NA
93,N,N2,MESO,13w,209.6978539,222.5,1,5,1,NA,NA,NA,36.20050884,NA
94,N,N2,MESO,13w,386.0301874,264.8,1,0,0,0,0,1,47.03581425,48.73142736
95,N,N2p,CONT,13w,NA,NA,NA,NA,NA,NA,NA,NA,NA,NA
96,N,N2p,CONT,13w,NA,NA,NA,NA,NA,NA,NA,NA,NA,NA
97,N,N2p,CONT,13w,NA,NA,NA,NA,NA,NA,NA,NA,NA,NA
98,N,N2p,CONT,13w,NA,NA,NA,NA,NA,NA,NA,NA,NA,NA
99,N,N2p,CONT,13w,NA,NA,NA,NA,NA,NA,NA,NA,NA,NA
100,N,N2p,CONT,13w,NA,NA,NA,NA,NA,0,0,1,NA,10.98464383
101,N,N3,CONT,13w,NA,NA,NA,NA,NA,NA,NA,NA,NA,NA
102,N,N3,CONT,13w,23.75829444,92,NA,NA,NA,NA,NA,NA,13.02934199,10.34889364
103,N,N3,CONT,13w,NA,NA,NA,NA,NA,NA,NA,NA,NA,NA
104,N,N3,CONT,13w,NA,NA,NA,NA,NA,NA,NA,NA,NA,NA
105,N,N3,CONT,13w,NA,NA,NA,NA,NA,NA,NA,NA,NA,NA
106,N,N3,CONT,13w,NA,NA,NA,NA,NA,NA,NA,NA,NA,NA
107,N,N3,CONT,13w,NA,NA,NA,NA,NA,NA,NA,NA,NA,NA
108,N,N3,CONT,13w,NA,NA,NA,NA,NA,NA,NA,NA,NA,NA
109,N,N3,CONT,13w,NA,NA,NA,NA,NA,NA,NA,NA,NA,NA
110,N,N3,CONT,13w,NA,NA,NA,NA,NA,NA,NA,NA,NA,NA
111,N,N3,CONT,13w,NA,NA,NA,NA,NA,NA,NA,NA,NA,NA
112,N,N3,LMH,13w,NA,NA,NA,NA,NA,NA,NA,NA,NA,NA
113,N,N3,LMH,13w,NA,NA,NA,NA,NA,NA,NA,NA,NA,NA
114,N,N3,MEGA,13w,NA,NA,NA,NA,NA,NA,NA,NA,NA,NA
115,N,N3,MEGA,13w,8.295768101,74,NA,NA,NA,NA,NA,NA,8.527072214,NA
116,N,N3,MESO,13w,NA,NA,NA,NA,NA,NA,NA,NA,NA,NA
117,N,N3,MESO,13w,11.58116716,95.5,1,0,0,28,1,1,10.37896837,15.56661615
118,N,N3,MESO,13w,NA,NA,NA,NA,NA,NA,NA,NA,NA,NA
119,N,N3,MESO,13w,39.48047342,146.4,1,0,0,NA,NA,0,18.02659171,19.70740307
120,S,S1,CONT,13w,15.83370551,36.2,1,0,0,0,0,1,8.333974841,10.9605439
121,S,S1,CONT,13w,12.37858191,42,1,0,0,0,0,0,8.066900397,6.769333938
122,S,S1,CONT,13w,7.596449576,78.4,1,0,0,0,0,1,8.441234325,7.435050466
123,S,S1,CONT,13w,77.44410736,63.7,3,0,0,0,0,1,17.09803839,15.92804121
124,S,S1,CONT,13w,31.94795525,76.5,5,1,1,0,0,1,13.5242946,17.03853125
125,S,S1,CONT,13w,4.448809357,54.8,1,0,0,0,0,1,6.264771224,7.36080587
126,S,S1,CONT,13w,13.33166258,34,NA,NA,NA,NA,NA,NA,7.705905464,NA
127,S,S1,LMH,13w,NA,NA,NA,NA,NA,NA,NA,NA,NA,NA
128,S,S1,LMH,13w,118.8228881,440,1,NA,NA,NA,NA,1,37.60247349,37.97068305
129,S,S1,LMH,13w,NA,NA,NA,NA,NA,NA,NA,NA,NA,NA
130,S,S1,LMH,13w,NA,NA,NA,NA,NA,NA,NA,NA,NA,NA
131,S,S1,MEGA,13w,NA,NA,NA,NA,NA,NA,NA,NA,NA,NA
132,S,S1,MEGA,13w,NA,NA,NA,NA,NA,NA,NA,NA,NA,NA
133,S,S1p,CONT,13w,NA,NA,NA,NA,NA,NA,NA,NA,NA,NA
134,S,S1p,CONT,13w,NA,NA,NA,NA,NA,0,0,NA,NA,2.180473055
135,S,S1p,CONT,13w,NA,NA,NA,NA,NA,0,0,NA,NA,1.30441069
136,S,S1p,CONT,13w,NA,NA,NA,NA,NA,NA,NA,NA,NA,NA
137,S,S1p,CONT,13w,22.22865298,92.8,NA,NA,NA,NA,NA,NA,12.77994157,NA
138,S,S1p,CONT,13w,10.86865394,68.5,2,0,0,0,0,1,9.094296909,14.57008499
139,S,S1p,CONT,13w,8.24479576,27.1,1,0,0,0,0,1,6.085000791,3.72325961
140,S,S1p,CONT,13w,NA,NA,NA,NA,NA,NA,NA,NA,NA,NA
141,S,S1p,CONT,13w,8.604900818,28.6,NA,NA,NA,NA,NA,NA,6.284487101,NA
142,S,S1p,CONT,13w,0.554176944,5.8,NA,0,0,NA,NA,NA,1.4766816,NA
143,S,S2,CONT,13w,25.78689936,148.2,NA,NA,NA,0,0,NA,15.70105996,14.86086739
144,S,S2,CONT,13w,NA,NA,NA,NA,NA,NA,NA,NA,NA,NA
145,S,S2,CONT,13w,NA,NA,NA,NA,NA,NA,NA,NA,NA,NA
146,S,S2,CONT,13w,NA,NA,NA,NA,NA,NA,NA,NA,NA,NA
147,S,S2,CONT,13w,NA,NA,NA,NA,NA,NA,NA,NA,NA,NA
148,S,S2,CONT,13w,NA,NA,NA,NA,NA,NA,NA,NA,NA,NA
149,S,S2,LMH,13w,1.112202339,65,NA,0,0,0,0,1,4.175008425,2.371488462
150,S,S2,LMH,13w,2.659044022,25.4,1,0,0,NA,NA,0,4.081277812,1.099146511
151,S,S2,LMH,13w,NA,NA,NA,NA,NA,NA,NA,NA,NA,NA
152,S,S2,MEGA,13w,NA,NA,NA,NA,NA,NA,NA,NA,NA,NA
153,S,S2,MEGA,13w,NA,NA,NA,NA,NA,NA,NA,NA,NA,NA
154,S,S2,MEGA,13w,6.92791866,14.9,1,0,0,0,0,1,4.702199568,5.677700885
155,S,S2,MEGA,13w,NA,NA,NA,NA,NA,0,0,NA,NA,0.809475653
156,S,S2,MEGA,13w,NA,NA,NA,NA,NA,0,0,NA,NA,0.925433758
157,S,S2,MEGA,13w,NA,NA,NA,NA,NA,NA,NA,NA,NA,NA
158,S,S2,MEGA,13w,NA,NA,NA,NA,NA,NA,NA,NA,NA,NA
159,S,S2,MEGA,13w,NA,NA,NA,NA,NA,NA,NA,NA,NA,NA
160,S,S2,MEGA,13w,41.51057059,13,1,0,0,0,0,1,8.167873306,13.30857304
161,S,S2,MEGA,13w,12.69234848,73.3,1,0,0,0,0,1,9.796679316,9.152644483
162,S,S2,MEGA,13w,NA,NA,NA,NA,NA,NA,NA,NA,NA,NA
163,S,S2,MEGA,13w,18.6272097,15.2,1,0,0,0,0,1,6.585585367,5.154562547
164,S,S2,MEGA,13w,NA,NA,NA,NA,NA,NA,NA,NA,NA,NA
165,S,S2,MESO,13w,NA,NA,NA,NA,NA,NA,NA,NA,NA,NA
166,S,S2,MESO,13w,NA,NA,NA,NA,NA,NA,NA,NA,NA,NA
167,S,S2,MESO,13w,NA,NA,NA,NA,NA,NA,NA,NA,NA,NA
168,S,S2,MESO,13w,NA,NA,NA,NA,NA,NA,NA,NA,NA,NA
169,S,S2p,CONT,13w,NA,NA,NA,NA,NA,NA,NA,NA,NA,NA
170,S,S2p,CONT,13w,NA,NA,NA,NA,NA,NA,NA,NA,NA,NA
171,S,S2p,CONT,13w,NA,NA,NA,NA,NA,NA,NA,NA,NA,NA
172,S,S2p,CONT,13w,NA,NA,NA,NA,NA,NA,NA,NA,NA,NA
173,S,S2p,CONT,13w,NA,NA,NA,NA,NA,NA,NA,NA,NA,NA
174,S,S2p,CONT,13w,NA,NA,NA,NA,NA,NA,NA,NA,NA,NA
175,S,S2p,CONT,13w,NA,NA,NA,NA,NA,NA,NA,NA,NA,NA
176,S,S2p,CONT,13w,NA,NA,NA,NA,NA,NA,NA,NA,NA,NA
177,S,S2p,CONT,13w,NA,NA,NA,NA,NA,NA,NA,NA,NA,NA
178,S,S2p,CONT,13w,NA,NA,NA,NA,NA,NA,NA,NA,NA,NA
179,S,S2p,CONT,13w,29.70572204,66.1,1,0,0,NA,NA,0,12.57123594,8.478982962
180,S,S2p,CONT,13w,NA,NA,NA,NA,NA,NA,NA,NA,NA,NA
181,S,S2p,CONT,13w,NA,NA,NA,NA,NA,NA,NA,NA,NA,NA
182,S,S2p,CONT,13w,1.606060704,9.6,1,0,0,NA,NA,0,2.492432781,2.945243697
183,S,S2p,CONT,13w,6.605198554,63.7,1,0,0,NA,NA,NA,7.516708365,NA
184,S,S2p,CONT,13w,NA,NA,NA,NA,NA,NA,NA,NA,NA,NA
185,S,S2p,CONT,13w,NA,NA,NA,NA,NA,NA,NA,NA,NA,NA
186,S,S2p,CONT,13w,2.460573906,40.5,5,0,0,0,0,1,4.647227872,2.377188826
187,S,S3,CONT,13w,NA,NA,NA,NA,NA,NA,NA,NA,NA,NA
188,S,S3,CONT,13w,NA,NA,NA,NA,NA,NA,NA,NA,NA,NA
189,S,S3,CONT,13w,NA,NA,NA,NA,NA,NA,NA,NA,NA,NA
190,S,S3,CONT,13w,NA,NA,NA,NA,NA,NA,NA,NA,NA,NA
191,S,S3,CONT,13w,NA,NA,NA,NA,NA,NA,NA,NA,NA,NA
192,S,S3,CONT,13w,NA,NA,NA,NA,NA,NA,NA,NA,NA,NA
193,S,S3,LMH,13w,NA,NA,NA,NA,NA,NA,NA,NA,NA,NA
194,S,S3,LMH,13w,NA,NA,NA,NA,NA,NA,NA,NA,NA,NA
195,S,S3,LMH,13w,NA,NA,NA,NA,NA,NA,NA,NA,NA,NA
196,S,S3,LMH,13w,26.86258068,97,1,0,0,2,1,1,13.81658188,15.58023623
197,S,S3,LMH,13w,0.849486654,5.8,NA,0,0,NA,NA,NA,1.703015192,NA
198,S,S3,LMH,13w,82.99145313,166.3,1,0,0,2,1,1,24.10511455,24.05659662
199,S,S3,LMH,13w,25.69697127,38.8,NA,NA,NA,NA,NA,NA,10.02575202,NA
200,S,S3,LMH,13w,NA,NA,NA,NA,NA,NA,NA,NA,NA,NA
201,S,S3,LMH,13w,NA,NA,NA,NA,NA,NA,NA,NA,NA,NA
202,S,S3,LMH,13w,NA,NA,NA,NA,NA,NA,NA,NA,NA,NA
203,S,S3,LMH,13w,19.79234788,19.6,NA,NA,NA,NA,NA,NA,7.315638078,NA
204,S,S3,LMH,13w,NA,NA,NA,NA,NA,NA,NA,NA,NA,NA
205,S,S3,LMH,13w,NA,NA,NA,NA,NA,NA,NA,NA,NA,NA
206,S,S3,LMH,13w,NA,NA,NA,NA,NA,NA,NA,NA,NA,NA
207,S,S3,MEGA,13w,NA,NA,NA,NA,NA,NA,NA,NA,NA,NA
208,S,S3,MEGA,13w,NA,NA,NA,NA,NA,NA,NA,NA,NA,NA
209,S,S3,MEGA,13w,NA,NA,NA,NA,NA,NA,NA,NA,NA,NA
210,S,S3,MEGA,13w,NA,NA,NA,NA,NA,NA,NA,NA,NA,NA
211,S,S3,MESO,13w,15.69296216,16.1,2,0,0,NA,NA,0,6.339894423,10.26614297
212,S,S3,MESO,13w,NA,NA,NA,NA,NA,NA,NA,NA,NA,NA
213,S,S3,MESO,13w,9.56622817,154.5,NA,NA,NA,NA,NA,NA,11.43379141,NA
214,S,S3,MESO,13w,NA,NA,NA,NA,NA,NA,NA,NA,NA,NA
215,S,S3,MESO,13w,NA,NA,NA,NA,NA,NA,NA,NA,NA,NA
216,S,S3,MESO,13w,NA,NA,NA,NA,NA,NA,NA,NA,NA,NA
217,S,S3,NA,13w,NA,NA,NA,NA,NA,NA,NA,NA,NA,NA
218,C,C1,CONT,13w,52.70461499,151,2,0,0,NA,NA,1,20.05792223,NA
219,C,C1,CONT,13w,66.17010943,38.6,7,0,0,0,0,1,13.72480057,13.98528541
220,C,C1,CONT,13w,32.47220853,41.8,2,0,0,0,0,1,11.11332886,11.52724427
221,C,C1,CONT,13w,260.896782,155,6,1,1,0,0,1,34.51237067,26.87851879
222,C,C1,CONT,13w,18.4745283,164.2,1,0,0,0,0,1,14.53595817,16.38357155
223,C,C1,CONT,13w,44.76965881,170.4,3,NA,NA,0,0,1,19.7766351,22.56527595
224,C,C1,CONT,13w,68.80841894,48.2,1,0,0,NA,NA,0,14.97537374,NA
225,C,C1,CONT,13w,72.48981575,158,4,1,1,0,0,1,22.65010777,19.5002989
226,C,C1,CONT,13w,26.42079422,42.2,5,0,0,2,1,1,10.40695156,11.59681318
227,C,C1,CONT,13w,20.18858125,20.8,5,0,0,NA,NA,1,7.511762838,NA
228,C,C1,CONT,13w,NA,NA,NA,NA,NA,0,0,1,NA,14.30392128
229,C,C1,CONT,13w,NA,NA,NA,NA,NA,0,0,1,NA,17.53989613
230,C,C1,CONT,13w,39.25804866,115.5,3,0,0,NA,NA,NA,16.62347089,NA
231,C,C1,CONT,13w,NA,NA,NA,NA,NA,0,0,1,NA,9.28461403
232,C,C1,CONT,13w,NA,NA,NA,NA,NA,NA,NA,NA,NA,NA
233,C,C1,CONT,13w,NA,NA,NA,NA,NA,NA,NA,0,NA,NA
234,C,C1,CONT,13w,NA,NA,NA,NA,NA,0,0,1,NA,16.04345797
235,C,C1,CONT,13w,NA,NA,NA,NA,NA,2,1,1,NA,15.46354809
236,C,C1,CONT,13w,NA,NA,NA,NA,NA,0,0,1,NA,9.265915848
237,C,C1,CONT,13w,NA,NA,NA,NA,NA,0,0,1,NA,8.622990217
238,C,C1,CONT,13w,NA,NA,NA,NA,NA,NA,NA,0,NA,NA
239,C,C1,CONT,13w,NA,NA,NA,NA,NA,10,1,1,NA,17.38086026
240,C,C1,CONT,13w,74.81215958,34.6,1,0,0,0,0,1,13.78612069,13.34950292
241,C,C1,CONT,13w,NA,NA,NA,NA,NA,0,0,1,NA,14.15412132
242,C,C1,CONT,13w,NA,NA,NA,NA,NA,0,0,1,NA,10.54854139
243,C,C1,CONT,13w,NA,NA,NA,NA,NA,0,0,1,NA,8.563622906
244,C,C1,CONT,13w,NA,NA,NA,NA,NA,0,0,1,NA,1.431699426
245,C,C1,CONT,13w,NA,NA,NA,NA,NA,NA,NA,NA,NA,NA
246,C,C1,CONT,13w,NA,NA,NA,NA,NA,0,0,1,NA,16.23674854
247,C,C1,CONT,13w,NA,NA,NA,NA,NA,0,0,1,NA,11.76404226
248,C,C1,CONT,13w,NA,NA,NA,NA,NA,0,0,1,NA,15.15898294
249,C,C1,CONT,13w,NA,NA,NA,NA,NA,NA,NA,NA,NA,NA
250,C,C1,CONT,13w,NA,NA,NA,NA,NA,NA,NA,NA,NA,NA
251,C,C1,CONT,13w,NA,NA,NA,NA,NA,0,0,1,NA,7.211678507
252,C,C1,CONT,13w,2.035830579,54.4,1,0,0,0,0,1,4.813939565,4.530995978
253,C,C1,CONT,13w,0.916088418,8.1,NA,0,0,NA,NA,NA,1.952492964,NA
254,C,C1,CONT,13w,1.306981084,23.5,1,0,0,0,0,1,3.137225436,3.273099754
255,C,C1,CONT,13w,4.448809357,101,1,0,0,0,0,1,7.683439902,8.768221929
256,C,C1,CONT,13w,5.34102167,27.5,1,0,0,NA,NA,1,5.289760453,NA
257,C,C1,CONT,13w,NA,NA,NA,NA,NA,NA,NA,NA,NA,NA
258,C,C1,CONT,13w,3.766848131,63.1,NA,NA,NA,NA,NA,NA,6.211939863,NA
259,C,C1,CONT,13w,21.15556347,96.9,1,3,1,NA,NA,1,12.75331893,NA
260,C,C1,CONT,13w,11.46084416,289,NA,NA,NA,NA,NA,NA,14.96876551,NA
261,C,C1,CONT,13w,11.58116716,13.5,1,0,0,NA,NA,1,5.401234228,NA
262,C,C1,CONT,13w,12.94618917,39,4,0,0,0,0,1,7.988445282,10.53048116
263,C,C1,CONT,13w,27.80505848,72.1,3,0,0,5,1,1,12.65868114,13.02313345
264,C,C1,CONT,13w,NA,NA,NA,NA,NA,NA,NA,NA,NA,NA
265,C,C1,CONT,13w,9.676183913,24.5,2,0,0,0,0,1,6.206511522,7.31249666
266,C,C1,CONT,13w,15.1817465,75.5,3,1,1,3,1,1,10.50347921,14.69211809
267,C,C1,CONT,13w,34.31569509,184.3,1,NA,1,0,0,1,18.57656208,23.35173376
268,C,C1,CONT,13w,13.8544236,107.1,3,0,0,0,0,1,11.44881973,12.73058294
269,C,C1,CONT,13w,11.46084416,159.7,2,1,1,0,0,1,12.2797322,15.82821879
270,C,C1,CONT,13w,36.85284532,132,1,0,0,2,1,1,17.01827487,17.82513343
271,C,C1,CONT,13w,NA,NA,NA,NA,NA,NA,NA,1,NA,NA
272,C,C1,LMH,13w,NA,NA,NA,NA,NA,NA,NA,NA,NA,NA
273,C,C1,LMH,13w,15.62282611,109,NA,NA,NA,NA,NA,NA,11.98747187,8.574591814
274,C,C1,LMH,13w,NA,NA,NA,NA,NA,NA,NA,NA,NA,38.35713496
275,C,C1,LMH,13w,241.9045978,245,5,0,0,3,1,1,39.21001066,40.21084849
276,C,C1,LMH,13w,6.424242817,46,1,0,0,0,0,1,6.680363502,10.4502186
277,C,C1,LMH,13w,49.8891982,203.1,1,1,1,0,0,1,21.74220715,22.0443783
278,C,C1,LMH,13w,3.563272928,34.6,1,0,0,0,0,1,4.98945218,6.836118781
279,C,C1,LMH,13w,42.6603935,119,1,0,0,NA,NA,0,17.26238128,15.9024768
280,C,C1,LMH,13w,NA,NA,NA,NA,NA,NA,NA,NA,NA,NA
281,C,C1,LMH,13w,NA,NA,NA,NA,NA,NA,NA,NA,NA,NA
282,C,C1,LMH,13w,NA,NA,NA,NA,NA,NA,NA,NA,NA,NA
283,C,C1,LMH,13w,58.49402048,200.3,1,0,0,1,1,1,22.82240813,24.98106451
284,C,C1,LMH,13w,14.58963482,27.3,2,0,0,0,0,1,7.380333884,8.858628096
285,C,C1,LMH,13w,15.69296216,144.5,1,0,0,NA,NA,1,13.19027786,NA
286,C,C1,LMH,13w,70.5840471,182.8,1,3,1,5,1,1,23.56929013,24.148484
287,C,C1,LMH,13w,58.35853929,215,1,0,0,0,0,1,23.35036211,24.02358429
288,C,C1,LMH,13w,76.8214437,232.5,1,1,1,0,0,1,26.27202343,23.14594681
289,C,C1,LMH,13w,68.66147094,211,2,1,1,0,0,1,24.49871887,33.14736214
290,C,C1,LMH,13w,59.31020625,228.2,2,0,0,2,1,1,23.94848145,31.41724125
291,C,C1,LMH,13w,31.86902274,169.8,1,1,1,0,0,1,17.6343669,19.58438246
292,C,C1,LMH,13w,54.36714583,288,1,6,1,4,1,1,25.14231425,24.84977143
293,C,C1,LMH,13w,17.12867001,143,1,2,1,0,0,1,13.53422859,15.09712373
294,C,C1,LMH,13w,40.60202199,236,1,NA,NA,NA,NA,1,21.34054623,24.46931007
295,C,C1,LMH,13w,23.84476678,24.3,2,0,0,0,0,1,8.364192478,13.18341992
296,C,C1,LMH,13w,29.22466566,155.3,1,3,1,2,1,1,16.628715,21.5936426
297,C,C1,LMH,13w,45.24529594,161.2,1,0,0,0,0,1,19.48217199,17.51551901
298,C,C1,LMH,13w,NA,NA,NA,NA,NA,NA,NA,NA,NA,NA
299,C,C1,LMH,13w,NA,NA,NA,NA,NA,NA,NA,NA,NA,NA
300,C,C1,LMH,13w,136.048869,258,3,6,1,NA,NA,1,32.91909133,29.49025934
301,C,C1,LMH,13w,42.31379729,246,1,2,1,0,0,1,21.93864904,24.01605929
302,C,C1,LMH,13w,21.40084332,134.8,3,0,0,0,0,1,14.29411165,18.39569999
303,C,C1,LMH,13w,45.96346402,253.3,1,0,0,2,1,1,22.7743099,26.94149788
304,C,C1,LMH,13w,2.955924528,24.6,1,0,0,0,0,1,4.18314023,4.819651481
305,C,C1,LMH,13w,19.47818861,151.5,1,1,1,4,1,1,14.40264919,15.87351197
306,C,C1,LMH,13w,3.268512997,8.5,NA,0,0,0,0,1,3.033895344,5.080051751
307,C,C1,LMH,13w,3.732526232,24.3,1,0,0,0,0,1,4.50345122,4.607352507
308,C,C1,LMH,13w,41.39645224,94.4,3,0,0,0,0,1,15.81842459,25.53126704
309,C,C1,LMH,13w,NA,NA,NA,NA,NA,0,0,1,NA,7.857266685
310,C,C1,LMH,13w,NA,NA,NA,NA,NA,0,0,1,NA,4.335017387
311,C,C1,LMH,13w,5.432520556,37.3,1,0,0,0,0,1,5.889689987,7.654589165
312,C,C1,LMH,13w,26.32976657,195.5,1,0,0,4,1,1,17.34247697,20.17744217
313,C,C1,LMH,13w,32.97918304,193,1,3,1,0,0,1,18.61628982,21.37344306
314,C,C1,LMH,13w,28.3686602,121.5,1,0,0,0,0,1,15.16916891,18.37315643
315,C,C1,LMH,13w,NA,NA,NA,NA,NA,NA,NA,1,NA,NA
316,C,C1,MEGA,13w,NA,NA,NA,NA,NA,NA,NA,NA,NA,NA
317,C,C1,MEGA,13w,10.57844932,92.6,1,1,1,2,1,1,9.966731911,15.00256742
318,C,C1,MEGA,13w,37.50127005,124.3,2,0,0,0,0,1,16.77760762,17.54874783
319,C,C1,MEGA,13w,63.43857315,142.8,3,1,1,0,0,1,20.94435297,16.16811162
320,C,C1,MEGA,13w,35.95843389,58.6,3,0,0,0,0,1,12.87101265,8.578129254
321,C,C1,MEGA,13w,55.41769441,192.3,4,1,1,NA,NA,1,22.11152453,NA
322,C,C1,MEGA,13w,21.31892629,24.3,1,0,0,NA,NA,1,8.057303113,NA
323,C,C1,MEGA,13w,21.23716634,127,1,2,1,NA,NA,1,13.97661315,NA
324,C,C1,MEGA,13w,20.18858125,132,1,0,0,NA,NA,1,13.92063568,NA
325,C,C1,MEGA,13w,26.66898004,169,3,0,0,0,0,1,16.59005518,9.172037571
326,C,C1,MEGA,13w,33.52401375,183,1,0,0,0,0,1,18.38886205,19.11266302
327,C,C1,MEGA,13w,21.97866074,109.5,2,0,0,0,0,1,13.45493038,14.79538457
328,C,C1,MEGA,13w,9.132688384,104,1,0,0,NA,NA,0,9.86458599,9.163256201
329,C,C1,MEGA,13w,12.62928101,137,1,0,0,0,0,1,12.0513453,15.84450582
330,C,C1,MEGA,13w,75.89216059,225.8,1,NA,1,0,0,1,25.91131158,21.55215583
331,C,C1,MEGA,13w,43.98300401,47,3,NA,NA,0,0,1,12.78899894,17.49389423
332,C,C1,MEGA,13w,NA,NA,NA,NA,NA,NA,NA,NA,NA,NA
333,C,C1,MEGA,13w,8.761587752,71.2,2,0,0,0,0,1,8.572911977,9.431662699
334,C,C1,MEGA,13w,42.19048978,184,4,1,1,NA,1,1,19.89219214,23.02638815
335,C,C1,MEGA,13w,7.892387604,115.2,1,1,1,0,0,1,9.721770981,13.78909003
336,C,C1,MEGA,13w,64.70039384,106,5,4,1,NA,1,1,19.08600514,24.73993011
337,C,C1,MEGA,13w,2.955924528,40.9,1,0,0,0,0,1,4.956924447,6.451691613
338,C,C1,MEGA,13w,16.9093083,107.3,1,0,0,1,1,1,12.24395202,13.19606946
339,C,C1,MEGA,13w,NA,NA,NA,NA,NA,NA,NA,NA,NA,NA
340,C,C1,MEGA,13w,NA,NA,NA,NA,NA,2,1,1,NA,19.24155702
341,C,C1,MEGA,13w,77.34451887,194.5,2,6,1,NA,1,1,24.80864246,26.74283773
342,C,C1,MEGA,13w,23.67197918,148.8,1,2,1,NA,NA,NA,15.27944022,NA
343,C,C1,MEGA,13w,4.714352476,77.8,1,0,0,0,0,1,7.179966412,7.932369685
344,C,C1,MEGA,13w,8.972702778,70.8,2,0,0,0,0,1,8.625090828,13.59474264
345,C,C1,MEGA,13w,5.350210829,86.8,1,0,0,0,0,1,7.768519025,11.37789871
346,C,C1,MEGA,13w,60.82123377,155.6,4,1,1,0,0,1,21.25222809,18.93935158
347,C,C1,MEGA,13w,92.97103635,136.3,3,0,0,0,0,1,23.42768567,24.3041903
348,C,C1,MEGA,13w,31.66921744,258.1,1,NA,NA,NA,NA,1,20.23757651,24.53755726
349,C,C1,MEGA,13w,14.99867019,106.4,1,0,0,0,0,1,11.73048129,14.19125854
350,C,C1,MEGA,13w,21.53074817,67.5,2,0,0,NA,NA,0,11.36975372,9.486266744
351,C,C1,MEGA,13w,5.159751774,20.7,1,0,0,NA,NA,NA,4.756038849,NA
352,C,C1,MEGA,13w,61.93210094,213,2,6,1,5,1,1,23.74409824,23.89771761
353,C,C1,MEGA,13w,106.0479158,176.2,6,0,0,10,1,1,26.67091,32.43846612
354,C,C1,MEGA,13w,36.13412746,122,3,0,0,0,0,1,16.46787788,18.85952755
355,C,C1,MEGA,13w,62.91235638,248.8,1,NA,NA,NA,NA,1,25.13955652,25.53759093
356,C,C1,MEGA,13w,19.40004149,100.3,NA,NA,NA,NA,NA,NA,12.53323801,10.59579933
357,C,C1,MEGA,13w,13.39645793,42,4,0,0,0,0,1,8.282550293,10.11802108
358,C,C1,MEGA,13w,22.39609987,134.3,1,1,1,0,0,1,14.49469419,17.92519229
359,C,C1,MEGA,13w,15.83370551,137.2,1,0,0,0,0,1,13.00266293,18.11341262
360,C,C1,MEGA,13w,NA,NA,NA,NA,NA,NA,NA,NA,NA,NA
361,C,C1,MEGA,13w,34.211944,298.2,2,NA,1,NA,NA,1,21.79188546,25.28235691
362,C,C1,MESO,13w,39.25804866,149.3,1,3,1,1,1,1,18.11083378,20.69370756
363,C,C1,MESO,13w,NA,NA,NA,NA,NA,0,0,NA,NA,1.344024233
364,C,C1,MESO,13w,23.31446594,40.7,4,0,0,0,0,1,9.861461523,10.31158683
365,C,C1,MESO,13w,NA,NA,NA,NA,NA,NA,NA,NA,NA,NA
366,C,C1,MESO,13w,27.15467026,150.7,1,0,0,0,0,1,16.06378092,17.53982461
367,C,C1,MESO,13w,26.32976657,188,1,1,1,3,1,1,17.11746302,18.65131639
368,C,C1,MESO,13w,15.48302523,24.8,2,0,0,0,0,1,7.290678686,9.458162514
369,C,C1,MESO,13w,6.424242817,23.4,1,0,0,0,0,1,5.330911328,7.364092339
370,C,C1,MESO,13w,62.91235638,138.8,2,3,1,0,0,1,20.68902343,23.60690235
371,C,C1,MESO,13w,13.92173222,166.4,3,6,1,8,1,1,13.28464639,24.41161858
372,C,C1,MESO,13w,127.512612,153.4,2,7,1,8,1,1,27.08142814,29.19364386
373,C,C1,MESO,13w,NA,NA,NA,NA,NA,NA,NA,1,NA,NA
374,C,C1,MESO,13w,23.49981991,164.1,1,1,1,0,0,1,15.74851437,21.31329346
375,C,C1,MESO,13w,41.73927854,184.5,1,0,0,0,0,1,19.83888007,26.72947635
376,C,C1,MESO,13w,NA,NA,NA,NA,NA,NA,NA,NA,NA,NA
377,C,C1,MESO,13w,NA,NA,NA,NA,NA,0,0,1,NA,23.76535645
378,C,C1,MESO,13w,24.02077451,156.6,3,1,1,0,0,1,15.6183773,16.23526727
379,C,C1,MESO,13w,24.45447137,184.2,1,0,0,0,0,1,16.58692835,19.517704
380,C,C1,MESO,13w,NA,NA,NA,NA,NA,NA,NA,NA,NA,NA
381,C,C1,MESO,13w,NA,NA,NA,NA,NA,0,0,1,NA,17.16002011
382,C,C1,MESO,13w,1.474113813,33.8,1,0,0,0,0,1,3.687150655,5.427372364
383,C,C1,MESO,13w,NA,NA,NA,NA,NA,NA,NA,NA,NA,NA
384,C,C1,MESO,13w,NA,NA,NA,NA,NA,NA,NA,NA,NA,NA
385,C,C1,MESO,13w,NA,NA,NA,NA,NA,NA,NA,NA,NA,NA
386,C,C1,MESO,13w,NA,NA,NA,NA,NA,NA,NA,NA,NA,NA
387,C,C1,MESO,13w,40.48916028,100.8,4,0,0,0,0,1,16.04948178,16.79334693
388,C,C1,MESO,13w,NA,NA,NA,NA,NA,NA,NA,NA,NA,NA
389,C,C1,MESO,13w,10.92716611,82.2,1,0,0,0,0,1,9.682380735,10.7075198
390,C,C1,MESO,13w,9.132688384,60.1,1,0,0,0,0,1,8.214285831,3.854724889
391,C,C1,MESO,13w,0.817128249,139,1,0,0,0,0,1,4.854685678,2.692199514
392,C,C1,MESO,13w,4.869547153,30.1,1,0,0,0,0,1,5.286094055,6.293213731
393,C,C1,MESO,13w,13.26702432,78.8,1,0,0,0,0,1,10.18566987,10.92835976
394,C,C1,MESO,13w,9.676183913,29.8,1,0,0,0,0,1,6.625847964,9.985820027
395,C,C1,MESO,13w,9.079202769,322,2,0,0,1,1,1,14.35779517,39.58106791
396,C,C1,MESO,13w,73.13824047,306.8,1,NA,NA,NA,1,1,28.35150274,30.17139635
397,C,C1,MESO,13w,61.65344167,166.3,3,1,1,7,1,1,21.82816949,25.75304191
398,C,C1,MESO,13w,56.78782151,169.1,2,8,1,3,1,1,21.35595839,23.8092837
399,C,C1,MESO,13w,NA,NA,NA,NA,NA,0,0,1,NA,7.642832196
400,C,C1,MESO,13w,NA,NA,NA,NA,NA,NA,NA,1,NA,NA
401,C,C1,MESO,13w,NA,NA,NA,NA,NA,3,1,1,NA,14.44764997
402,C,C1,MESO,13w,NA,NA,NA,NA,NA,0,0,1,NA,20.36164446
403,C,C2,CONT,13w,NA,NA,NA,NA,NA,0,0,NA,NA,6.510749286
404,C,C2,CONT,13w,NA,NA,NA,NA,NA,0,0,NA,NA,4.658155116
405,C,C2,LMH,13w,201.3133358,400,1,NA,NA,NA,1,1,43.43498643,40.39240672
406,C,C2,LMH,13w,72.53316973,305.5,1,NA,NA,NA,NA,1,28.2329294,28.7237576
407,C,C2,LMH,13w,12.25417484,144,1,0,0,0,0,1,12.1307893,13.05468341
408,C,C2,LMH,13w,126.5091873,136.8,1,3,1,0,0,1,25.99684887,21.65338755
409,C,C2,LMH,13w,123.9183943,400,5,NA,NA,NA,1,1,36.93902883,42.82455649
410,C,C2,LMH,13w,71.18094971,363,1,NA,NA,NA,1,1,29.71879385,32.46947659
411,C,C2,LMH,13w,NA,NA,NA,NA,NA,0,0,1,NA,7.903500675
412,C,C2,LMH,13w,22.14516515,86.1,1,3,1,0,0,1,12.4485347,13.43627659
413,C,C2,LMH,13w,1.327322896,8.3,0,0,0,0,0,1,2.227864144,3.351256076
414,C,C2,LMH,13w,NA,NA,NA,NA,NA,NA,NA,NA,NA,NA
415,C,C2,LMH,13w,NA,NA,NA,NA,NA,NA,NA,NA,NA,NA
416,C,C2,LMH,13w,NA,NA,NA,NA,NA,NA,NA,NA,NA,NA
417,C,C2,LMH,13w,11.94590607,97.5,1,0,0,0,0,1,10.55978574,12.84113112
418,C,C2,LMH,13w,14.65741468,103.5,1,3,1,0,0,1,11.5337962,11.42821406
419,C,C2,LMH,13w,1.020703453,9.4,NA,0,0,0,0,1,2.127397682,2.631729266
420,C,C2,LMH,13w,2.08672438,15.5,1,0,0,NA,NA,NA,3.191860086,NA
421,C,C2,LMH,13w,1.606060704,17.5,1,0,0,NA,NA,1,3.045651048,NA
422,C,C2,LMH,13w,1.168986626,10.1,0,0,0,0,0,1,2.279972558,3.174052558
423,C,C2,LMH,13w,NA,312,NA,NA,NA,NA,NA,NA,NA,NA
424,C,C2,LMH,13w,NA,NA,NA,NA,NA,NA,NA,NA,NA,NA
425,C,C2,LMH,13w,NA,17.4,1,0,0,0,0,1,NA,2.990139001
426,C,C2,LMH,13w,99.75569839,369.8,2,NA,NA,NA,NA,0,33.46999344,NA
427,C,C2,LMH,13w,141.0260942,332.3,1,0,0,NA,1,1,36.25358259,32.2746586
428,C,C2,LMH,13w,NA,NA,NA,NA,NA,NA,NA,NA,NA,NA
429,C,C2,LMH,13w,4.486272849,18,1,0,0,NA,NA,NA,4.332139895,NA
430,C,C2,LMH,13w,1.767145868,16,1,0,0,NA,NA,NA,3.051726473,NA
431,C,C2,LMH,13w,0.985203456,21.8,1,0,0,0,0,1,2.784073731,3.891469396
432,C,C2,LMH,13w,1.583676857,16,1,0,0,0,0,1,2.942066305,1.82173045
433,C,C2,LMH,13w,1.168986626,12.2,1,0,0,NA,NA,NA,2.4283879,NA
434,C,C2,LMH,13w,17.79523743,106.4,1,0,0,0,0,1,12.41950964,15.82171476
435,C,C2,LMH,13w,242.4562615,396,2,NA,NA,NA,1,1,46.06217289,47.52214516
436,C,C2,LMH,13w,NA,NA,NA,NA,NA,NA,NA,NA,NA,NA
437,C,C2,LMH,13w,17.87008587,166.5,2,0,0,1,1,1,14.4423363,15.40183385
438,C,C2,LMH,13w,NA,NA,NA,NA,NA,0,0,NA,NA,3.915132205
439,C,C2,LMH,13w,59.31020625,176.8,2,1,1,9,1,1,21.99259059,26.82206187
440,C,C2,LMH,13w,22.14516515,138.9,1,0,0,1,1,1,14.60354616,14.92183997
441,C,C2,LMH,13w,48.02898265,194,1,0,0,4,1,1,21.14208187,20.60255547
442,C,C2,LMH,13w,10.34911306,96.3,2,0,0,1,1,1,10.02433215,10.89476476
443,C,C2,LMH,13w,53.32665034,178,2,0,0,2,1,1,21.27346833,20.03043141
444,C,C2,LMH,13w,NA,NA,NA,NA,NA,0,0,NA,NA,7.008141437
445,C,C2,LMH,13w,NA,NA,NA,NA,NA,0,0,NA,NA,8.095951039
446,C,C2,LMH,13w,39.81528865,154.3,2,1,1,0,0,1,18.39746846,19.35027717
447,C,C2,LMH,13w,280.255276,391,4,NA,NA,NA,NA,1,48.14021194,49.37789966
448,C,C2,LMH,13w,6.788667565,76.3,2,0,0,NA,NA,NA,8.056915878,NA
449,C,C2,LMH,13w,1.168986626,38.3,1,NA,NA,NA,NA,1,3.557845995,25.99184371
450,C,C2,MEGA,13w,NA,NA,NA,NA,NA,0,0,NA,NA,8.152317876
451,C,C2,MEGA,13w,NA,NA,NA,NA,NA,0,0,NA,NA,3.721553747
452,C,C2,MEGA,13w,48.98512637,54.5,2,0,0,0,0,1,13.92899571,14.47787593
453,C,C2,MEGA,13w,24.44826673,4.1,2,0,0,0,0,1,4.656312389,11.13820254
454,C,C2,MEGA,13w,16.18831278,43.8,1,0,0,0,0,1,8.947354831,14.43367484
455,C,C2,MEGA,13w,111.7817151,102.3,1,2,1,0,0,1,22.6381374,24.15830868
456,C,C2,MEGA,13w,136.132671,47.4,7,0,0,2,1,1,18.7015397,22.79750592
457,C,C2,MEGA,13w,11.64156428,34.1,1,0,0,0,0,1,7.372161098,9.929399333
458,C,C2,MEGA,13w,NA,NA,NA,NA,NA,0,0,NA,NA,3.171523711
459,C,C2,MEGA,13w,NA,NA,NA,NA,NA,0,0,NA,NA,2.62015607
460,C,C2,MEGA,13w,NA,NA,NA,NA,NA,0,0,NA,NA,3.291678041
461,C,C2,MEGA,13w,NA,NA,NA,NA,NA,0,0,NA,NA,4.464272447
462,C,C2,MEGA,13w,NA,NA,NA,NA,NA,0,0,NA,NA,5.050678495
463,C,C2,MEGA,13w,107.6970163,62.3,1,0,0,0,0,1,18.94682475,23.29152605
464,C,C2,MEGA,13w,NA,NA,NA,NA,NA,0,0,1,NA,4.820351791
465,C,C2,MEGA,13w,105.1722754,153.5,5,4,1,5,1,1,25.40030736,24.0285118
466,C,C2,MEGA,13w,NA,NA,NA,NA,NA,0,0,NA,NA,4.586971046
467,C,C2,MEGA,13w,NA,NA,NA,NA,NA,0,0,NA,NA,8.920771427
468,C,C2,MEGA,13w,NA,NA,NA,NA,NA,0,0,NA,NA,6.061014947
469,C,C2,MEGA,13w,110.1015128,186.2,1,27,1,17,1,1,27.50934371,33.02387328
470,C,C2,MEGA,13w,NA,NA,NA,NA,NA,0,0,NA,NA,2.448821186
471,C,C2,MEGA,13w,NA,NA,NA,NA,NA,0,0,NA,NA,8.046679438
472,C,C2,MEGA,13w,124.6898124,176.2,1,1,1,3,1,1,28.15250412,30.95696102
473,C,C2,MEGA,13w,NA,NA,NA,NA,NA,0,0,NA,NA,6.007579433
474,C,C2,MEGA,13w,267.3514983,230.3,1,1,1,8,1,1,39.71253562,41.31273125
475,C,C2,MESO,13w,48.14946273,105.3,3,0,0,0,0,1,17.25505785,17.08512762
476,C,C2,MESO,13w,28.74753628,115.6,1,8,1,0,0,1,14.9853906,15.75033484
477,C,C2,MESO,13w,60.4072504,125.6,1,0,0,0,0,1,19.7405669,20.19620018
478,C,C2,MESO,13w,30.58151953,155.3,1,5,1,27,1,1,16.88257493,27.80670531
479,C,C2,MESO,13w,141.8191893,161.8,3,0,0,5,1,1,28.56399671,34.9842027
480,C,C2,MESO,13w,NA,NA,NA,NA,NA,0,0,NA,NA,6.990280011
481,C,C2,MESO,13w,30.58151953,72.9,1,0,0,0,0,1,13.11559734,18.90198106
482,C,C2,MESO,13w,NA,NA,NA,NA,NA,NA,NA,NA,NA,NA
483,C,C2,MESO,13w,51.14897685,312.3,1,1,1,40,1,1,25.31063429,28.4438594
484,C,C2,MESO,13w,NA,NA,NA,NA,NA,NA,NA,NA,NA,NA
485,C,C2,MESO,13w,58.35853929,350.2,1,3,1,20,1,1,27.48075939,35.60451372
486,C,C2,MESO,13w,65.89930414,56.6,1,0,0,0,0,1,15.57423933,19.89749694
487,C,C2,MESO,13w,35.67875361,87.1,1,0,0,5,1,1,14.65354964,17.57669406
488,C,C2,MESO,13w,35.78470382,137.2,1,1,1,0,0,1,17.07077062,17.97280884
489,C,C2,MESO,13w,199.2127884,280.2,2,NA,NA,17,1,1,38.43338102,47.04833002
490,C,C2,MESO,13w,35.36184545,125.1,1,0,0,0,0,1,16.48706543,20.86291834
491,C,C2,MESO,13w,48.02898265,12.8,NA,NA,NA,0,0,NA,8.531170229,19.37581947
492,C,C2,MESO,13w,71.18094971,170.6,1,1,1,10,1,1,23.09686012,24.66003603
493,C,C2,MESO,13w,1.002874915,14.2,1,0,0,0,0,1,2.42720419,4.015677427
494,C,C2,MESO,13w,18.70378602,117.3,1,0,0,0,0,1,13.0456224,13.51496313
495,C,C2,MESO,13w,NA,NA,NA,NA,NA,0,0,NA,NA,4.701618896
496,C,C2,MESO,13w,20.42820623,11.2,1,0,0,0,0,1,6.133367238,11.48620973
497,C,C2,MESO,13w,3.204738666,35.6,1,0,0,0,0,1,4.861921913,5.296857892
498,C,C2,MESO,13w,76.35609529,239.2,1,0,0,15,1,1,26.46864307,29.42261097
499,C,C2,MESO,13w,59.58352481,245.4,1,0,0,20,1,1,24.57426302,26.89758607
500,C,C2,MESO,13w,NA,NA,NA,NA,NA,NA,NA,NA,NA,NA
501,C,C3,CONT,13w,NA,NA,NA,NA,NA,0,0,NA,NA,1.700230111
502,C,C3,CONT,13w,NA,NA,NA,NA,NA,0,0,NA,NA,5.427120344
503,C,C3,CONT,13w,NA,NA,NA,NA,NA,0,0,NA,NA,6.880883484
504,C,C3,CONT,13w,NA,NA,NA,NA,NA,0,0,NA,NA,1.683180448
505,C,C3,CONT,13w,NA,NA,NA,NA,NA,2,1,NA,NA,17.94949058
506,C,C3,CONT,13w,NA,NA,NA,NA,NA,NA,NA,NA,NA,NA
507,C,C3,CONT,13w,NA,NA,NA,NA,NA,NA,NA,NA,NA,NA
508,C,C3,CONT,13w,NA,NA,NA,NA,NA,NA,NA,NA,NA,NA
509,C,C3,CONT,13w,0.212371663,1.9,NA,0,0,NA,NA,NA,0.738607225,NA
510,C,C3,CONT,13w,3.905706527,33.3,2,0,0,NA,NA,0,5.079306081,NA
511,C,C3,CONT,13w,0.282743339,5,NA,0,0,NA,NA,NA,1.122530894,NA
512,C,C3,CONT,13w,0.622113885,4.8,NA,0,0,NA,NA,0,1.440838423,NA
513,C,C3,CONT,13w,0.916088418,7.4,NA,0,0,0,0,1,1.894457255,2.879735583
514,C,C3,CONT,13w,1.327322896,12.6,1,0,0,0,0,1,2.56102001,3.225871386
515,C,C3,CONT,13w,6.6966189,18.9,1,0,0,NA,NA,NA,5.033338488,NA
516,C,C3,CONT,13w,NA,NA,NA,NA,NA,NA,NA,NA,NA,NA
517,C,C3,CONT,13w,0.636172512,3.5,NA,0,0,NA,NA,NA,1.306351896,NA
518,C,C3,CONT,13w,1.327322896,33.9,1,0,0,NA,NA,0,3.563780266,NA
519,C,C3,CONT,13w,13.01004204,46.5,1,0,0,0,0,1,8.485506573,11.40999629
520,C,C3,CONT,13w,NA,NA,NA,NA,NA,0,0,NA,NA,3.8658562
521,C,C3,CONT,13w,15.38579294,15.4,2,0,0,0,0,1,6.205416215,17.56287676
522,C,C3,CONT,13w,107.0422298,116,10,3,1,5,1,1,23.26919574,31.02264285
523,C,C3,CONT,13w,28.93791679,45.5,2,0,0,1,1,1,11.00105174,12.44515834
524,C,C3,CONT,13w,NA,NA,NA,NA,NA,NA,NA,NA,NA,NA
525,C,C3,CONT,13w,67.34600756,61.7,1,0,0,NA,NA,NA,16.14597488,NA
526,C,C3,CONT,13w,136.0196522,134.3,3,4,1,NA,NA,NA,26.47012408,NA
527,C,C3,CONT,13w,NA,NA,NA,NA,NA,NA,NA,NA,NA,NA
528,C,C3,CONT,13w,NA,156,4,0,0,9,1,1,NA,21.60547033
529,C,C3,CONT,13w,40.03928421,144,NA,NA,NA,NA,NA,NA,18.01170635,NA
530,C,C3,CONT,13w,84.66050277,45.9,10,0,0,0,0,1,15.78876305,25.56936724
531,C,C3,CONT,13w,122.4372119,52,8,1,1,NA,NA,NA,18.61800106,NA
532,C,C3,CONT,13w,88.08091177,40.5,9,0,0,NA,NA,NA,15.34416946,NA
533,C,C3,CONT,13w,210.8785429,227.8,4,NA,1,NA,NA,NA,36.55458902,NA
534,C,C3,CONT,13w,360.8850368,189,3,0,0,NA,NA,1,41.09306847,42.99337844
535,C,C3,CONT,13w,NA,NA,NA,NA,NA,NA,NA,NA,NA,38.13624409
536,C,C3,CONT,13w,74.22146162,75.9,3,0,0,0,0,1,17.87271336,22.43529384
537,C,C3,LMH,13w,125.4894263,NA,3,15,1,56,1,1,NA,30.23635982
538,C,C3,LMH,13w,NA,NA,NA,NA,NA,0,0,NA,NA,5.716749735
539,C,C3,LMH,13w,NA,NA,NA,NA,NA,0,0,NA,NA,4.472176631
540,C,C3,LMH,13w,NA,NA,NA,NA,NA,0,0,NA,NA,3.398675655
541,C,C3,LMH,13w,NA,NA,NA,NA,NA,0,0,NA,NA,2.615505805
542,C,C3,LMH,13w,NA,NA,NA,NA,NA,0,0,NA,NA,3.473336904
543,C,C3,LMH,13w,65.46835617,214.3,1,0,0,1,1,1,24.23755851,26.05705956
544,C,C3,LMH,13w,NA,NA,NA,NA,NA,NA,NA,NA,NA,NA
545,C,C3,LMH,13w,74.81514409,208.6,1,0,0,0,0,1,25.11478407,22.53567609
546,C,C3,LMH,13w,NA,NA,NA,NA,NA,0,0,NA,NA,2.072103074
547,C,C3,LMH,13w,0.899202357,11.6,1,0,0,0,0,1,2.187577173,4.708379675
548,C,C3,LMH,13w,62.49130443,450,1,NA,1,NA,NA,1,30.57060468,30.87797234
549,C,C3,LMH,13w,NA,NA,NA,NA,NA,NA,NA,NA,NA,NA
550,C,C3,LMH,13w,119.576085,152.6,4,3,1,6,1,1,26.46038307,30.24414016
551,C,C3,LMH,13w,4.675946506,61.2,1,0,0,0,0,1,6.609064013,8.786721671
552,C,C3,LMH,13w,NA,49.3,1,0,0,0,0,1,NA,7.632147461
553,C,C3,LMH,13w,63.61725124,94.7,1,0,0,0,0,1,18.27777745,17.16314454
554,C,C3,LMH,13w,93.99927963,213.4,1,0,0,3,1,1,27.3101456,26.31686864
555,C,C3,LMH,13w,18.17105045,142.7,1,0,0,1,1,1,13.7941318,16.61361822
556,C,C3,LMH,13w,99.93280567,214.2,1,0,0,0,0,1,27.90881681,27.0479271
557,C,C3,LMH,13w,67.20063036,187.3,1,0,0,6,1,1,23.37493484,24.64895522
558,C,C3,LMH,13w,72.68420179,296.3,1,0,0,NA,NA,1,27.96560148,31.15010155
559,C,C3,LMH,13w,NA,NA,NA,NA,NA,NA,NA,1,NA,NA
560,C,C3,LMH,13w,40.03928421,255.3,1,0,0,1,1,1,21.80615807,21.58918954
561,C,C3,LMH,13w,222.7276094,277,NA,NA,NA,NA,NA,NA,39.73932546,NA
562,C,C3,LMH,13w,6.026281568,159.3,1,0,0,0,0,1,9.899782581,10.52982494
563,C,C3,LMH,13w,NA,NA,NA,NA,NA,NA,NA,NA,NA,NA
564,C,C3,LMH,13w,NA,NA,NA,NA,NA,NA,NA,NA,NA,NA
565,C,C3,MEGA,13w,144.3896404,148.4,2,1,1,17,1,1,27.9183094,24.35202169
566,C,C3,MEGA,13w,94.51363689,178.6,2,0,0,3,1,1,25.7812744,26.83236172
567,C,C3,MEGA,13w,NA,NA,NA,NA,NA,2,1,NA,NA,7.339334861
568,C,C3,MEGA,13w,NA,NA,NA,NA,NA,0,0,NA,NA,5.959461856
569,C,C3,MEGA,13w,NA,NA,NA,NA,NA,0,0,NA,NA,6.601585601
570,C,C3,MEGA,13w,33.1830724,188.4,1,1,1,43,1,1,18.50500505,20.7008826
571,C,C3,MEGA,13w,34.211944,215.2,1,0,0,5,1,1,19.54339425,17.8300689
572,C,C3,MEGA,13w,NA,NA,NA,NA,NA,0,0,NA,NA,3.627130299
573,C,C3,MEGA,13w,NA,NA,NA,NA,NA,NA,NA,NA,NA,NA
574,C,C3,MEGA,13w,359.0089562,290.5,1,8,1,9,1,1,47.35187872,42.55738103
575,C,C3,MEGA,13w,NA,NA,NA,NA,NA,NA,NA,NA,NA,NA
576,C,C3,MEGA,13w,18.32247521,120.5,1,0,0,0,0,1,13.07316579,16.10536458
577,C,C3,MEGA,13w,98.87251815,272.2,1,3,1,16,1,1,30.12576407,33.53546887
578,C,C3,MEGA,13w,NA,NA,NA,NA,NA,NA,NA,NA,NA,NA
579,C,C3,MEGA,13w,NA,NA,NA,NA,NA,0,0,NA,NA,8.800558158
580,C,C3,MEGA,13w,10.75210086,53.4,0,0,0,0,0,1,8.338739099,11.83191362
581,C,C3,MEGA,13w,NA,NA,NA,NA,NA,0,0,NA,NA,5.414558412
582,C,C3,MEGA,13w,NA,NA,NA,NA,NA,0,0,NA,NA,0.903915828
583,C,C3,MEGA,13w,NA,NA,NA,NA,NA,0,0,NA,NA,5.99509641
584,C,C3,MEGA,13w,52.55287607,190.3,1,1,1,1,1,1,21.64746156,24.06119597
585,C,C3,MEGA,13w,133.1410108,184.2,1,0,0,0,0,1,29.20540177,29.15055
586,C,C3,MEGA,13w,31.56955042,182.7,1,1,1,13,1,1,18.01389617,17.95577194
587,C,C3,MEGA,13w,15.20530844,74.2,1,0,0,0,0,1,10.4481594,13.83424099
588,C,C3,MEGA,13w,63.61725124,305.3,NA,NA,NA,NA,NA,NA,27.01745135,26.59705872
589,C,C3,MEGA,13w,42.77623973,152.3,1,0,0,0,0,1,18.76146622,17.86905907
590,C,C3,MEGA,13w,27.80505848,104.6,1,0,0,NA,NA,0,14.33300431,14.75155506
591,C,C3,MEGA,13w,129.2835277,370,NA,NA,NA,NA,NA,NA,36.50288794,41.62793858
592,C,C3,MEGA,13w,NA,NA,NA,NA,NA,NA,NA,NA,NA,NA
593,C,C3,MEGA,13w,57.41456924,136.7,1,0,0,NA,NA,0,19.9650856,20.29948795
594,C,C3,MEGA,13w,NA,NA,NA,NA,NA,NA,NA,NA,NA,NA
595,C,C3,MEGA,13w,NA,NA,NA,NA,NA,NA,NA,NA,NA,NA
596,C,C3,MEGA,13w,21.56514861,31.7,1,0,0,0,0,1,8.838905488,10.77645434
597,C,C3,MESO,13w,59.31020625,182,1,6,1,17,1,1,22.20645605,23.89808614
598,C,C3,MESO,13w,50.89576448,169,3,0,0,24,1,1,20.58500236,25.46481668
599,C,C3,MESO,13w,30.7487308,121.8,2,0,0,4,1,1,15.59553106,17.3190511
600,C,C3,MESO,13w,137.6621553,117.7,7,0,0,32,1,1,25.4312035,30.7108963
601,C,C3,MESO,13w,2.86521104,26.8,1,0,0,0,0,1,4.259928157,4.448351472
602,C,C3,MESO,13w,2.516494255,23.8,1,0,0,0,0,1,3.920792059,3.411721545
603,C,C3,MESO,13w,97.08416653,153.5,5,0,0,5,1,1,24.73072056,27.12503225
604,C,C3,MESO,13w,0.622113885,5.3,1,0,0,0,0,1,1.489300521,1.404197505
605,C,C3,MESO,13w,75.85328338,189.3,2,4,1,16,1,1,24.42593472,NA
606,C,C3,MESO,13w,99.10601703,133.3,4,0,0,2,1,1,23.75568691,24.95709511
607,C,C3,MESO,13w,24.56010743,52.9,2,0,0,4,1,1,10.95217344,12.53489136
608,C,C3,MESO,13w,21.56514861,48.2,1,0,0,0,0,1,10.16611202,8.104370881
609,C,C3,MESO,13w,40.60272885,142.3,2,0,0,NA,1,1,18.02432887,21.34586508
610,C,C3,MESO,13w,NA,NA,NA,NA,NA,NA,NA,NA,NA,NA
611,C,C3,MESO,13w,NA,NA,NA,NA,NA,0,0,NA,NA,10.53578558
612,C,C3,MESO,13w,98.52034562,149.2,1,3,1,8,1,1,24.61763632,40.01358146
613,C,C3,MESO,13w,NA,NA,NA,NA,NA,0,0,NA,NA,5.196424189
614,C,C3,MESO,13w,NA,NA,NA,NA,NA,NA,NA,NA,NA,NA
615,C,C3,MESO,13w,11.94590607,72.2,1,0,0,4,1,1,9.552096815,11.37212733
616,C,C3,MESO,13w,148.9506046,232.3,2,3,1,42,1,1,32.76198776,31.36778346
617,C,C3,MESO,13w,47.70013644,53.3,2,0,0,4,1,1,13.70369134,16.55046186
618,C,C3,MESO,13w,9.56622817,111.2,1,0,0,2,1,1,10.24492411,5.063151749
619,C,C3,MESO,13w,22.53189521,106.3,2,0,0,0,0,1,13.43338912,6.572043448
620,C,C3,MESO,13w,117.203083,89.6,2,0,0,8,1,1,22.00333448,22.01727375
621,C,C3,MESO,13w,25.1607014,109.2,1,0,0,5,1,1,14.06331774,15.91292886
622,C,C3,MESO,13w,14.72535163,65.7,1,0,0,0,0,1,9.925430238,11.32720221
623,C,C3,MESO,13w,NA,NA,NA,NA,NA,0,0,NA,NA,8.796654874
624,N,N1,CONT,13w,2.190396938,10.9,0,0,0,NA,NA,NA,2.884208999,NA
625,N,N1,CONT,13w,3.596809429,53.5,1,0,0,NA,NA,NA,5.788968713,NA
626,N,N1,CONT,13w,52.6610254,51.5,4,0,0,0,0,1,14.00238228,14.4617222
627,N,N1,CONT,13w,NA,NA,NA,NA,NA,NA,NA,NA,NA,NA
628,N,N1,CONT,13w,5.68321965,63.5,1,0,0,0,0,1,7.141250929,8.639175051
629,N,N1,CONT,13w,79.0117621,229,1,10,1,0,0,1,26.38580549,24.61577981
630,N,N1,CONT,13w,NA,NA,NA,NA,NA,NA,NA,NA,NA,NA
631,N,N1,CONT,13w,55.28582606,91.3,1,1,1,0,0,1,17.22940753,18.92183906
632,N,N1,CONT,13w,7.645379882,91.9,1,0,0,0,0,1,8.920151834,12.31174551
633,N,N1,CONT,13w,20.83072279,132.7,1,1,1,0,0,1,14.09177731,19.09254036
634,N,N1,CONT,13w,14.93010493,124.5,1,1,1,1,1,1,12.3432422,16.8658151
635,N,N1,CONT,13w,61.7927713,194,3,1,1,NA,NA,0,22.99758619,15.02277189
636,N,N1,CONT,13w,17.64098523,66.9,3,0,0,0,0,1,10.60636264,11.01605174
637,N,N1,CONT,13w,83.96102716,119.6,5,4,1,0,0,1,21.67699646,25.32416968
638,N,N1,CONT,13w,49.35159315,95.2,8,0,0,NA,NA,0,16.82178728,18.49652511
639,N,N1,CONT,13w,29.23644663,84.8,4,0,0,0,0,1,13.58907219,15.58121546
640,N,N1,CONT,13w,NA,NA,NA,NA,NA,1,1,1,NA,14.12186221
641,N,N1,CONT,13w,NA,NA,NA,NA,NA,NA,NA,NA,NA,NA
642,N,N1,CONT,13w,46.44538433,58.5,5,0,0,0,0,1,14.01101632,15.92454409
643,N,N1,CONT,13w,9.676183913,76.2,2,0,0,0,0,1,9.064931873,11.98548917
644,N,N1,CONT,13w,60.53377805,135.2,6,0,0,0,0,1,20.24612117,26.00583261
645,N,N1,CONT,13w,NA,NA,NA,NA,NA,NA,NA,NA,NA,NA
646,N,N1,CONT,13w,15.83370551,100.5,3,1,1,0,0,1,11.71925317,13.28777973
647,N,N1,CONT,13w,4.791635655,31.3,2,0,0,0,0,1,5.326775314,6.754698657
648,N,N1,CONT,13w,7.40229915,75.5,3,0,0,0,0,1,8.263943575,10.42949719
649,N,N1,CONT,13w,4.19096314,31.8,1,0,0,0,0,1,5.120851952,6.632831005
650,N,N1,CONT,13w,5.725552611,33,3,0,0,0,0,1,5.753743396,7.643125813
651,N,N1,CONT,13w,9.621127502,36.9,1,0,0,0,0,1,7.102294591,6.684713716
652,N,N1,CONT,13w,4.374353611,16.1,2,0,0,0,0,1,4.138716731,3.659030554
653,N,N1,CONT,13w,77.61650226,43.8,9,0,0,0,0,1,15.09951714,16.78179638
654,N,N1,CONT,13w,11.10364507,14.5,NA,NA,NA,NA,NA,NA,5.454422058,NA
655,N,N1,CONT,13w,11.82369811,89.3,2,0,0,3,1,1,10.21943372,11.5494689
656,N,N1,CONT,13w,20.10902042,29.1,2,0,0,0,0,1,8.391786199,10.56739748
657,N,N1,CONT,13w,9.240130853,38.5,1,1,1,0,0,1,7.107136294,9.854370354
658,N,N1,CONT,13w,0.3848451,7.3,NA,0,0,NA,NA,NA,1.411781598,NA
659,N,N1,CONT,13w,21.07411768,100.2,3,0,0,1,1,1,12.88010599,15.38018143
660,N,N1,CONT,13w,12.94618917,117,3,0,0,0,0,1,11.52785813,13.91494809
661,N,N1,CONT,13w,4.599605804,51.3,2,0,0,0,0,1,6.196823287,7.751500595
662,N,N1,CONT,13w,13.33166258,123,1,0,0,0,0,1,11.83732555,6.700630804
663,N,N1,CONT,13w,NA,NA,NA,NA,NA,NA,NA,1,NA,18.17723308
664,N,N1,CONT,13w,31.66921744,132,2,0,0,0,0,1,16.17845461,20.37896599
665,N,N1,CONT,13w,37.71866826,153,2,0,0,NA,NA,1,18.01723148,21.85353057
666,N,N1,CONT,13w,8.042477193,156.5,1,1,1,NA,NA,1,10.83675589,18.59283386
667,N,N1,CONT,13w,36.31681108,195,1,1,1,NA,NA,1,19.29147315,24.2449171
668,N,N1,CONT,13w,25.07187287,164.5,3,NA,NA,NA,NA,1,16.10575742,7.089852588
669,N,N1,CONT,13w,NA,NA,NA,NA,NA,NA,NA,NA,NA,NA
670,N,N1,CONT,13w,89.07970261,83.4,4,0,0,NA,NA,1,19.6024466,NA
671,N,N1,CONT,13w,NA,NA,NA,NA,NA,NA,NA,NA,NA,NA
672,N,N1,LMH,13w,25.60720026,195.6,1,2,1,1,1,1,17.18504752,20.11034538
673,N,N1,LMH,13w,NA,NA,NA,NA,NA,NA,NA,NA,NA,NA
674,N,N1,LMH,13w,NA,NA,NA,NA,NA,NA,NA,NA,NA,NA
675,N,N1,LMH,13w,40.03928421,219.3,NA,NA,NA,0,0,NA,20.72722052,20.918491
676,N,N1,LMH,13w,NA,NA,NA,NA,NA,NA,NA,NA,NA,NA
677,N,N1,LMH,13w,NA,NA,NA,NA,NA,NA,NA,NA,NA,NA
678,N,N1,LMH,13w,NA,NA,NA,NA,NA,NA,NA,NA,NA,NA
679,N,N1,LMH,13w,NA,NA,NA,NA,NA,NA,NA,NA,NA,NA
680,N,N1,LMH,13w,93.14201753,183.2,NA,NA,NA,0,0,NA,25.87449377,22.07189604
681,N,N1,LMH,13w,47.90622491,180.1,1,0,0,3,1,1,20.60617492,19.58872516
682,N,N1,LMH,13w,NA,NA,NA,NA,NA,NA,NA,NA,NA,NA
683,N,N1,LMH,13w,48.27496935,217.2,NA,NA,NA,0,0,NA,21.99208566,23.0749628
684,N,N1,LMH,13w,NA,NA,NA,NA,NA,NA,NA,NA,NA,NA
685,N,N1,LMH,13w,79.48512157,257.1,1,1,1,0,0,1,27.48006999,27.75740301
686,N,N1,LMH,13w,NA,NA,NA,NA,NA,0,0,1,NA,1.127195969
687,N,N1,LMH,13w,NA,NA,NA,NA,NA,NA,NA,NA,NA,NA
688,N,N1,LMH,13w,138.3030402,194.3,NA,NA,NA,0,0,NA,30.11050236,30.06508574
689,N,N1,LMH,13w,53.84564145,147.1,NA,NA,NA,0,0,NA,20.02614817,27.90601485
690,N,N1,LMH,13w,48.27496935,129.2,1,0,0,0,0,1,18.49060104,20.32018731
691,N,N1,LMH,13w,13.92047559,68.5,NA,NA,NA,NA,NA,NA,9.877581788,NA
692,N,N1,LMH,13w,NA,NA,NA,NA,NA,NA,NA,NA,NA,NA
693,N,N1,LMH,13w,31.27149181,215.3,NA,NA,NA,0,0,NA,18.96869771,24.41960281
694,N,N1,LMH,13w,NA,NA,NA,NA,NA,NA,NA,NA,NA,NA
695,N,N1,LMH,13w,NA,NA,NA,NA,NA,NA,NA,NA,NA,NA
696,N,N1,LMH,13w,NA,NA,NA,NA,NA,NA,NA,NA,NA,NA
697,N,N1,LMH,13w,78.69697451,162.3,1,0,0,0,0,1,23.48959348,30.68676889
698,N,N1,LMH,13w,47.53889419,134.2,1,0,0,0,0,1,18.6306688,22.17932514
699,N,N1,LMH,13w,NA,NA,NA,NA,NA,NA,NA,NA,NA,NA
700,N,N1,LMH,13w,NA,NA,NA,NA,NA,0,0,NA,NA,10.2705227
701,N,N1,LMH,13w,NA,NA,NA,NA,NA,NA,NA,NA,NA,NA
702,N,N1,LMH,13w,NA,NA,NA,NA,NA,0,0,NA,NA,2.445034132
703,N,N1,LMH,13w,NA,NA,NA,NA,NA,0,0,NA,NA,15.52043101
704,N,N1,LMH,13w,11.76282975,121.2,1,0,0,0,0,1,11.29702092,14.20017841
705,N,N1,LMH,13w,NA,NA,NA,NA,NA,0,0,NA,NA,2.748650638
706,N,N1,LMH,13w,NA,NA,NA,NA,NA,0,0,NA,NA,11.82246836
707,N,N1,LMH,13w,NA,NA,NA,NA,NA,0,0,NA,NA,12.10316684
708,N,N1,LMH,13w,NA,NA,NA,NA,NA,0,0,NA,NA,8.870231593
709,N,N1,LMH,13w,61.41106779,153.6,3,2,1,0,0,1,21.22892885,22.39796712
710,N,N1,LMH,13w,6.157521601,39.1,1,0,0,0,0,1,6.238619911,3.528458599
711,N,N1,LMH,13w,NA,NA,NA,NA,NA,NA,NA,NA,NA,NA
712,N,N1,LMH,13w,50.89576448,143.1,2,1,1,0,0,1,19.47293092,20.85922808
713,N,N1,LMH,13w,NA,NA,NA,NA,NA,0,0,NA,NA,10.95096599
714,N,N1,LMH,13w,NA,NA,NA,NA,NA,0,0,NA,NA,7.177735488
715,N,N1,LMH,13w,NA,NA,NA,NA,NA,NA,NA,NA,NA,NA
716,N,N1,LMH,13w,29.99624082,318.8,1,NA,NA,NA,NA,1,21.32620471,27.40724524
717,N,N1,LMH,13w,NA,NA,NA,NA,NA,NA,NA,NA,NA,NA
718,N,N1,LMH,13w,326.8512997,170.1,NA,NA,NA,NA,NA,NA,38.38227924,NA
719,N,N1,LMH,13w,NA,NA,NA,NA,NA,0,0,1,NA,43.12281018
720,N,N1,LMH,13w,NA,NA,NA,NA,NA,NA,NA,NA,NA,NA
721,N,N1,LMH,13w,NA,NA,NA,NA,NA,0,0,NA,NA,56.23346726
722,N,N1,LMH,13w,NA,NA,NA,NA,NA,0,0,NA,NA,40.81177743
723,N,N1,LMH,13w,NA,NA,NA,NA,NA,0,0,NA,NA,33.6256199
724,N,N1,LMH,13w,104.0496272,NA,1,NA,NA,NA,NA,1,NA,NA
725,N,N1,LMH,13w,64.46830869,216.3,1,0,0,0,0,1,24.18821946,25.15317423
726,N,N1,LMH,13w,10.29217169,89.6,1,0,0,0,0,1,9.767871567,10.43916013
727,N,N1,LMH,13w,3.332915646,294.3,1,NA,NA,0,0,1,9.971188788,23.84194347
728,N,N1,LMH,13w,NA,NA,NA,NA,NA,0,0,NA,NA,5.544432988
729,N,N1,LMH,13w,NA,NA,NA,NA,NA,NA,NA,NA,NA,NA
730,N,N1,LMH,13w,NA,NA,NA,NA,NA,NA,NA,NA,NA,NA
731,N,N1,LMH,13w,NA,NA,NA,NA,NA,NA,NA,NA,NA,NA
732,N,N1,LMH,13w,NA,NA,NA,NA,NA,NA,NA,NA,NA,NA
733,N,N1,LMH,13w,NA,NA,NA,NA,NA,NA,NA,NA,NA,NA
734,N,N1,MEGA,13w,70.88218425,108.1,NA,NA,NA,0,0,NA,19.80568442,19.96967895
735,N,N1,MEGA,13w,NA,NA,NA,NA,NA,NA,NA,NA,NA,NA
736,N,N1,MEGA,13w,6.245800355,71.6,1,0,0,0,0,1,7.671258516,8.416621224
737,N,N1,MEGA,13w,31.969161,80.2,1,0,0,0,0,1,13.74228801,22.70239724
738,N,N1,MEGA,13w,1.130973355,24.3,1,0,0,0,0,1,3.022929386,5.166309348
739,N,N1,MEGA,13w,93.31315579,333.2,1,0,0,NA,NA,1,31.61295552,35.77200541
740,N,N1,MEGA,13w,39.81528865,14.5,1,0,0,0,0,1,8.35403023,17.0029096
741,N,N1,MEGA,13w,55.68190235,184.2,NA,NA,NA,0,0,NA,21.83075566,20.79565238
742,N,N1,MEGA,13w,40.03928421,104.2,1,1,1,0,0,1,16.16779696,17.88005164
743,N,N1,MEGA,13w,18.32247521,119.3,NA,NA,NA,0,0,NA,13.02955732,12.83854535
744,N,N1,MEGA,13w,44.4145803,89.2,NA,NA,NA,0,0,NA,15.89100624,14.43367484
745,N,N1,MEGA,13w,65.75549774,202.1,1,1,1,1,1,1,23.80263226,29.13220796
746,N,N1,MEGA,13w,6.881344548,99.1,1,0,0,0,0,1,8.831673831,8.83536025
747,N,N1,MEGA,13w,NA,NA,NA,NA,NA,NA,NA,NA,NA,NA
748,N,N1,MEGA,13w,11.70211848,164.8,1,0,0,0,0,1,12.49589369,16.71475502
749,N,N1,MEGA,13w,80.11846665,250.1,1,14,1,12,1,1,27.30022535,28.2781095
750,N,N1,MEGA,13w,40.82821667,227.3,1,9,1,3,1,1,21.11373633,21.54976683
751,N,N1,MEGA,13w,22.48005893,105.6,1,0,0,1,1,1,13.39348901,19.53497089
752,N,N1,MEGA,13w,35.78470382,45.5,1,0,0,0,0,NA,11.80932668,17.80944807
753,N,N1,MEGA,13w,6.026281568,56.2,1,0,0,0,0,1,6.991428683,7.899120075
754,N,N1,MEGA,13w,4.154756284,49.9,1,0,0,0,0,1,5.934846902,8.738023141
755,N,N1,MEGA,13w,6.605198554,77.6,1,0,0,0,0,1,8.028713932,9.709925649
756,N,N1,MEGA,13w,NA,NA,NA,NA,NA,NA,NA,NA,NA,NA
757,N,N1,MEGA,13w,15.48302523,66.1,1,2,1,0,0,1,10.11355897,16.99206515
758,N,N1,MEGA,13w,NA,NA,NA,NA,NA,NA,NA,NA,NA,NA
759,N,N1,MEGA,13w,NA,NA,NA,NA,NA,NA,NA,NA,NA,NA
760,N,N1,MEGA,13w,11.58116716,94.1,1,1,1,2,1,1,10.32792241,13.61097167
761,N,N1,MEGA,13w,NA,NA,NA,NA,NA,NA,NA,NA,NA,NA
762,N,N1,MEGA,13w,2.164243179,17.7,1,0,0,0,0,1,3.377348699,7.017798712
763,N,N1,MEGA,13w,1.606060704,14.9,1,0,0,0,0,1,2.886424552,3.121878031
764,N,N1,MEGA,13w,0.693977817,8.1,1,0,0,0,0,1,1.779631353,3.183549078
765,N,N1,MEGA,13w,0.849486654,12.1,1,0,0,0,0,1,2.176885563,4.549186234
766,N,N1,MEGA,13w,22.48005893,141.2,1,0,0,0,0,1,14.75759843,19.22286574
767,N,N1,MEGA,13w,1.168986626,14.5,1,0,0,0,0,1,2.572524078,5.532573788
768,N,N1,MEGA,13w,1.720336137,13.2,1,0,0,0,0,1,2.83636086,5.78270199
769,N,N1,MEGA,13w,45.65935785,153.5,2,0,0,0,0,1,19.22479384,28.69224799
770,N,N1,MEGA,13w,68.66147094,184.8,1,0,0,0,0,1,23.43798095,27.60321884
771,N,N1,MEGA,13w,117.2822511,275.5,1,0,0,NA,NA,1,32.02155273,31.97471753
772,N,N1,MESO,13w,657.3349873,350.2,1,0,0,NA,1,1,61.67818928,52.94082392
773,N,N1,MESO,13w,190.1555768,219.1,NA,NA,NA,NA,NA,NA,34.85767978,NA
774,N,N1,MESO,13w,NA,NA,NA,NA,NA,0,0,NA,NA,7.29016696
775,N,N1,MESO,13w,NA,NA,NA,NA,NA,28,1,NA,NA,26.62738816
776,N,N1,MESO,13w,NA,NA,NA,NA,NA,NA,1,NA,NA,30.59741524
777,N,N1,MESO,13w,NA,NA,NA,NA,NA,NA,1,NA,NA,31.00027034
778,N,N1,MESO,13w,NA,NA,NA,NA,NA,NA,1,NA,NA,30.85032494
779,N,N1,MESO,13w,NA,NA,NA,NA,NA,NA,NA,NA,NA,NA
780,N,N1,MESO,13w,294.3747715,427.1,1,23,1,NA,1,1,50.40094034,47.81421195
781,N,N1,MESO,13w,110.2875736,400,1,NA,NA,NA,1,1,35.52954567,29.0337318
782,N,N1,MESO,13w,708.7445593,350.2,1,19,1,7,1,1,63.24838916,37.34757123
783,N,N1,MESO,13w,NA,NA,NA,NA,NA,NA,NA,NA,NA,NA
784,N,N1,MESO,13w,476.4515071,NA,NA,NA,NA,0,0,1,NA,60.75308694
785,N,N1,MESO,13w,366.4353671,272.5,NA,NA,NA,NA,NA,NA,46.66933747,NA
786,N,N1,MESO,13w,NA,NA,NA,NA,NA,NA,NA,NA,NA,NA
787,N,N1,MESO,13w,NA,NA,NA,NA,NA,0,0,NA,NA,1.345004643
788,N,N1,MESO,13w,500.0046556,400,3,NA,NA,NA,1,1,58.84964574,58.75955467
789,N,N1,MESO,13w,100.46507,400,1,NA,NA,0,0,1,34.44014263,32.06055238
790,N,N1,MESO,13w,NA,NA,NA,NA,NA,0,0,NA,NA,11.79512161
791,N,N1,MESO,13w,47.66118069,158.5,NA,NA,NA,NA,NA,NA,19.71198837,NA
792,N,N1,MESO,13w,236.9678991,223.3,NA,NA,NA,NA,NA,NA,37.75382232,NA
793,N,N1,MESO,13w,NA,NA,NA,NA,NA,0,0,NA,NA,6.351590983
794,N,N1,MESO,13w,49.26519936,310.6,1,0,0,NA,1,1,24.95002548,22.65403674
795,N,N1,MESO,13w,19.32205146,200.3,1,0,0,0,0,1,15.7674242,17.83622032
796,N,N1,MESO,13w,6.201582438,400,1,NA,NA,NA,1,1,13.59160114,37.95261009
797,N,N1,MESO,13w,125.8801619,400,1,NA,NA,NA,1,1,37.13323858,31.13599975
798,N,N1,MESO,13w,55.94673861,400,1,NA,NA,NA,1,1,28.32612171,30.39729592
799,N,N1,MESO,13w,44.29653496,400,1,NA,NA,NA,1,1,26.20192341,27.68076029
800,N,N1,MESO,13w,284.1259537,321.7,1,2,1,NA,NA,1,45.31178799,39.84015439
801,N,N1,MESO,13w,289.2276646,177.5,NA,NA,NA,NA,NA,NA,37.37439202,NA
802,N,N1,MESO,13w,NA,NA,NA,NA,NA,NA,NA,NA,NA,NA
803,N,N1,MESO,13w,104.7740785,400,1,NA,NA,NA,1,1,34.92640849,35.74942085
804,N,N1p,CONT,13w,NA,NA,NA,NA,NA,NA,NA,NA,NA,NA
805,N,N1p,CONT,13w,NA,NA,NA,NA,NA,NA,NA,NA,NA,NA
806,N,N1p,CONT,13w,NA,NA,NA,NA,NA,1,1,1,NA,22.110355
807,N,N1p,CONT,13w,NA,NA,NA,NA,NA,NA,NA,1,NA,17.15592909
808,N,N1p,CONT,13w,NA,NA,NA,NA,NA,NA,NA,NA,NA,NA
809,N,N1p,CONT,13w,NA,NA,NA,NA,NA,4,1,1,NA,29.50391529
810,N,N1p,CONT,13w,NA,NA,NA,NA,NA,0,0,1,NA,16.60811521
811,N,N1p,CONT,13w,NA,NA,NA,NA,NA,0,0,1,NA,19.40021416
812,N,N1p,CONT,13w,NA,NA,NA,NA,NA,0,0,1,NA,20.73470144
813,N,N1p,CONT,13w,NA,NA,NA,NA,NA,NA,NA,NA,NA,NA
814,N,N1p,CONT,13w,NA,NA,NA,NA,NA,NA,NA,NA,NA,NA
815,N,N1p,CONT,13w,NA,NA,NA,NA,NA,NA,NA,NA,NA,NA
816,N,N1p,CONT,13w,NA,NA,NA,NA,NA,NA,NA,NA,NA,NA
817,N,N1p,CONT,13w,NA,NA,NA,NA,NA,NA,NA,NA,NA,NA
818,N,N1p,CONT,13w,NA,NA,NA,NA,NA,NA,NA,1,NA,NA
819,N,N1p,CONT,13w,NA,NA,NA,NA,NA,0,0,1,NA,8.388533276
820,N,N1p,CONT,13w,NA,NA,NA,NA,NA,NA,NA,1,NA,37.5090821
821,N,N1p,CONT,13w,NA,NA,NA,NA,NA,NA,NA,NA,NA,NA
822,N,N1p,CONT,13w,NA,NA,NA,NA,NA,0,0,1,NA,17.80336704
823,N,N1p,CONT,13w,NA,NA,NA,NA,NA,0,0,NA,NA,9.194905024
824,N,N1p,CONT,13w,NA,NA,NA,NA,NA,0,0,NA,NA,11.84338849
825,N,N1p,CONT,13w,NA,NA,NA,NA,NA,NA,NA,NA,NA,NA
826,N,N1p,CONT,13w,NA,NA,NA,NA,NA,NA,NA,NA,NA,NA
827,N,N1p,CONT,13w,NA,NA,NA,NA,NA,NA,NA,NA,NA,NA
828,N,N1p,CONT,13w,NA,NA,NA,NA,NA,NA,NA,NA,NA,NA
829,N,N1p,CONT,13w,NA,NA,NA,NA,NA,NA,NA,NA,NA,NA
830,N,N1p,CONT,13w,NA,NA,NA,NA,NA,NA,NA,NA,NA,10.8899829
831,N,N1p,CONT,13w,NA,NA,NA,NA,NA,0,0,1,NA,17.16364418
832,N,N1p,CONT,13w,NA,NA,NA,NA,NA,0,0,1,NA,17.45153639
833,N,N1p,CONT,13w,NA,NA,NA,NA,NA,NA,NA,NA,NA,NA
834,N,N1p,CONT,13w,NA,NA,NA,NA,NA,NA,NA,NA,NA,NA
835,N,N1p,CONT,13w,NA,NA,NA,NA,NA,0,0,1,NA,19.43973373
836,N,N1p,CONT,13w,NA,NA,NA,NA,NA,NA,NA,NA,NA,NA
837,N,N1p,CONT,13w,NA,NA,NA,NA,NA,0,0,1,NA,17.33189487
838,N,N1p,CONT,13w,NA,NA,NA,NA,NA,2,1,1,NA,21.10209371
839,N,N1p,CONT,13w,NA,NA,NA,NA,NA,NA,NA,NA,NA,NA
840,N,N1p,CONT,13w,NA,NA,NA,NA,NA,NA,NA,NA,NA,NA
841,N,N1p,CONT,13w,NA,NA,NA,NA,NA,NA,NA,NA,NA,NA
842,N,N1p,CONT,13w,NA,NA,NA,NA,NA,NA,NA,NA,NA,NA
843,N,N1p,CONT,13w,NA,NA,NA,NA,NA,NA,NA,NA,NA,NA
844,N,N1p,CONT,13w,NA,NA,NA,NA,NA,NA,NA,NA,NA,NA
845,N,N2,CONT,13w,53.06809726,105.3,1,0,0,0,0,1,17.82456272,26.31837629
846,N,N2,CONT,13w,NA,NA,NA,NA,NA,0,0,1,NA,4.71003271
847,N,N2,CONT,13w,NA,NA,NA,NA,NA,0,0,1,NA,4.161807011
848,N,N2,CONT,13w,43.24119544,148.4,1,0,0,0,0,1,18.66693793,22.70689518
849,N,N2,CONT,13w,93.48445113,171.6,1,0,0,0,0,1,25.34661053,21.55646229
850,N,N2,CONT,13w,7.163145409,66.9,1,0,0,0,0,1,7.850398186,8.462686003
851,N,N2,CONT,13w,22.31229788,188.4,1,0,0,0,0,1,16.20850368,17.40397182
852,N,N2,CONT,13w,NA,NA,NA,NA,NA,NA,NA,NA,NA,NA
853,N,N2,CONT,13w,NA,NA,NA,NA,NA,0,0,NA,NA,25.1643446
854,N,N2,CONT,13w,NA,NA,NA,NA,NA,0,0,NA,NA,8.045750672
855,N,N2,CONT,13w,NA,NA,NA,NA,NA,1,1,NA,NA,11.95901932
856,N,N2,CONT,13w,84.78538107,74.6,1,0,0,0,0,1,18.57715712,21.94915169
857,N,N2,CONT,13w,70.28653828,114.6,1,2,1,3,1,1,20.13874329,31.78500341
858,N,N2,CONT,13w,149.6429331,152.3,2,8,1,0,0,1,28.49913311,23.34220466
859,N,N2,CONT,13w,70.43521415,150.1,1,4,1,3,1,1,22.0528388,26.55086343
860,N,N2,CONT,13w,106.2305208,146.2,1,9,1,5,1,1,25.07413636,20.74001211
861,N,N2,CONT,13w,NA,NA,NA,NA,NA,0,0,NA,NA,7.686942718
862,N,N2,CONT,13w,106.01972,143.4,2,0,0,19,1,1,24.89626797,24.60232883
863,N,N2,CONT,13w,50.89576448,113.3,1,0,0,0,0,1,18.01257527,21.60035561
864,N,N2,CONT,13w,86.09605353,143.2,1,0,0,NA,NA,NA,23.21404509,NA
865,N,N2,CONT,13w,NA,NA,NA,NA,NA,NA,NA,NA,NA,NA
866,N,N2,CONT,13w,NA,NA,NA,NA,NA,NA,NA,NA,NA,NA
867,N,N2,CONT,13w,132.1203859,135.1,1,1,1,8,1,1,26.26636441,21.39874901
868,N,N2,CONT,13w,NA,NA,NA,NA,NA,NA,NA,NA,NA,NA
869,N,N2,LMH,13w,NA,NA,NA,NA,NA,1,1,NA,NA,32.77629452
870,N,N2,LMH,13w,NA,NA,NA,NA,NA,0,0,NA,NA,5.909728001
871,N,N2,LMH,13w,NA,NA,NA,NA,NA,NA,NA,NA,NA,NA
872,N,N2,LMH,13w,NA,NA,NA,NA,NA,0,0,NA,NA,10.9705118
873,N,N2,LMH,13w,401.1499659,215.5,1,14,1,31,1,1,44.47637775,48.03601357
874,N,N2,LMH,13w,NA,NA,NA,NA,NA,NA,NA,NA,NA,NA
875,N,N2,LMH,13w,NA,NA,NA,NA,NA,NA,NA,1,NA,NA
876,N,N2,LMH,13w,376.3408873,308.6,1,11,1,NA,NA,1,49.08362194,NA
877,N,N2,LMH,13w,NA,NA,NA,NA,NA,NA,NA,NA,NA,NA
878,N,N2,LMH,13w,NA,NA,NA,NA,NA,0,0,NA,NA,7.14055378
879,N,N2,LMH,13w,NA,NA,NA,NA,NA,0,0,NA,NA,7.429077885
880,N,N2,LMH,13w,NA,NA,NA,NA,NA,0,0,NA,NA,4.113657826
881,N,N2,LMH,13w,NA,NA,NA,NA,NA,NA,NA,NA,NA,NA
882,N,N2,LMH,13w,NA,NA,NA,NA,NA,0,0,NA,NA,3.818664978
883,N,N2,LMH,13w,NA,NA,NA,NA,NA,0,0,NA,NA,4.06110247
884,N,N2,LMH,13w,124.4919706,24.3,1,1,1,4,1,1,14.52256786,38.22758168
885,N,N2,LMH,13w,488.128807,241.5,1,3,1,1,1,1,49.32851279,42.74926917
886,N,N2,LMH,13w,NA,NA,NA,NA,NA,0,0,NA,NA,5.266206741
887,N,N2,LMH,13w,25.87698453,184.3,1,1,1,1,1,1,16.90606158,19.27288424
888,N,N2,LMH,13w,NA,NA,NA,NA,NA,0,0,NA,NA,12.81459002
889,N,N2,LMH,13w,NA,NA,NA,NA,NA,0,0,NA,NA,19.29093874
890,N,N2,LMH,13w,6.834927517,95.7,1,0,0,NA,NA,1,8.709635671,NA
891,N,N2,LMH,13w,70.13801949,216.2,1,4,1,5,1,1,24.87471597,30.3708744
892,N,N2,LMH,13w,66.04326762,227.2,1,3,1,9,1,1,24.78743971,29.83126824
893,N,N2,LMH,13w,NA,73.3,1,0,0,0,0,1,NA,NA
894,N,N2,LMH,13w,24.45447137,163.2,1,0,0,0,0,1,15.92999772,16.42112255
895,N,N2,LMH,13w,NA,181.3,1,0,0,4,1,1,NA,NA
896,N,N2,LMH,13w,69.2502054,203.1,1,2,1,9,1,1,24.25764036,28.78177426
897,N,N2,LMH,13w,76.51105434,186.6,1,1,1,1,1,1,24.37924125,21.61254037
898,N,N2,LMH,13w,NA,NA,NA,NA,NA,NA,NA,NA,NA,NA
899,N,N2,LMH,13w,NA,NA,NA,NA,NA,NA,NA,NA,NA,NA
900,N,N2,LMH,13w,NA,NA,NA,NA,NA,NA,NA,NA,NA,NA
901,N,N2,LMH,13w,NA,NA,NA,NA,NA,NA,NA,NA,NA,NA
902,N,N2,MEGA,13w,220.3532722,195.6,1,14,1,20,1,1,35.25480978,38.84614292
903,N,N2,MEGA,13w,NA,NA,NA,NA,NA,0,0,NA,NA,7.355532159
904,N,N2,MEGA,13w,NA,NA,NA,NA,NA,NA,NA,NA,NA,NA
905,N,N2,MEGA,13w,110.2875736,430,1,NA,1,NA,NA,1,36.39781658,19.70093811
906,N,N2,MEGA,13w,NA,NA,NA,NA,NA,3,1,NA,NA,9.943053889
907,N,N2,MEGA,13w,NA,NA,NA,NA,NA,3,1,NA,NA,15.5113394
908,N,N2,MEGA,13w,NA,NA,NA,NA,NA,1,1,NA,NA,10.23170936
909,N,N2,MEGA,13w,13.13821902,67.3,1,0,0,NA,NA,NA,9.631694587,NA
910,N,N2,MEGA,13w,52.81017251,153.1,1,0,0,NA,NA,NA,20.16408615,NA
911,N,N2,MEGA,13w,NA,NA,NA,NA,NA,NA,NA,NA,NA,NA
912,N,N2,MEGA,13w,848.8273118,337.2,2,4,1,NA,NA,1,66.33077234,53.6986764
913,N,N2,MEGA,13w,100.46507,243.2,1,5,1,25,1,1,29.16899128,34.7729286
914,N,N2,MEGA,13w,71.19932802,180.4,2,4,1,15,1,1,23.53361876,26.55028657
915,N,N2,MEGA,13w,285.022957,257.3,1,19,1,73,1,1,42.09990534,36.05313961
916,N,N2,MEGA,13w,59.72041971,230.1,1,4,1,0,0,1,24.07018961,28.31645065
917,N,N2,MEGA,13w,159.0375518,198.2,1,8,1,5,1,1,31.75801313,33.82828896
918,N,N2,MEGA,13w,NA,NA,NA,NA,NA,NA,NA,NA,NA,NA
919,N,N2,MEGA,13w,NA,NA,NA,NA,NA,NA,NA,NA,NA,NA
920,N,N2,MEGA,13w,NA,NA,NA,NA,NA,NA,NA,NA,NA,NA
921,N,N2,MEGA,13w,NA,NA,NA,NA,NA,NA,NA,NA,NA,NA
922,N,N2,MEGA,13w,NA,NA,NA,NA,NA,NA,NA,NA,NA,NA
923,N,N2,MEGA,13w,NA,NA,NA,NA,NA,NA,NA,NA,NA,NA
924,N,N2,MEGA,13w,NA,NA,NA,NA,NA,NA,NA,NA,NA,NA
925,N,N2,MEGA,13w,47.29479244,132.9,NA,NA,NA,NA,NA,NA,18.53833326,NA
926,N,N2,MEGA,13w,NA,NA,NA,NA,NA,NA,NA,NA,NA,NA
927,N,N2,MEGA,13w,NA,NA,NA,NA,NA,NA,NA,NA,NA,NA
928,N,N2,MEGA,13w,12.62928101,88.8,1,0,0,0,0,1,10.42723745,13.53944363
929,N,N2,MEGA,13w,119.7908914,74.3,NA,NA,NA,NA,NA,NA,20.82124338,NA
930,N,N2,MEGA,13w,54.10607948,106.2,NA,NA,NA,NA,NA,NA,17.99125081,NA
931,N,N2,MEGA,13w,NA,NA,NA,NA,NA,NA,NA,NA,NA,NA
932,N,N2,MEGA,13w,102.7878851,317.2,1,NA,1,NA,NA,1,32.11822079,36.45424724
933,N,N2,MEGA,13w,41.51057059,238.2,1,4,1,0,0,1,21.56549815,23.04277231
934,N,N2,MEGA,13w,308.4850778,500,2,NA,1,NA,NA,1,53.96047136,56.90632151
935,N,N2,MEGA,13w,17.20210473,277.2,1,0,0,NA,NA,1,16.90522741,19.30947742
936,N,N2,MEGA,13w,60.54508778,450,1,NA,1,NA,NA,1,30.24939692,39.26988609
937,N,N2,MEGA,13w,NA,NA,NA,NA,NA,NA,NA,NA,NA,NA
938,N,N2,MEGA,13w,NA,NA,NA,NA,NA,NA,NA,NA,NA,NA
939,N,N2,MESO,13w,54.62884049,184.2,1,2,1,5,1,1,21.69204353,27.32722356
940,N,N2,MESO,13w,52.81017251,177.3,1,0,0,5,1,1,21.17658432,23.18718866
941,N,N2,MESO,13w,NA,NA,NA,NA,NA,0,0,NA,NA,1.801698984
942,N,N2,MESO,13w,102.7878851,192.1,1,1,1,5,1,1,27.16672394,25.22798448
943,N,N2,MESO,13w,NA,NA,NA,NA,NA,0,0,NA,NA,7.975323108
944,N,N2,MESO,13w,NA,NA,NA,NA,NA,0,0,NA,NA,1.783180507
945,N,N2,MESO,13w,51.02229213,171.4,1,0,0,0,0,1,20.69928983,22.13800774
946,N,N2,MESO,13w,NA,NA,NA,NA,NA,0,0,NA,NA,10.13773863
947,N,N2,MESO,13w,115.7516672,214.1,1,1,1,10,1,1,29.30756086,26.48936744
948,N,N2,MESO,13w,228.0494674,231.2,1,2,1,60,1,1,37.70853612,39.75945541
949,N,N2,MESO,13w,47.17297719,201.5,1,1,1,17,1,1,21.28334847,25.31205399
950,N,N2,MESO,13w,35.46732442,171.6,1,0,0,5,1,1,18.3399976,21.16031569
951,N,N2,MESO,13w,NA,NA,NA,NA,NA,NA,NA,NA,NA,NA
952,N,N2,MESO,13w,43.47461578,212.5,1,0,0,4,1,1,21.08186498,34.52191778
953,N,N2,MESO,13w,NA,NA,NA,NA,NA,NA,NA,NA,NA,NA
954,N,N2,MESO,13w,242.7323289,234.2,1,1,1,0,0,1,38.66835835,39.88811885
955,N,N2,MESO,13w,39.92720789,175.4,1,0,0,0,0,1,19.21977503,20.32913975
956,N,N2,MESO,13w,NA,NA,NA,NA,NA,NA,NA,0,NA,NA
957,N,N2,MESO,13w,NA,NA,NA,NA,NA,NA,NA,NA,NA,NA
958,N,N2,MESO,13w,NA,NA,NA,NA,NA,NA,NA,NA,NA,NA
959,N,N2,MESO,13w,NA,NA,NA,NA,NA,NA,NA,NA,NA,NA
960,N,N2,MESO,13w,NA,NA,NA,NA,NA,NA,NA,NA,NA,NA
961,N,N2,MESO,13w,122.3260781,129.4,1,4,1,4,1,1,25.23378825,27.67022953
962,N,N2,MESO,13w,68.31361809,165.6,1,0,0,12,1,1,22.55686216,26.67118209
963,N,N2,MESO,13w,75.42963961,189.8,1,4,1,NA,NA,0,24.40178575,NA
964,N,N2,MESO,13w,25.42812948,153.9,1,0,0,5,1,1,15.82594016,15.08962057
965,N,N2,MESO,13w,77.75638167,203.2,1,2,1,4,1,1,25.21839936,30.52317709
966,N,N2,MESO,13w,NA,NA,NA,NA,NA,0,0,NA,NA,12.71332003
967,N,N2,MESO,13w,NA,NA,NA,NA,NA,0,0,NA,NA,10.86738548
968,N,N2,MESO,13w,213.9671212,186.7,2,0,0,21,1,0,34.37180737,36.84450323
969,N,N2,MESO,13w,NA,NA,NA,NA,NA,NA,NA,NA,NA,NA
970,N,N2,MESO,13w,NA,NA,NA,NA,NA,2,1,NA,NA,9.220371362
971,N,N2,MESO,13w,55.41769441,170.3,1,0,0,1,1,1,21.23260481,22.95907914
972,N,N2,MESO,13w,NA,NA,NA,NA,NA,NA,1,1,NA,47.00688421
973,N,N2,MESO,13w,31.86902274,138.2,1,0,0,2,1,1,16.46280725,20.46545764
974,N,N2,MESO,13w,2.746458838,119.8,1,0,0,NA,NA,1,6.924273054,NA
975,N,N2,MESO,13w,55.68190235,148.6,1,0,0,7,1,1,20.32031419,22.40049373
976,N,N2,MESO,13w,27.71167464,131.5,1,0,0,0,0,1,15.45368498,18.17942011
977,N,N2,MESO,13w,53.84564145,183.6,1,3,1,17,1,1,21.56421792,25.37920967
978,N,N2,MESO,13w,NA,NA,NA,NA,NA,0,0,NA,NA,8.84080387
979,N,N2p,CONT,13w,NA,NA,NA,NA,NA,NA,NA,NA,NA,NA
980,N,N2p,CONT,13w,NA,NA,NA,NA,NA,NA,NA,NA,NA,NA
981,N,N2p,CONT,13w,NA,NA,NA,NA,NA,NA,NA,NA,NA,NA
982,N,N2p,CONT,13w,NA,NA,NA,NA,NA,NA,NA,NA,NA,NA
983,N,N2p,CONT,13w,NA,NA,NA,NA,NA,9,1,1,NA,16.21862459
984,N,N2p,CONT,13w,NA,NA,NA,NA,NA,NA,NA,NA,NA,NA
985,N,N2p,CONT,13w,NA,NA,NA,NA,NA,1,1,1,NA,16.09474071
986,N,N2p,CONT,13w,NA,NA,NA,NA,NA,0,0,1,NA,26.78886002
987,N,N2p,CONT,13w,NA,NA,NA,NA,NA,NA,NA,NA,NA,NA
988,N,N2p,CONT,13w,NA,NA,NA,NA,NA,3,1,1,NA,10.36147177
989,N,N2p,CONT,13w,NA,NA,NA,NA,NA,8,1,1,NA,36.3418636
990,N,N2p,CONT,13w,NA,NA,NA,NA,NA,NA,NA,NA,NA,NA
991,N,N2p,CONT,13w,NA,NA,NA,NA,NA,NA,NA,NA,NA,NA
992,N,N2p,CONT,13w,NA,NA,NA,NA,NA,2,1,1,NA,7.174590847
993,N,N2p,CONT,13w,NA,NA,NA,NA,NA,2,1,1,NA,14.18388625
994,N,N2p,CONT,13w,NA,NA,NA,NA,NA,NA,NA,NA,NA,NA
995,N,N2p,CONT,13w,NA,NA,NA,NA,NA,NA,NA,NA,NA,NA
996,N,N2p,CONT,13w,NA,NA,NA,NA,NA,15,1,1,NA,20.87688907
997,N,N2p,CONT,13w,NA,NA,NA,NA,NA,4,1,1,NA,11.3953564
998,N,N2p,CONT,13w,NA,NA,NA,NA,NA,NA,NA,NA,NA,NA
999,N,N2p,CONT,13w,NA,NA,NA,NA,NA,6,1,1,NA,14.70676961
1000,N,N2p,CONT,13w,NA,NA,NA,NA,NA,2,1,1,NA,17.33460315
1001,N,N2p,CONT,13w,NA,NA,NA,NA,NA,3,1,1,NA,16.99736348
1002,N,N2p,CONT,13w,NA,NA,NA,NA,NA,12,1,1,NA,25.76009917
1003,N,N2p,CONT,13w,NA,NA,NA,NA,NA,NA,NA,NA,NA,NA
1004,N,N3,CONT,13w,11.16278556,47.2,2,0,0,3,1,1,8.102912453,8.959944525
1005,N,N3,CONT,13w,9.456900746,46.7,2,0,0,0,0,1,7.639272706,7.680890561
1006,N,N3,CONT,13w,35.25652355,48.8,3,0,0,15,1,1,12.02876326,16.32088698
1007,N,N3,CONT,13w,21.48291742,85.6,NA,NA,NA,6,1,NA,12.29905613,15.77507932
1008,N,N3,CONT,13w,NA,NA,NA,NA,NA,NA,NA,NA,NA,NA
1009,N,N3,CONT,13w,6.97464985,39.9,1,0,0,1,1,0,6.547746005,8.693601
1010,N,N3,CONT,13w,NA,49.4,NA,NA,NA,NA,NA,NA,NA,NA
1011,N,N3,CONT,13w,128.862947,67.8,NA,NA,NA,NA,NA,NA,20.69271881,NA
1012,N,N3,CONT,13w,NA,NA,NA,NA,NA,NA,NA,NA,NA,NA
1013,N,N3,CONT,13w,81.87312469,97.5,1,0,0,NA,NA,1,20.07829142,NA
1014,N,N3,CONT,13w,10.69405993,79.4,1,0,0,0,0,1,9.502345597,10.25464435
1015,N,N3,CONT,13w,NA,NA,NA,NA,NA,NA,NA,NA,NA,NA
1016,N,N3,CONT,13w,70.73303714,136.6,1,0,0,0,0,1,21.39990477,22.45214267
1017,N,N3,CONT,13w,7.210661998,80,1,0,0,0,0,1,8.351765251,6.653069604
1018,N,N3,CONT,13w,65.46835617,174.9,3,0,0,1,1,1,22.6481432,16.44372477
1019,N,N3,CONT,13w,5.725552611,81.9,1,1,1,0,0,1,7.793705076,10.19626705
1020,N,N3,CONT,13w,4.561671073,66.4,1,0,0,0,0,1,6.735601298,10.04272403
1021,N,N3,CONT,13w,NA,NA,NA,NA,NA,NA,NA,NA,NA,NA
1022,N,N3,CONT,13w,44.68177275,130.8,2,0,0,8,1,1,18.0934343,21.82409177
1023,N,N3,CONT,13w,37.17635083,111.1,1,0,0,0,0,1,16.11353611,14.33550793
1024,N,N3,CONT,13w,28.27433388,140,1,0,0,0,0,1,15.8864871,14.43706039
1025,N,N3,CONT,13w,85.60337326,157.4,1,0,0,0,0,1,23.91261947,23.27472165
1026,N,N3,CONT,13w,5.810689772,43.5,1,0,0,0,0,1,6.340801669,4.861254293
1027,N,N3,CONT,13w,NA,NA,NA,NA,NA,NA,NA,NA,NA,NA
1028,N,N3,CONT,13w,30.48358038,133.8,2,0,0,NA,NA,NA,16.04606202,6.71954117
1029,N,N3,CONT,13w,NA,NA,NA,NA,NA,NA,NA,NA,NA,NA
1030,N,N3,CONT,13w,8.295768101,52.7,1,0,0,0,0,1,7.613486502,5.728863672
1031,N,N3,CONT,13w,NA,NA,NA,NA,NA,NA,NA,NA,NA,NA
1032,N,N3,CONT,13w,54.10607948,120.5,1,0,0,1,1,1,18.76623488,16.48151952
1033,N,N3,CONT,13w,24.36689948,NA,1,0,0,3,1,1,NA,15.38062383
1034,N,N3,CONT,13w,98.87251815,129.4,3,0,0,0,0,1,23.50283855,24.58355437
1035,N,N3,CONT,13w,35.57296047,137.4,1,0,0,0,0,1,17.04526898,19.73718784
1036,N,N3,CONT,13w,13.07405199,119.5,1,0,0,0,0,1,11.64766819,13.26554313
1037,N,N3,CONT,13w,9.786767974,96.2,1,0,0,7,1,1,9.835679235,16.76032996
1038,N,N3,CONT,13w,28.93791679,38.8,1,0,0,2,1,1,10.43130532,15.357108
1039,N,N3,CONT,13w,12.69234848,122.5,1,0,0,3,1,1,11.62888018,15.27970252
1040,N,N3,CONT,13w,24.27948466,176,1,0,0,2,1,1,16.29754701,16.70417896
1041,N,N3,CONT,13w,30.09339457,90.4,1,0,0,0,0,1,14.01684633,18.30602094
1042,N,N3,CONT,13w,11.16278556,82.6,1,0,0,0,0,1,9.767403014,12.81463527
1043,N,N3,CONT,13w,112.1568212,120,NA,NA,NA,NA,NA,NA,23.90363845,23.68909961
1044,N,N3,CONT,13w,20.99282897,98.1,1,0,0,4,1,1,12.77285889,15.42919974
1045,N,N3,CONT,13w,52.35660507,70.1,2,0,0,NA,NA,1,15.49056686,NA
1046,N,N3,CONT,13w,15.20530844,65.5,1,0,0,NA,NA,1,10.02207548,NA
1047,N,N3,CONT,13w,25.33882971,147.3,1,1,1,1,1,1,15.57773607,17.44689844
1048,N,N3,CONT,13w,109.3588403,106.6,1,0,0,3,1,1,22.78417124,22.30929094
1049,N,N3,CONT,13w,24.27948466,62.3,3,0,0,2,1,1,11.52253972,17.0813146
1050,N,N3,CONT,13w,146.1230141,119,1,0,0,3,1,1,26.03799724,30.39108148
1051,N,N3,CONT,13w,12.31629984,116.6,1,1,1,0,0,1,11.32453439,17.23266238
1052,N,N3,CONT,13w,63.33482206,92.9,1,0,0,2,1,1,18.13409512,20.16650642
1053,N,N3,CONT,13w,96.59462786,131.6,2,0,0,NA,NA,1,23.45228719,NA
1054,N,N3,CONT,13w,68.95552401,77,7,0,0,0,0,1,17.52293057,21.33691593
1055,N,N3,CONT,13w,NA,NA,NA,NA,NA,NA,NA,NA,NA,NA
1056,N,N3,LMH,13w,3.496671163,18.1,1,0,0,8,1,1,3.993677421,8.807530269
1057,N,N3,LMH,13w,8.092821215,53,1,0,0,11,1,1,7.565114529,12.08297731
1058,N,N3,LMH,13w,120.3448327,138.3,8,5,1,18,1,1,25.66014598,25.99534455
1059,N,N3,LMH,13w,25.87698453,9,NA,NA,NA,NA,NA,NA,6.169816514,15.6702592
1060,N,N3,LMH,13w,54.62884049,194.2,2,0,0,NA,NA,1,22.07829348,NA
1061,N,N3,LMH,13w,36.85284532,30,NA,NA,NA,NA,NA,NA,10.37766459,22.41116391
1062,N,N3,LMH,13w,NA,NA,NA,NA,NA,NA,NA,NA,NA,NA
1063,N,N3,LMH,13w,102.5046705,60.4,9,9,1,28,1,1,18.44511642,10.92270571
1064,N,N3,LMH,13w,NA,NA,NA,NA,NA,NA,NA,NA,NA,NA
1065,N,N3,LMH,13w,49.8891982,163.4,1,0,0,1,1,1,20.21943344,22.37975503
1066,N,N3,LMH,13w,131.103688,230,1,3,1,35,1,1,31.29127073,37.00616251
1067,N,N3,LMH,13w,NA,NA,NA,NA,NA,NA,NA,NA,NA,NA
1068,N,N3,LMH,13w,41.73927854,200,1,1,1,3,1,1,20.38041794,24.2226593
1069,N,N3,LMH,13w,11.82369811,103.9,2,2,1,0,0,1,10.74934727,11.30087602
1070,N,N3,LMH,13w,NA,NA,NA,NA,NA,NA,NA,NA,NA,NA
1071,N,N3,LMH,13w,162.182286,290.3,1,1,1,80,1,1,36.30993876,37.20802838
1072,N,N3,LMH,13w,39.70132738,153.1,2,0,0,1,1,1,18.33202687,17.7384045
1073,N,N3,LMH,13w,20.79145288,128.5,2,0,0,1,1,1,13.93249995,15.83369551
1074,N,N3,LMH,13w,19.40004149,141.8,1,0,0,11,1,1,14.0690865,17.96521275
1075,N,N3,LMH,13w,NA,NA,NA,NA,NA,NA,NA,NA,NA,NA
1076,N,N3,LMH,13w,12.13039609,NA,NA,NA,NA,NA,NA,NA,NA,10.21570933
1077,N,N3,LMH,13w,13.65721012,87.2,1,0,0,1,1,1,10.63844955,9.68132129
1078,N,N3,LMH,13w,8.50122826,126.8,1,0,0,0,0,1,10.29035083,11.25009924
1079,N,N3,LMH,13w,NA,NA,NA,NA,NA,NA,NA,NA,NA,NA
1080,N,N3,LMH,13w,NA,NA,NA,NA,NA,NA,NA,NA,NA,NA
1081,N,N3,LMH,13w,8.814130889,126.4,1,0,0,1,1,1,10.40429791,13.16782656
1082,N,N3,LMH,13w,11.76282975,121.6,1,0,0,2,1,1,11.30945445,10.49699064
1083,N,N3,LMH,13w,15.27450202,101.4,1,0,0,2,1,1,11.6139338,10.84405601
1084,N,N3,LMH,13w,12.5036173,155.4,1,0,0,3,1,1,12.52729586,13.01779592
1085,N,N3,LMH,13w,28.55778408,174.5,1,0,0,2,1,1,17.15586397,17.79060285
1086,N,N3,LMH,13w,31.3706876,45.6,1,0,0,2,1,1,11.30983258,13.46345854
1087,N,N3,LMH,13w,60.68308224,183.4,1,0,0,3,1,1,22.43407357,21.10064539
1088,N,N3,LMH,13w,8.193980499,84.3,1,0,0,0,0,1,8.869607661,10.7918241
1089,N,N3,LMH,13w,0.352565236,2.5,NA,0,0,NA,NA,NA,0.958734246,NA
1090,N,N3,LMH,13w,9.34820164,65.2,1,1,1,1,1,1,8.506693486,8.77842267
1091,N,N3,LMH,13w,1.628601632,9.4,NA,0,0,0,0,1,2.486518558,3.371426801
1092,N,N3,LMH,13w,NA,NA,NA,NA,NA,NA,NA,NA,NA,NA
1093,N,N3,LMH,13w,NA,NA,NA,NA,NA,NA,NA,NA,NA,NA
1094,N,N3,LMH,13w,NA,NA,NA,NA,NA,NA,NA,NA,NA,NA
1095,N,N3,LMH,13w,283.528737,246,1,83,1,25,1,1,41.40067382,38.76326315
1096,N,N3,LMH,13w,30.97484693,33.4,1,0,0,1,1,1,10.15015212,14.67987394
1097,N,N3,LMH,13w,47.53889419,176.1,1,57,1,NA,NA,1,20.39975198,30.83363421
1098,N,N3,LMH,13w,34.73227028,220.1,1,2,1,2,1,1,19.79031973,25.16505778
1099,N,N3,LMH,13w,45.12615104,218,1,0,0,32,1,1,21.52879857,26.04675192
1100,N,N3,LMH,13w,0.754296396,21,NA,NA,NA,NA,NA,NA,2.515005154,NA
1101,N,N3,MEGA,13w,3.63050301,61.6,1,0,0,0,0,1,6.086864274,5.739294836
1102,N,N3,MEGA,13w,65.05837833,NA,2,0,0,NA,NA,0,NA,19.70160126
1103,N,N3,MEGA,13w,15.90431281,91.7,1,0,0,3,1,1,11.38305825,12.02889158
1104,N,N3,MEGA,13w,9.511485918,79.9,1,0,0,0,0,1,9.156932301,9.359056328
1105,N,N3,MEGA,13w,NA,NA,NA,NA,NA,NA,NA,NA,NA,NA
1106,N,N3,MEGA,13w,1.266768698,19.2,1,0,0,0,0,1,2.90211056,2.98529307
1107,N,N3,MEGA,13w,31.86902274,30.4,NA,NA,NA,NA,NA,NA,9.930095341,NA
1108,N,N3,MEGA,13w,10.46346703,149,1,0,0,2,1,1,11.63946736,12.96376738
1109,N,N3,MEGA,13w,7.354154243,19.7,2,0,0,0,0,1,5.265588419,7.627350574
1110,N,N3,MEGA,13w,NA,NA,NA,NA,NA,NA,NA,NA,NA,NA
1111,N,N3,MEGA,13w,25.17303215,6.5,NA,0,0,NA,NA,NA,5.483916006,NA
1112,N,N3,MEGA,13w,1.935927933,56.8,1,0,0,0,0,1,4.802470405,8.106932886
1113,N,N3,MEGA,13w,117.728907,280,3,NA,1,NA,1,1,32.23610889,35.88766687
1114,N,N3,MEGA,13w,4.263848089,29.5,1,0,0,0,0,1,5.022926993,7.546092582
1115,N,N3,MEGA,13w,45.60367312,119,2,NA,NA,NA,1,1,17.65118891,19.57799334
1116,N,N3,MEGA,13w,NA,NA,NA,NA,NA,NA,NA,NA,NA,NA
1117,N,N3,MEGA,13w,NA,NA,NA,NA,NA,NA,NA,NA,NA,NA
1118,N,N3,MEGA,13w,28.84264799,129.7,1,2,1,0,0,1,15.58954541,13.48583258
1119,N,N3,MEGA,13w,48.56462419,153.1,3,0,0,NA,NA,1,19.60772759,21.85374122
1120,N,N3,MEGA,13w,71.53807025,188,3,0,0,NA,NA,1,23.89790854,24.79112331
1121,N,N3,MEGA,13w,2.350618163,22.4,1,0,0,0,0,1,3.755756047,4.201042786
1122,N,N3,MEGA,13w,102.7483795,135,2,2,1,2,1,1,24.14560188,27.96639326
1123,N,N3,MEGA,13w,123.7021742,224.8,3,18,1,76,1,1,30.45664327,37.61817519
1124,N,N3,MEGA,13w,13.92047559,116.3,1,1,1,23,1,1,11.78687964,21.37338589
1125,N,N3,MEGA,13w,1.286796351,8.3,NA,0,0,NA,NA,NA,2.204920019,NA
1126,N,N3,MEGA,13w,1.286796351,9.6,NA,0,0,0,0,1,2.314673794,3.03319424
1127,N,N3,MEGA,13w,NA,NA,NA,NA,NA,0,0,NA,NA,3.250920518
1128,N,N3,MEGA,13w,NA,NA,NA,NA,NA,NA,NA,NA,NA,NA
1129,N,N3,MEGA,13w,133.5815406,244.5,10,NA,1,NA,1,1,32.13674845,32.30523854
1130,N,N3,MEGA,13w,1.075131546,6.3,NA,0,0,0,0,1,1.893922931,2.270897466
1131,N,N3,MEGA,13w,11.22208312,23,1,0,0,0,0,1,6.385236324,6.791058951
1132,N,N3,MEGA,13w,13.46141036,28,2,0,0,9,1,1,7.245652506,9.849445653
1133,N,N3,MEGA,13w,25.18127884,53.2,5,1,1,2,1,1,11.06475147,12.37206818
1134,N,N3,MEGA,13w,19.59324944,57.1,3,0,0,4,1,1,10.41883236,13.15814107
1135,N,N3,MEGA,13w,13.92047559,22.6,2,0,0,0,0,1,6.821423569,9.531365741
1136,N,N3,MEGA,13w,8.870051238,33.8,3,0,0,0,0,1,6.712603672,7.940300965
1137,N,N3,MEGA,13w,20.42852039,4,3,0,0,0,0,1,4.349286597,9.782054046
1138,N,N3,MEGA,13w,13.20254313,3.4,2,0,0,0,0,1,3.560932915,9.340395161
1139,N,N3,MEGA,13w,16.25970548,8.8,NA,0,0,0,0,1,5.24376137,8.015145889
1140,N,N3,MEGA,13w,73.50926256,51.4,4,0,0,6,1,1,15.6415232,NA
1141,N,N3,MESO,13w,71.28501496,103.4,5,0,0,21,1,1,19.55088877,10.20643595
1142,N,N3,MESO,13w,14.0530508,56.1,2,0,0,0,0,1,9.269813473,9.995442391
1143,N,N3,MESO,13w,4.791635655,34.9,1,0,0,0,0,1,5.523942044,6.378868606
1144,N,N3,MESO,13w,7.953255962,44.3,2,0,0,2,1,1,7.084280726,9.82722478
1145,N,N3,MESO,13w,12.62928101,91.2,1,0,0,4,1,1,10.52048733,0.189634657
1146,N,N3,MESO,13w,5.147185404,42,1,0,0,2,1,1,6.018337733,10.01163323
1147,N,N3,MESO,13w,7.373396498,32.6,2,0,0,1,1,1,6.235275729,8.944203569
1148,N,N3,MESO,13w,9.885728143,30.7,4,0,0,2,1,1,6.7400297,11.65351674
1149,N,N3,MESO,13w,18.34760796,57,5,0,0,7,1,1,10.18688016,12.19443917
1150,N,N3,MESO,13w,16.13082164,35.4,3,0,0,6,1,1,8.323530015,14.11456788
1151,N,N3,MESO,13w,62.77184865,194.5,1,1,1,73,1,1,23.13847459,24.11514834
1152,N,N3,MESO,13w,1.246898124,25.6,1,0,0,NA,NA,NA,3.17784183,NA
1153,N,N3,MESO,13w,6.424242817,89.2,1,0,0,4,1,1,8.333306471,8.705845034
1154,N,N3,MESO,13w,5.147185404,64.6,1,1,1,0,0,1,6.948653915,9.636107704
1155,N,N3,MESO,13w,7.694467267,56.3,1,0,0,1,1,1,7.590227178,13.78730202
1156,N,N3,MESO,13w,21.81278465,145.6,1,1,1,2,1,1,14.76032525,19.76112436
1157,N,N3,MESO,13w,60.2695701,166.5,5,0,0,4,1,1,21.67205479,22.77461931
1158,N,N3,MESO,13w,80.20171885,244.3,2,NA,1,NA,NA,1,27.09660117,29.10598795
1159,N,N3,MESO,13w,28.4631436,NA,1,0,0,5,1,1,NA,16.99558562
1160,N,N3,MESO,13w,48.54263305,103.9,2,1,1,15,1,1,17.22482947,25.30690904
1161,N,N3,MESO,13w,117.474281,NA,2,NA,1,NA,NA,1,NA,NA
1162,N,N3,MESO,13w,10.1787602,126.4,1,0,0,2,1,1,10.91650118,15.70920439
1163,N,N3,MESO,13w,73.74582449,318.5,1,NA,NA,NA,NA,1,28.78736957,32.02083962
1164,N,N3,MESO,13w,29.51282825,140.6,1,13,1,5,1,1,16.13851884,19.73023508
1165,N,N3,MESO,13w,77.60016598,214.1,2,NA,NA,NA,NA,1,25.64495584,25.7212472
1166,N,N3,MESO,13w,21.97866074,212,1,NA,NA,NA,NA,1,16.77528604,20.49626723
1167,N,N3,MESO,13w,61.51434765,301,1,NA,1,NA,NA,1,26.58973948,24.47220936
1168,N,N3,MESO,13w,40.37645564,197,1,0,0,83,1,1,20.05435812,23.55079326
1169,N,N3,MESO,13w,103.6883441,196.6,1,2,1,51,1,1,27.45738194,38.06064925
1170,S,S1,CONT,13w,25.87698453,160,1,4,1,0,0,1,16.12658252,14.26640552
1171,S,S1,CONT,13w,3.664353671,26.2,1,0,0,NA,NA,NA,4.589739467,NA
1172,S,S1,CONT,13w,8.400697296,46.3,NA,NA,NA,NA,NA,NA,7.322068388,NA
1173,S,S1,CONT,13w,37.93669479,126.5,2,1,1,0,0,1,16.94133052,17.74089367
1174,S,S1,CONT,13w,NA,NA,NA,NA,NA,NA,NA,NA,NA,NA
1175,S,S1,CONT,13w,9.621127502,47.2,1,0,0,0,0,1,7.710673925,8.468975755
1176,S,S1,CONT,13w,8.193980499,116.2,1,0,0,0,0,1,9.872696183,11.2907939
1177,S,S1,CONT,13w,35.99707548,129.5,NA,NA,NA,NA,NA,NA,16.77786405,NA
1178,S,S1,CONT,13w,28.04656841,86.2,3,0,0,0,0,1,13.47533867,16.43704986
1179,S,S1,CONT,13w,37.82760298,61.9,1,0,0,0,0,1,13.33224712,15.81476663
1180,S,S1,CONT,13w,32.47220853,52.6,1,0,0,0,0,1,11.99956314,11.53771487
1181,S,S1,CONT,13w,18.55079046,52.5,1,0,0,0,0,1,9.947510153,10.83986814
1182,S,S1,CONT,13w,NA,NA,NA,NA,NA,NA,NA,NA,NA,NA
1183,S,S1,CONT,13w,7.1157859,84.3,1,0,0,0,0,1,8.461528238,9.270936637
1184,S,S1,CONT,13w,9.132688384,108.5,1,1,1,0,0,1,10.005078,15.09776968
1185,S,S1,CONT,13w,5.939573611,80,1,0,0,0,0,1,7.828193939,11.07392532
1186,S,S1,CONT,13w,40.03928421,143.6,1,1,1,0,0,1,17.99498757,14.26156489
1187,S,S1,CONT,13w,7.793113276,48.9,1,0,0,0,0,1,7.272276436,7.991127659
1188,S,S1,CONT,13w,2.164243179,12,1,0,0,NA,NA,NA,2.966367053,NA
1189,S,S1,CONT,13w,8.143322317,59.4,1,0,0,0,0,1,7.874926437,12.79484011
1190,S,S1,CONT,13w,12.00724566,39,3,0,0,0,0,1,7.790151293,7.708253857
1191,S,S1,CONT,13w,15.97507718,25.4,1,0,0,NA,NA,NA,7.42625812,NA
1192,S,S1,CONT,13w,6.514406526,38.3,1,0,0,0,0,1,6.313354197,6.948639887
1193,S,S1,CONT,13w,26.14818251,114.6,3,1,1,0,0,1,14.47662951,15.01336499
1194,S,S1,CONT,13w,NA,NA,NA,NA,NA,0,0,1,NA,4.727605801
1195,S,S1,CONT,13w,21.23716634,203,3,0,0,0,0,1,16.34573223,16.65861715
1196,S,S1,CONT,13w,3.204738666,45.7,1,0,0,NA,NA,1,5.284687252,NA
1197,S,S1,CONT,13w,11.92202996,105.9,3,0,0,0,0,1,10.84794094,12.49555443
1198,S,S1,CONT,13w,68.07524975,59.8,2,1,1,0,0,1,16.03580689,16.14759283
1199,S,S1,CONT,13w,23.24275909,149.5,1,1,1,0,0,1,15.21019757,16.4776705
1200,S,S1,CONT,13w,26.32976657,163,1,4,1,8,1,1,16.32114813,7.245229084
1201,S,S1,CONT,13w,9.953822164,83.5,1,1,1,0,0,1,9.434751085,9.469467356
1202,S,S1,LMH,13w,132.9365717,233.4,1,5,1,22,1,1,31.59103008,35.784768
1203,S,S1,LMH,13w,92.11848665,234.2,1,23,1,23,1,1,27.98198762,31.30479263
1204,S,S1,LMH,13w,131.5098959,319.3,1,NA,NA,NA,1,1,34.94906282,37.37730906
1205,S,S1,LMH,13w,114.6103266,338.5,1,0,0,NA,1,1,34.03764508,30.9698232
1206,S,S1,LMH,13w,NA,339,1,0,0,NA,1,1,NA,NA
1207,S,S1,LMH,13w,198.3068316,270.3,1,24,1,NA,1,1,37.91685523,44.48572314
1208,S,S1,LMH,13w,176.7145868,255.3,1,12,1,NA,1,1,35.79647151,32.34384926
1209,S,S1,LMH,13w,41.39645224,344.5,1,NA,NA,NA,1,1,24.37018223,24.66792608
1210,S,S1,LMH,13w,480.8654448,445,7,NA,NA,NA,1,1,60.19246958,58.21195686
1211,S,S1,LMH,13w,419.747252,NA,3,NA,NA,NA,NA,1,NA,50.53054299
1212,S,S1,LMH,13w,152.1837747,450,1,NA,NA,NA,NA,1,41.14839208,NA
1213,S,S1,LMH,13w,149.1380006,450,1,NA,NA,NA,NA,1,40.87160241,41.51160198
1214,S,S1,LMH,13w,131.7132355,450,1,NA,NA,NA,NA,1,39.21096689,41.15883169
1215,S,S1,LMH,13w,248.2866648,450,1,NA,NA,NA,NA,1,48.4533859,49.28683743
1216,S,S1,LMH,13w,125.0859673,430,1,NA,NA,NA,1,1,37.96040658,38.91844944
1217,S,S1,LMH,13w,658.2441642,450,1,NA,NA,NA,1,1,67.09450259,69.76739379
1218,S,S1,LMH,13w,499.9474786,440,1,NA,NA,NA,NA,1,60.74998433,NA
1219,S,S1,LMH,13w,321.7443267,460,1,NA,NA,NA,NA,1,53.22161034,52.20822821
1220,S,S1,LMH,13w,30.48358038,134.8,1,1,1,0,0,1,16.08599983,17.79207094
1221,S,S1,LMH,13w,62.07166619,163,0,0,0,NA,NA,0,21.73158928,NA
1222,S,S1,LMH,13w,98.1688014,143.8,1,3,1,NA,NA,0,24.28752013,19.40918891
1223,S,S1,LMH,13w,NA,NA,NA,NA,NA,NA,NA,NA,NA,NA
1224,S,S1,LMH,13w,NA,NA,NA,NA,NA,NA,NA,NA,NA,NA
1225,S,S1,LMH,13w,509.5042034,189.5,7,10,1,78,1,1,46.14823951,50.22803187
1226,S,S1,LMH,13w,102.428801,151.5,1,1,1,50,1,1,25.06716057,29.06567453
1227,S,S1,LMH,13w,182.5555144,292,3,NA,NA,NA,1,1,37.84679423,44.83570412
1228,S,S1,LMH,13w,44.65114223,134,1,0,0,5,1,1,18.23584991,19.90482402
1229,S,S1,LMH,13w,NA,NA,NA,NA,NA,NA,NA,NA,NA,NA
1230,S,S1,LMH,13w,46.20411001,144.6,1,0,0,4,1,1,18.92000366,20.6247333
1231,S,S1,LMH,13w,156.8101626,110.6,4,0,0,18,1,1,26.01526419,29.64264554
1232,S,S1,LMH,13w,172.4988836,135.5,2,0,0,NA,NA,0,28.74046522,23.99902125
1233,S,S1,LMH,13w,87.25113861,170.8,1,0,0,8,1,1,24.73076206,27.43268594
1234,S,S1,LMH,13w,NA,NA,NA,NA,NA,0,0,NA,NA,1.485122331
1235,S,S1,LMH,13w,NA,NA,NA,NA,NA,0,0,NA,NA,15.78343524
1236,S,S1,LMH,13w,NA,NA,NA,NA,NA,0,0,NA,NA,1.019826549
1237,S,S1,LMH,13w,NA,NA,NA,NA,NA,0,0,NA,NA,5.33303849
1238,S,S1,LMH,13w,540.7761665,152.6,NA,NA,NA,NA,NA,NA,43.7916882,NA
1239,S,S1,LMH,13w,465.4435235,219.4,NA,NA,NA,NA,NA,NA,47.02006562,NA
1240,S,S1,LMH,13w,264.7495527,230.5,1,1,1,0,0,1,39.5945572,55.33022984
1241,S,S1,MEGA,13w,66.62069235,283,1,NA,NA,NA,NA,1,26.75073277,29.80997263
1242,S,S1,MEGA,13w,74.50883881,281,2,4,1,NA,NA,1,27.70333108,28.71363698
1243,S,S1,MEGA,13w,139.9756242,270.8,2,NA,NA,0,0,1,33.77488343,33.01435565
1244,S,S1,MEGA,13w,213.0478127,244,2,3,1,0,0,1,37.53068642,42.0652762
1245,S,S1,MEGA,13w,20.99282897,143.2,1,1,1,0,0,1,14.49208242,13.94755571
1246,S,S1,MEGA,13w,40.60202199,89.6,NA,NA,NA,NA,NA,NA,15.44498152,NA
1247,S,S1,MEGA,13w,34.94150035,197,1,1,1,NA,NA,NA,19.10942065,NA
1248,S,S1,MEGA,13w,58.76545408,396,1,NA,NA,NA,NA,1,28.69833557,26.29502336
1249,S,S1,MEGA,13w,60.4072504,252,1,0,0,0,0,1,24.90686902,23.45942801
1250,S,S1,MEGA,13w,48.76882772,322.2,2,NA,NA,NA,NA,1,25.17207326,25.58139759
1251,S,S1,MEGA,13w,6.379396582,91,2,0,0,0,0,1,8.369477037,9.230597994
1252,S,S1,MEGA,13w,NA,NA,NA,NA,NA,0,0,NA,NA,2.491116403
1253,S,S1,MEGA,13w,1.474113813,10.4,0,0,0,0,0,1,2.487707052,3.55700589
1254,S,S1,MEGA,13w,17.12867001,72.4,2,0,0,0,0,1,10.78322448,7.965480402
1255,S,S1,MEGA,13w,NA,NA,NA,NA,NA,NA,NA,NA,NA,NA
1256,S,S1,MEGA,13w,57.41456924,81.8,6,2,1,0,0,1,16.81968337,15.5466085
1257,S,S1,MEGA,13w,NA,NA,NA,NA,NA,0,0,NA,NA,4.908218468
1258,S,S1,MEGA,13w,117.7372323,168.6,2,8,1,0,0,1,27.2148423,25.85513288
1259,S,S1,MEGA,13w,NA,NA,NA,NA,NA,NA,NA,NA,NA,NA
1260,S,S1,MEGA,13w,NA,NA,NA,NA,NA,NA,NA,NA,NA,NA
1261,S,S1,MEGA,13w,NA,NA,NA,NA,NA,NA,NA,NA,NA,NA
1262,S,S1,MEGA,13w,6.559724001,79.9,1,0,0,NA,NA,NA,8.08870926,NA
1263,S,S1,MEGA,13w,0.693977817,10.2,0,0,0,0,0,1,1.92199995,3.026429513
1264,S,S1,MEGA,13w,40.9582786,38.7,NA,NA,NA,NA,NA,NA,11.70398457,NA
1265,S,S1,MEGA,13w,53.30473773,38.6,NA,NA,NA,NA,NA,NA,12.769061,NA
1266,S,S1,MEGA,13w,68.66398421,30.5,NA,NA,NA,NA,NA,NA,12.84462687,NA
1267,S,S1,MEGA,13w,34.41960327,41,2,2,1,0,0,1,11.25866113,11.49922641
1268,S,S1,MEGA,13w,91.78139376,59.6,2,0,0,0,0,1,17.69811927,15.3936697
1269,S,S1,MEGA,13w,86.15707897,62.8,5,0,0,NA,NA,NA,17.6336102,NA
1270,S,S1,MEGA,13w,92.62954523,67.3,3,0,0,0,0,1,18.4874753,10.23071745
1271,S,S1,MESO,13w,NA,NA,NA,NA,NA,0,0,NA,NA,NA
1272,S,S1,MESO,13w,46.8084739,299.2,1,0,0,NA,NA,1,24.22326216,27.22855037
1273,S,S1,MESO,13w,NA,NA,NA,NA,NA,NA,NA,NA,NA,NA
1274,S,S1,MESO,13w,NA,NA,NA,NA,NA,NA,NA,NA,NA,NA
1275,S,S1,MESO,13w,48.39819832,188.5,1,0,0,4,1,1,20.99366053,24.43741387
1276,S,S1,MESO,13w,65.325021,294.3,1,0,0,NA,NA,1,26.92556336,30.40500041
1277,S,S1,MESO,13w,46.8084739,185.7,1,1,1,5,1,1,20.6574141,26.83150862
1278,S,S1,MESO,13w,57.41456924,152.7,1,1,1,17,1,1,20.71664685,24.5824355
1279,S,S1,MESO,13w,96.42050509,297.6,1,3,1,NA,NA,1,30.77740208,26.41488857
1280,S,S1,MESO,13w,43.82592438,247.4,1,0,0,6,1,1,22.23942574,20.67226426
1281,S,S1,MESO,13w,97.11793866,317.3,1,0,0,NA,NA,1,31.51884688,32.87249496
1282,S,S1,MESO,13w,73.44171832,265.3,1,0,0,NA,NA,NA,27.04609361,NA
1283,S,S1,MESO,13w,62.49130443,171.3,1,0,0,0,0,1,22.14468109,21.54215913
1284,S,S1,MESO,13w,61.23663086,246.6,1,0,0,2,1,1,24.84022876,24.41911808
1285,S,S1,MESO,13w,148.4893403,309.2,1,0,0,NA,NA,1,36.00653468,29.39105382
1286,S,S1,MESO,13w,35.25652355,317.5,1,0,0,NA,NA,1,22.4775094,20.4181028
1287,S,S1,MESO,13w,61.23663086,146.6,1,0,0,NA,NA,NA,20.88107248,NA
1288,S,S1,MESO,13w,62.91235638,307.4,1,16,1,7,1,1,26.97880994,27.76978364
1289,S,S1,MESO,13w,90.08838947,195.6,1,0,0,15,1,1,26.15378697,32.05019143
1290,S,S1,MESO,13w,270.2574715,105.2,1,0,0,5,1,1,30.68270174,34.57362101
1291,S,S1,MESO,13w,124.4919706,346.7,1,12,1,NA,NA,1,35.27125923,35.0156282
1292,S,S1,MESO,13w,21.56514861,233.3,1,0,0,NA,NA,1,17.21064516,20.09994632
1293,S,S1,MESO,13w,115.7516672,367.4,1,5,1,NA,NA,1,35.09738224,35.97109619
1294,S,S1,MESO,13w,13.7885287,16.1,1,0,0,0,0,1,6.071892349,7.479942267
1295,S,S1,MESO,13w,6.514406526,81.2,1,1,1,0,0,1,8.113610088,12.33000015
1296,S,S1p,CONT,13w,6.92791866,81.6,1,0,0,0,0,1,8.295636138,9.685816828
1297,S,S1p,CONT,13w,16.69136031,97.5,NA,0,0,NA,NA,1,11.80739798,NA
1298,S,S1p,CONT,13w,5.68321965,58.5,1,0,0,NA,NA,1,6.94837604,NA
1299,S,S1p,CONT,13w,7.992290251,32.6,0,1,1,0,0,1,6.40533123,6.108245171
1300,S,S1p,CONT,13w,6.469246132,79.1,1,0,0,0,0,1,8.02428726,8.923391119
1301,S,S1p,CONT,13w,26.51197894,32.1,1,0,0,0,0,1,9.509536498,10.92320069
1302,S,S1p,CONT,13w,9.786767974,11.9,1,0,0,0,0,1,4.895463325,6.893296839
1303,S,S1p,CONT,13w,13.01004204,47.4,2,0,0,0,0,1,8.539986718,8.937759635
1304,S,S1p,CONT,13w,1.767145868,26.9,1,0,0,0,0,1,3.629716259,4.764943436
1305,S,S1p,CONT,13w,0.138544236,6.8,NA,0,0,NA,NA,1,0.980285186,NA
1306,S,S1p,CONT,13w,NA,NA,NA,NA,NA,NA,NA,NA,NA,NA
1307,S,S1p,CONT,13w,10.52087964,86.5,1,0,0,0,0,1,9.724815134,8.609396617
1308,S,S1p,CONT,13w,40.03928421,177.6,2,1,1,3,1,1,19.31799117,21.00550821
1309,S,S1p,CONT,13w,NA,NA,NA,NA,NA,NA,NA,1,NA,NA
1310,S,S1p,CONT,13w,9.46349809,20,2,0,0,10,1,1,5.757063122,12.83626079
1311,S,S1p,CONT,13w,47.17297719,202.5,1,0,0,0,0,1,21.31855297,23.04864592
1312,S,S1p,CONT,13w,51.27581865,90.2,1,0,0,0,0,1,16.73384057,19.84149193
1313,S,S1p,CONT,13w,NA,NA,NA,NA,NA,NA,NA,NA,NA,NA
1314,S,S1p,CONT,13w,8.042477193,32.2,1,0,0,1,1,1,6.392329959,12.35606867
1315,S,S1p,CONT,13w,NA,NA,NA,NA,NA,NA,NA,NA,NA,NA
1316,S,S1p,CONT,13w,28.08615248,23.2,1,0,0,0,0,1,8.698491119,14.24691972
1317,S,S1p,CONT,13w,NA,NA,NA,NA,NA,NA,NA,NA,NA,NA
1318,S,S1p,CONT,13w,11.70211848,87.6,1,0,0,0,0,1,10.11909057,8.024559484
1319,S,S1p,CONT,13w,31.3706876,75.1,1,0,0,NA,NA,0,13.35958281,10.37339034
1320,S,S1p,CONT,13w,15.55284713,83.4,1,1,1,0,0,1,10.94619767,8.896518794
1321,S,S1p,CONT,13w,32.67452709,142.3,1,0,0,0,0,1,16.7633894,19.37044042
1322,S,S1p,CONT,13w,30.87627946,136.2,1,0,0,0,0,1,16.21070762,15.42088351
1323,S,S1p,CONT,13w,4.948086969,37.1,1,0,0,0,0,1,5.698632674,9.076567389
1324,S,S1p,CONT,13w,13.52651987,152.9,1,0,0,1,1,1,12.79107164,11.44494775
1325,S,S1p,CONT,13w,NA,NA,NA,NA,NA,0,0,NA,NA,9.91596153
1326,S,S1p,CONT,13w,NA,NA,NA,NA,NA,0,0,NA,NA,12.45612075
1327,S,S1p,CONT,13w,NA,NA,NA,NA,NA,0,0,NA,NA,3.77915158
1328,S,S1p,CONT,13w,NA,NA,NA,NA,NA,5,1,NA,NA,5.395712456
1329,S,S1p,CONT,13w,11.40091828,86.4,1,0,0,0,0,1,9.985294632,6.886743106
1330,S,S1p,CONT,13w,0.899202357,7.6,NA,0,0,0,0,1,1.899563961,3.034436417
1331,S,S2,CONT,13w,4.987592497,51.8,1,0,0,0,0,1,6.387295278,6.064671169
1332,S,S2,CONT,13w,53.97578192,43.5,2,0,0,0,0,1,13.34443561,11.82123921
1333,S,S2,CONT,13w,25.60720026,131.5,3,0,0,0,0,1,15.05153581,17.38919219
1334,S,S2,CONT,13w,128.6796351,104.1,4,1,1,6,1,1,23.86606545,24.67481329
1335,S,S2,CONT,13w,52.91902869,323.7,2,NA,NA,12,1,1,25.90799953,27.12852652
1336,S,S2,CONT,13w,93.46191021,233,4,NA,NA,8,1,1,28.06938825,30.25533064
1337,S,S2,CONT,13w,118.897501,225,2,7,1,17,1,1,30.06541727,29.11952454
1338,S,S2,CONT,13w,NA,NA,NA,NA,NA,NA,NA,NA,NA,NA
1339,S,S2,CONT,13w,NA,NA,NA,NA,NA,NA,NA,NA,NA,NA
1340,S,S2,CONT,13w,9.132688384,71.4,1,0,0,1,1,1,8.700608488,9.658621864
1341,S,S2,CONT,13w,2.243175694,37.4,1,0,0,NA,NA,NA,4.38769656,NA
1342,S,S2,CONT,13w,NA,NA,NA,NA,NA,NA,NA,NA,NA,NA
1343,S,S2,CONT,13w,NA,NA,NA,NA,NA,NA,NA,NA,NA,NA
1344,S,S2,CONT,13w,7.596449576,19.3,1,0,0,0,0,1,5.286552833,5.76435923
1345,S,S2,CONT,13w,2.925529619,78,1,0,0,0,0,1,6.127951583,7.009234837
1346,S,S2,CONT,13w,NA,NA,NA,NA,NA,NA,NA,NA,NA,NA
1347,S,S2,CONT,13w,2.269800692,23.8,1,0,0,0,0,1,3.788040728,8.824451426
1348,S,S2,CONT,13w,28.3686602,43,3,0,0,0,0,1,10.72407845,10.16880701
1349,S,S2,CONT,13w,13.92047559,87.2,2,0,0,1,1,1,10.70647827,18.59511266
1350,S,S2,CONT,13w,6.6966189,78.6,1,0,0,1,1,1,8.100194334,7.685172706
1351,S,S2,CONT,13w,NA,NA,NA,NA,NA,0,0,1,NA,4.840701122
1352,S,S2,CONT,13w,52.70492915,127.3,2,0,0,3,1,1,18.9466488,16.73800082
1353,S,S2,CONT,13w,NA,NA,NA,NA,NA,0,0,1,NA,4.931569048
1354,S,S2,CONT,13w,27.9922974,203.7,NA,NA,NA,0,0,NA,17.94510342,19.75819581
1355,S,S2,CONT,13w,49.51432765,71.8,3,0,0,1,1,1,15.32670474,13.25715207
1356,S,S2,CONT,13w,33.1830724,176.2,1,2,1,0,0,1,18.09599868,18.25522649
1357,S,S2,CONT,13w,20.58874161,112.8,1,0,0,2,1,1,13.29580581,16.30103275
1358,S,S2,CONT,13w,40.90502861,87.1,4,2,1,0,0,1,15.3377781,14.7773123
1359,S,S2,CONT,13w,NA,NA,NA,NA,NA,NA,NA,NA,NA,NA
1360,S,S2,CONT,13w,NA,NA,NA,NA,NA,NA,NA,NA,NA,NA
1361,S,S2,CONT,13w,2.29658277,22.9,1,0,0,0,0,1,3.754276634,4.67817234
1362,S,S2,CONT,13w,NA,NA,NA,NA,NA,NA,NA,NA,NA,NA
1363,S,S2,CONT,13w,4.523893421,51,1,0,0,0,0,1,6.150526168,9.285947619
1364,S,S2,CONT,13w,29.86633596,155,2,0,0,3,1,1,16.73891606,14.63648057
1365,S,S2,CONT,13w,15.97507718,88.4,NA,NA,NA,0,0,NA,11.26130556,8.982114642
1366,S,S2,CONT,13w,57.02972414,97.6,5,0,0,3,1,1,17.80113674,17.81566561
1367,S,S2,CONT,13w,25.42812948,93.9,1,1,1,0,0,1,13.41944552,13.45537168
1368,S,S2,CONT,13w,13.13821902,107.3,1,3,1,0,0,1,11.25473692,11.98545963
1369,S,S2,CONT,13w,NA,NA,NA,NA,NA,0,0,1,NA,16.19360226
1370,S,S2,LMH,13w,NA,NA,NA,NA,NA,NA,NA,NA,NA,NA
1371,S,S2,LMH,13w,NA,NA,NA,NA,NA,NA,NA,NA,NA,NA
1372,S,S2,LMH,13w,170.166251,158.1,3,0,0,17,1,1,30.12209569,32.58278763
1373,S,S2,LMH,13w,0.430084034,5.1,NA,0,0,NA,NA,NA,1.299821362,NA
1374,S,S2,LMH,13w,310.2085555,208.5,3,0,0,9,1,1,40.37071085,38.36952967
1375,S,S2,LMH,13w,114.8001573,196.3,1,1,1,32,1,1,28.39213273,26.53072753
1376,S,S2,LMH,13w,544.4921208,257.5,1,2,1,71,1,1,52.26880833,52.93263957
1377,S,S2,LMH,13w,214.4480205,310.5,2,4,1,76,1,1,40.76438008,40.12415362
1378,S,S2,LMH,13w,NA,NA,NA,NA,NA,NA,NA,NA,NA,NA
1379,S,S2,LMH,13w,105.1372466,219.3,1,2,1,21,1,1,28.60974273,27.25147214
1380,S,S3,LMH,13w,NA,NA,NA,NA,NA,NA,NA,NA,NA,NA
1381,S,S2,LMH,13w,70.2108259,108.6,2,5,1,0,0,0,19.77329889,21.73159924
1382,S,S2,LMH,13w,51.5299735,127.3,1,1,1,10,1,1,18.80457777,26.63741727
1383,S,S2,LMH,13w,NA,NA,NA,NA,NA,NA,NA,NA,NA,NA
1384,S,S2,LMH,13w,44.53278272,133.2,1,0,0,7,1,1,18.18331114,19.2128597
1385,S,S2,LMH,13w,93.14201753,151.7,1,5,1,8,1,1,24.29496782,26.97041731
1386,S,S2,LMH,13w,13.26702432,NA,1,1,1,2,1,1,NA,15.67909542
1387,S,S2,LMH,13w,114.0417768,131.6,6,10,1,13,1,1,24.78902099,25.2844044
1388,S,S2,LMH,13w,NA,NA,NA,NA,NA,NA,NA,NA,NA,NA
1389,S,S2,LMH,13w,71.03148844,145.5,1,2,1,5,1,1,21.88637727,26.68394571
1390,S,S2,LMH,13w,241.0782804,273,3,NA,1,25,1,1,40.60603592,45.51218909
1391,S,S2,LMH,13w,91.26986393,150,3,3,1,5,1,1,24.04021828,25.62352907
1392,S,S2,LMH,13w,144.4619756,134.8,5,1,1,20,1,1,27.04117419,29.75447765
1393,S,S2,LMH,13w,130.1191914,137.5,4,2,1,24,1,1,26.28694486,27.38135359
1394,S,S2,LMH,13w,35.36184545,129.8,3,1,1,13,1,1,16.69132239,19.30989577
1395,S,S2,LMH,13w,142.9872334,262.1,4,NA,NA,20,1,1,33.64695116,32.71100988
1396,S,S2,LMH,13w,7.450601137,32.3,1,0,0,0,0,1,6.237714234,8.067590751
1397,S,S2,LMH,13w,5.768042652,30,1,0,0,0,0,1,5.587320673,7.69477756
1398,S,S2,LMH,13w,6.334707427,12.9,1,0,0,NA,NA,1,4.349351352,NA
1399,S,S2,LMH,13w,61.71218945,146.5,4,2,1,0,0,1,20.93030162,22.41322543
1400,S,S2,LMH,13w,NA,NA,NA,NA,NA,NA,NA,NA,NA,NA
1401,S,S2,LMH,13w,10.29217169,80.8,1,2,1,0,0,1,9.436506607,13.64000176
1402,S,S2,LMH,13w,3.017185585,27.6,1,0,0,0,0,1,4.376836547,6.607658689
1403,S,S2,LMH,13w,1.495712262,19.2,1,0,0,0,0,1,3.067618783,4.487352965
1404,S,S2,LMH,13w,63.14452008,281,NA,NA,1,6,1,1,26.21425794,24.79657959
1405,S,S2,LMH,13w,40.74959831,NA,3,2,1,0,0,1,NA,20.26286626
1406,S,S2,LMH,13w,22.31229788,171,2,2,1,0,0,1,15.69253001,16.2760687
1407,S,S2,LMH,13w,16.09265129,119,2,1,1,0,0,1,12.46665781,18.94333562
1408,S,S2,LMH,13w,133.6073017,355,3,NA,NA,0,0,1,36.39959357,39.06932858
1409,S,S2,LMH,13w,1.306981084,9.9,NA,0,0,0,0,1,2.35075832,4.205726254
1410,S,S2,LMH,13w,25.87698453,282,1,NA,NA,0,0,1,19.4855315,31.66179241
1411,S,S2,MEGA,13w,70.13801949,283.2,1,0,0,NA,1,1,27.22060346,29.32681564
1412,S,S2,MEGA,13w,NA,NA,NA,NA,NA,0,0,NA,NA,0.967145286
1413,S,S2,MEGA,13w,NA,NA,NA,NA,NA,0,0,NA,NA,1.51173303
1414,S,S2,MEGA,13w,NA,NA,NA,NA,NA,0,0,NA,NA,1.401562104
1415,S,S2,MEGA,13w,NA,NA,NA,NA,NA,0,0,NA,NA,1.469564263
1416,S,S2,MEGA,13w,NA,NA,NA,NA,NA,NA,NA,NA,NA,NA
1417,S,S2,MEGA,13w,NA,NA,NA,NA,NA,NA,NA,NA,NA,NA
1418,S,S2,MEGA,13w,NA,NA,NA,NA,NA,NA,NA,NA,NA,NA
1419,S,S2,MEGA,13w,6.424242817,67.2,1,0,0,0,0,1,7.581505019,7.529488789
1420,S,S2,MEGA,13w,NA,NA,NA,NA,NA,NA,NA,NA,NA,NA
1421,S,S2,MEGA,13w,NA,NA,NA,NA,NA,NA,NA,NA,NA,NA
1422,S,S2,MEGA,13w,NA,NA,NA,NA,NA,NA,NA,NA,NA,NA
1423,S,S2,MEGA,13w,NA,NA,NA,NA,NA,NA,NA,NA,NA,NA
1424,S,S2,MEGA,13w,131.103688,400,1,NA,NA,NA,1,1,37.64070957,37.01563981
1425,S,S2,MEGA,13w,NA,NA,NA,NA,NA,NA,NA,NA,NA,NA
1426,S,S2,MEGA,13w,18.8574099,58.5,1,0,0,0,0,1,10.37005391,10.81892386
1427,S,S2,MEGA,13w,174.8346577,400,1,NA,NA,NA,1,1,41.43745886,42.3962491
1428,S,S2,MEGA,13w,2.405281875,31.4,1,0,0,0,0,1,4.23642938,4.230359233
1429,S,S2,MEGA,13w,NA,NA,NA,NA,NA,NA,NA,NA,NA,NA
1430,S,S2,MEGA,13w,NA,NA,NA,NA,NA,NA,NA,NA,NA,NA
1431,S,S2,MEGA,13w,NA,NA,NA,NA,NA,NA,NA,NA,NA,NA
1432,S,S2,MEGA,13w,NA,NA,NA,NA,NA,NA,NA,NA,NA,NA
1433,S,S2,MEGA,13w,NA,NA,NA,NA,NA,NA,NA,NA,NA,NA
1434,S,S2,MEGA,13w,NA,NA,NA,NA,NA,NA,NA,NA,NA,NA
1435,S,S2,MEGA,13w,21.89564416,400,1,NA,NA,NA,NA,1,20.70958634,NA
1436,S,S2,MEGA,13w,15.48302523,96.4,1,0,0,0,0,1,11.4713274,10.94597146
1437,S,S2,MEGA,13w,16.69136031,36,1,0,0,0,0,1,8.466367581,NA
1438,S,S2,MEGA,13w,23.49981991,26.2,1,0,0,NA,NA,0,8.535450215,8.846261015
1439,S,S2,MEGA,13w,12.13039609,40.9,1,0,0,0,0,1,7.941860501,11.40522188
1440,S,S2,MEGA,13w,22.39609987,400,1,NA,NA,NA,1,1,20.86642457,18.52605046
1441,S,S2,MEGA,13w,34.62789086,20.1,1,0,0,0,0,1,8.892133538,7.032211691
1442,S,S2,MEGA,13w,25.96722678,14.3,1,0,0,0,0,1,7.209610943,9.857748752
1443,S,S2,MEGA,13w,64.46830869,400,1,NA,NA,NA,1,1,29.69905899,30.8266182
1444,S,S2,MEGA,13w,13.59178646,74.7,1,0,0,0,0,1,10.08669407,11.11873983
1445,S,S2,MEGA,13w,33.08104918,400,1,NA,NA,NA,NA,1,23.76863946,33.60142311
1446,S,S2,MEGA,13w,14.93010493,40.6,1,0,0,0,0,1,8.491100145,9.69163737
1447,S,S2,MEGA,13w,5.027255104,52.1,1,0,0,0,0,1,6.416566521,7.037650212
1448,S,S2,MEGA,13w,NA,NA,NA,NA,NA,NA,NA,NA,NA,NA
1449,S,S2,MEGA,13w,14.72535163,49.1,1,0,0,0,0,1,9.005811458,8.759075206
1450,S,S2,MEGA,13w,NA,NA,NA,NA,NA,NA,NA,NA,NA,NA
1451,S,S2,MEGA,13w,20.34817416,40.1,1,0,0,0,0,1,9.376860931,9.444971766
1452,S,S2,MEGA,13w,10.06597702,32.1,1,0,0,0,0,1,6.882514699,6.376828543
1453,S,S2,MEGA,13w,NA,NA,NA,NA,NA,0,0,1,NA,9.180174158
1454,S,S2,MESO,13w,8.042477193,109.3,1,0,0,1,1,1,9.612895156,10.8435209
1455,S,S2,MESO,13w,30.28817331,191.5,1,1,1,3,1,1,18.04764538,17.98630882
1456,S,S2,MESO,13w,41.62484602,194.3,1,0,0,0,0,1,20.1661426,20.97099903
1457,S,S2,MESO,13w,25.87698453,128.6,1,0,0,1,1,1,14.99225976,15.44975227
1458,S,S2,MESO,13w,44.76965881,131.3,1,0,0,3,1,1,18.12838401,21.88656137
1459,S,S2,MESO,13w,26.7864756,107.3,1,0,0,0,0,1,14.27648133,14.91994978
1460,S,S2,MESO,13w,9.240130853,56.5,1,0,0,0,0,1,8.078109836,9.813503306
1461,S,S2,MESO,13w,NA,NA,NA,NA,NA,0,0,NA,NA,1.774603289
1462,S,S2,MESO,13w,NA,NA,NA,NA,NA,0,0,NA,NA,5.553766971
1463,S,S2,MESO,13w,12.31629984,48.4,1,0,0,0,0,1,8.4438231,7.596774902
1464,S,S2,MESO,13w,NA,NA,NA,NA,NA,NA,NA,NA,NA,NA
1465,S,S2,MESO,13w,NA,NA,NA,NA,NA,NA,NA,NA,NA,NA
1466,S,S2,MESO,13w,26.87828865,55.2,1,0,0,0,0,1,11.44849198,11.687673
1467,S,S2,MESO,13w,9.953822164,23.7,1,0,0,0,0,1,6.196348113,7.183779808
1468,S,S2,MESO,13w,NA,NA,NA,NA,NA,3,1,NA,NA,13.26673255
1469,S,S2,MESO,13w,13.13821902,124.6,1,0,0,0,0,1,11.83064033,11.54318161
1470,S,S2,MESO,13w,9.294087706,58.3,1,0,0,0,0,1,8.179014824,8.663083972
1471,S,S2,MESO,13w,6.559724001,36.3,1,0,0,0,0,1,6.215688207,5.894541678
1472,S,S2,MESO,13w,1.389290811,7.2,1,0,0,0,0,1,2.157201687,2.727491011
1473,S,S2,MESO,13w,14.45454634,37.6,1,0,0,0,0,1,8.187299369,8.787327868
1474,S,S2,MESO,13w,42.89224304,187.8,1,1,1,2,1,1,20.13901536,16.18278875
1475,S,S2,MESO,13w,NA,283.9,NA,NA,NA,0,0,NA,NA,NA
1476,S,S2,MESO,13w,15.97507718,64.3,1,0,0,0,0,1,10.12597972,10.35649891
1477,S,S2,MESO,13w,4.908738521,44.7,1,0,0,0,0,1,6.048290716,5.79739196
1478,S,S2,MESO,13w,92.97103635,270.4,1,0,0,4,1,1,29.44781136,28.01024641
1479,S,S2,MESO,13w,16.47482603,78.3,1,0,0,NA,NA,0,10.92607728,9.891348986
1480,S,S2,MESO,13w,10.52087964,84.5,1,0,0,NA,NA,0,9.649163186,8.395677102
1481,S,S2,MESO,13w,NA,NA,NA,NA,NA,NA,NA,NA,NA,NA
1482,S,S2,MESO,13w,7.793113276,54.6,1,0,0,NA,NA,0,7.544949247,7.355346822
1483,S,S2,MESO,13w,NA,NA,NA,NA,NA,NA,NA,NA,NA,NA
1484,S,S2,MESO,13w,63.05302119,243.3,1,0,0,12,1,1,24.97125301,26.36492079
1485,S,S2,MESO,13w,262.1603306,306.7,1,0,0,NA,1,1,43.41322936,40.18473314
1486,S,S2p,CONT,13w,9.786767974,34,1,0,0,0,0,1,6.9503414,6.88986186
1487,S,S2p,CONT,13w,NA,NA,NA,NA,NA,NA,NA,NA,NA,NA
1488,S,S2p,CONT,13w,NA,NA,NA,NA,NA,NA,NA,NA,NA,NA
1489,S,S2p,CONT,13w,15.27450202,114.4,10,0,0,0,0,1,12.09118985,10.70956129
1490,S,S2p,CONT,13w,66.04326762,171.1,1,0,0,0,0,1,22.54838359,18.42451989
1491,S,S2p,CONT,13w,22.06183441,63.5,2,0,0,0,0,1,11.23122137,13.99555358
1492,S,S2p,CONT,13w,NA,NA,NA,NA,NA,NA,NA,NA,NA,NA
1493,S,S2p,CONT,13w,20.74990532,148,1,0,0,0,0,1,14.59565268,17.84412522
1494,S,S2p,CONT,13w,6.788667565,60.4,1,1,1,0,0,1,7.452248289,11.0527846
1495,S,S2p,CONT,13w,19.79234788,69.2,1,0,0,0,0,1,11.14682761,11.92224645
1496,S,S2p,CONT,13w,40.37645564,147.5,1,2,1,0,0,1,18.20759494,24.45794896
1497,S,S2p,CONT,13w,NA,NA,NA,NA,NA,NA,NA,NA,NA,NA
1498,S,S2p,CONT,13w,NA,NA,NA,NA,NA,NA,NA,NA,NA,NA
1499,S,S2p,CONT,13w,NA,NA,NA,NA,NA,NA,NA,NA,NA,NA
1500,S,S2p,CONT,13w,NA,NA,NA,NA,NA,NA,NA,NA,NA,NA
1501,S,S2p,CONT,13w,NA,NA,NA,NA,NA,NA,NA,NA,NA,NA
1502,S,S2p,CONT,13w,NA,NA,NA,NA,NA,NA,NA,NA,NA,NA
1503,S,S2p,CONT,13w,NA,NA,NA,NA,NA,NA,NA,NA,NA,NA
1504,S,S2p,CONT,13w,NA,NA,NA,NA,NA,NA,NA,NA,NA,NA
1505,S,S2p,CONT,13w,NA,NA,NA,NA,NA,NA,NA,NA,NA,NA
1506,S,S2p,CONT,13w,NA,NA,NA,NA,NA,NA,NA,NA,NA,NA
1507,S,S2p,CONT,13w,NA,NA,NA,NA,NA,NA,NA,NA,NA,NA
1508,S,S2p,CONT,13w,NA,NA,NA,NA,NA,NA,NA,NA,NA,NA
1509,S,S2p,CONT,13w,31.3706876,64.3,1,0,0,NA,NA,NA,12.68474724,NA
1510,S,S2p,CONT,13w,10.63617609,77.1,1,0,0,0,0,1,9.392516203,7.126952687
1511,S,S2p,CONT,13w,NA,NA,NA,NA,NA,NA,NA,NA,NA,NA
1512,S,S2p,CONT,13w,4.154756284,34.9,1,0,0,0,0,1,5.267094473,5.945836326
1513,S,S2p,CONT,13w,27.15467026,61.5,1,0,0,0,0,1,11.90970729,13.18680068
1514,S,S2p,CONT,13w,21.97866074,119.1,1,0,0,0,0,1,13.83777132,15.77951219
1515,S,S2p,CONT,13w,11.04466167,51.9,1,0,0,0,0,1,8.334158329,7.214198546
1516,S,S2p,CONT,13w,7.942260388,50.2,1,0,0,0,0,1,7.382834961,4.450175074
1517,S,S2p,CONT,13w,1.130973355,9.8,1,0,0,NA,NA,NA,2.232362131,NA
1518,S,S2p,CONT,13w,11.40091828,58.9,NA,NA,NA,NA,NA,NA,8.78635936,NA
1519,S,S2p,CONT,13w,NA,NA,NA,NA,NA,NA,NA,NA,NA,NA
1520,S,S2p,CONT,13w,NA,NA,NA,NA,NA,NA,NA,NA,NA,NA
1521,S,S3,CONT,13w,NA,NA,NA,NA,NA,NA,NA,NA,NA,NA
1522,S,S3,CONT,13w,NA,NA,NA,NA,NA,NA,NA,NA,NA,NA
1523,S,S3,CONT,13w,36.74532431,32.5,2,0,0,NA,NA,NA,10.64832465,NA
1524,S,S3,CONT,13w,6.334707427,NA,1,0,0,0,0,1,NA,6.538070245
1525,S,S3,CONT,13w,4.154756284,71.4,1,1,1,0,0,1,6.688914032,7.715006764
1526,S,S3,CONT,13w,7.258335667,80.3,1,0,0,0,0,1,8.380625129,12.50655008
1527,S,S3,CONT,13w,NA,NA,NA,NA,NA,NA,NA,NA,NA,NA
1528,S,S3,CONT,13w,20.58874161,160.3,1,0,0,4,1,1,14.95092779,21.21156841
1529,S,S3,CONT,13w,0.849486654,11.1,0,0,0,0,0,1,2.115089867,6.542236201
1530,S,S3,CONT,13w,29.6091966,131.9,1,0,0,0,0,1,15.81521839,12.68162628
1531,S,S3,CONT,13w,26.42079422,138.1,1,0,0,0,0,1,15.46023223,19.65241244
1532,S,S3,CONT,13w,5.107051557,60.3,1,0,0,0,0,1,6.77296114,11.91316805
1533,S,S3,CONT,13w,16.18831278,119.6,1,0,0,4,1,1,12.51234066,14.39708633
1534,S,S3,CONT,13w,38.48451001,153.6,1,0,0,5,1,1,18.16226046,22.15427405
1535,S,S3,CONT,13w,10.69405993,86.2,1,0,0,0,0,1,9.766631563,10.54093738
1536,S,S3,CONT,13w,16.4029621,93.2,1,0,0,0,0,1,11.56345154,16.0276771
1537,S,S3,CONT,13w,53.71565805,123,0,0,0,0,0,1,18.84969915,18.43667196
1538,S,S3,CONT,13w,NA,NA,NA,NA,NA,NA,NA,1,NA,NA
1539,S,S3,CONT,13w,16.61902514,83.9,1,0,0,0,0,1,11.21355503,9.56709809
1540,S,S3,CONT,13w,8.295768101,90.6,1,0,0,0,0,1,9.123134438,8.365888074
1541,S,S3,CONT,13w,NA,NA,NA,NA,NA,NA,NA,NA,NA,NA
1542,S,S3,CONT,13w,43.9433414,121,1,0,0,0,0,1,17.53126598,20.72398774
1543,S,S3,CONT,13w,39.81528865,122,1,0,0,0,0,1,17.00996635,19.38981824
1544,S,S3,CONT,13w,32.27051828,57.3,1,0,0,0,0,1,12.3217066,18.75597949
1545,S,S3,CONT,13w,17.57163457,176,NA,NA,NA,NA,NA,NA,14.62987975,NA
1546,S,S3,CONT,13w,19.79234788,50.4,1,0,0,0,0,1,10.02740289,12.73164906
1547,S,S3,CONT,13w,NA,134.5,1,0,0,0,0,1,NA,13.74020791
1548,S,S3,CONT,13w,22.32580673,85.9,2,0,0,0,0,1,12.47265613,7.749678304
1549,S,S3,CONT,13w,NA,NA,NA,NA,NA,NA,NA,NA,NA,NA
1550,S,S3,CONT,13w,NA,NA,NA,NA,NA,NA,NA,NA,NA,NA
1551,S,S3,CONT,13w,32.37128486,77.3,1,0,0,0,0,1,13.63112,17.35870166
1552,S,S3,CONT,13w,NA,NA,NA,NA,NA,0,0,NA,NA,6.791904408
1553,S,S3,CONT,13w,10.52087964,137.2,1,0,0,0,0,1,11.34394093,10.64724347
1554,S,S3,CONT,13w,0.502654825,6.8,NA,0,0,NA,NA,NA,1.507305908,NA
1555,S,S3,CONT,13w,24.71812954,38.6,NA,0,0,0,0,1,9.879542993,9.630196755
1556,S,S3,CONT,13w,96.28361019,77.4,2,0,0,8,1,1,19.62277754,24.11705543
1557,S,S3,CONT,13w,NA,NA,NA,NA,NA,NA,NA,NA,NA,NA
1558,S,S3,CONT,13w,NA,NA,NA,NA,NA,NA,NA,NA,NA,NA
1559,S,S3,CONT,13w,NA,NA,NA,NA,NA,NA,NA,NA,NA,NA
1560,S,S3,CONT,13w,NA,NA,NA,NA,NA,NA,NA,NA,NA,NA
1561,S,S3,CONT,13w,NA,NA,NA,NA,NA,NA,NA,NA,NA,NA
1562,S,S3,CONT,13w,NA,NA,NA,NA,NA,NA,NA,NA,NA,NA
1563,S,S3,CONT,13w,NA,NA,NA,NA,NA,0,0,NA,NA,2.526109127
1564,S,S3,LMH,13w,16.69136031,118.3,1,0,0,3,1,1,12.59478816,13.95838905
1565,S,S3,LMH,13w,2.164243179,16.2,NA,NA,NA,0,0,1,3.278964095,6.166081993
1566,S,S3,LMH,13w,NA,NA,NA,NA,NA,NA,NA,1,NA,NA
1567,S,S3,LMH,13w,NA,NA,NA,NA,NA,NA,NA,NA,NA,NA
1568,S,S3,LMH,13w,22.22865298,146.6,1,0,0,0,0,1,14.88766419,12.14166684
1569,S,S3,LMH,13w,43.47461578,147.8,NA,NA,NA,NA,NA,NA,18.67524235,NA
1570,S,S3,LMH,13w,2.29658277,10.5,0,0,0,0,0,1,2.893807571,4.457847918
1571,S,S3,LMH,13w,0.430084034,3.5,NA,0,0,NA,NA,NA,1.146301022,NA
1572,S,S3,LMH,13w,0.708821842,5.4,NA,0,0,NA,NA,NA,1.565347505,NA
1573,S,S3,LMH,13w,NA,NA,NA,NA,NA,NA,NA,NA,NA,NA
1574,S,S3,LMH,13w,43.00840343,84.9,NA,NA,NA,NA,NA,NA,15.46405315,NA
1575,S,S3,LMH,13w,1.790786352,11.6,1,0,0,0,0,1,2.753254662,4.983636704
1576,S,S3,LMH,13w,NA,NA,NA,NA,NA,NA,NA,NA,NA,NA
1577,S,S3,LMH,13w,33.73701373,118.6,2,0,0,2,1,1,15.94363164,12.58232674
1578,S,S3,LMH,13w,45.96346402,128.3,1,0,0,5,1,1,18.14777732,21.78419618
1579,S,S3,LMH,13w,16.18831278,90.6,1,0,0,NA,NA,0,11.40447767,9.87253539
1580,S,S3,LMH,13w,101.0999859,255,2,0,0,NA,NA,1,29.69643381,NA
1581,S,S3,LMH,13w,1.056831769,10.9,NA,0,0,NA,NA,NA,2.261298627,NA
1582,S,S3,LMH,13w,1.935927933,16.4,1,0,0,0,0,1,3.172135801,4.804976546
1583,S,S3,LMH,13w,41.85386813,154.5,1,0,0,5,1,1,18.71481904,21.59825989
1584,S,S3,LMH,13w,NA,NA,NA,NA,NA,NA,NA,NA,NA,NA
1585,S,S3,LMH,13w,27.43246559,180.5,NA,NA,NA,NA,NA,NA,17.11926834,NA
1586,S,S3,LMH,13w,23.75829444,182,1,0,0,1,1,1,16.36200023,14.99537549
1587,S,S3,LMH,13w,52.68144575,225.5,1,0,0,1,1,1,22.928123,22.575761
1588,S,S3,LMH,13w,20.58874161,208,1,0,0,5,1,1,16.30934036,21.5891391
1589,S,S3,LMH,13w,NA,NA,NA,NA,NA,NA,NA,NA,NA,NA
1590,S,S3,LMH,13w,25.1607014,182,1,0,0,0,0,1,16.67829794,22.59133661
1591,S,S3,LMH,13w,39.22608295,9.8,NA,NA,NA,NA,NA,NA,7.293445098,NA
1592,S,S3,LMH,13w,NA,NA,NA,NA,NA,NA,NA,NA,NA,NA
1593,S,S3,LMH,13w,38.04594367,161.8,1,0,0,4,1,1,18.4097918,17.26278151
1594,S,S3,LMH,13w,NA,NA,NA,NA,NA,NA,NA,NA,NA,NA
1595,S,S3,LMH,13w,NA,NA,NA,NA,NA,NA,NA,NA,NA,NA
1596,S,S3,LMH,13w,13.07405199,147.9,1,0,0,NA,NA,0,12.50700948,NA
1597,S,S3,LMH,13w,11.94590607,44.8,0,0,0,NA,NA,0,8.145270017,NA
1598,S,S3,LMH,13w,36.63796038,108.8,NA,NA,NA,NA,NA,NA,15.92365269,NA
1599,S,S3,LMH,13w,NA,NA,NA,NA,NA,NA,NA,NA,NA,NA
1600,S,S3,LMH,13w,NA,NA,NA,NA,NA,NA,NA,NA,NA,NA
1601,S,S3,LMH,13w,NA,NA,NA,NA,NA,NA,NA,NA,NA,NA
1602,S,S3,LMH,13w,NA,NA,NA,NA,NA,NA,NA,NA,NA,NA
1603,S,S3,LMH,13w,NA,NA,NA,NA,NA,6,1,NA,NA,16.56326195
1604,S,S3,LMH,13w,35.04635101,180.8,1,0,0,3,1,1,18.5883197,20.80921566
1605,S,S3,LMH,13w,39.92720789,226,1,0,0,0,0,1,20.91693236,22.96713963
1606,S,S3,LMH,13w,29.99624082,147.9,1,0,0,0,0,1,16.5028237,21.06836671
1607,S,S3,LMH,13w,NA,NA,NA,NA,NA,NA,NA,NA,NA,NA
1608,S,S3,LMH,13w,NA,NA,NA,NA,NA,NA,NA,NA,NA,NA
1609,S,S3,LMH,13w,NA,NA,NA,NA,NA,NA,NA,NA,NA,NA
1610,S,S3,LMH,13w,NA,NA,NA,NA,NA,NA,NA,NA,NA,NA
1611,S,S3,LMH,13w,NA,NA,NA,NA,NA,NA,NA,NA,NA,NA
1612,S,S3,LMH,13w,NA,NA,NA,NA,NA,NA,NA,NA,NA,NA
1613,S,S3,LMH,13w,479.2289892,289.9,4,NA,NA,0,0,1,52.10923567,51.93599407
1614,S,S3,LMH,13w,4.908738521,51.9,1,0,0,0,0,1,6.357495124,7.444423107
1615,S,S3,LMH,13w,11.82369811,87.3,1,0,0,1,1,1,10.14244564,9.911548774
1616,S,S3,LMH,13w,24.10512627,215,2,0,0,0,0,1,17.38190409,19.44120367
1617,S,S3,LMH,13w,13.72279087,173.4,NA,NA,NA,NA,NA,NA,13.40409966,NA
1618,S,S3,LMH,13w,25.60720026,154.3,1,0,0,2,1,1,15.87681319,15.14791574
1619,S,S3,LMH,13w,6.514406526,73.4,1,0,0,0,0,1,7.844613213,9.478660988
1620,S,S3,LMH,13w,67.34600756,189.3,1,0,0,2,1,1,23.47489826,25.7723014
1621,S,S3,LMH,13w,NA,NA,NA,NA,NA,NA,NA,NA,NA,NA
1622,S,S3,LMH,13w,61.23663086,285.5,1,0,0,1,1,1,26.08511335,32.21329749
1623,S,S3,MEGA,13w,131.3067134,347.5,1,NA,1,NA,1,1,35.93207221,36.81440996
1624,S,S3,MEGA,13w,5.641043769,80.2,1,0,0,0,0,1,7.700994001,8.190875804
1625,S,S3,MEGA,13w,NA,NA,NA,NA,NA,NA,NA,NA,NA,NA
1626,S,S3,MEGA,13w,4.486272849,81.1,2,0,0,0,0,1,7.160701571,7.288406631
1627,S,S3,MEGA,13w,8.656972716,37.2,1,0,0,0,0,1,6.874837011,7.234365352
1628,S,S3,MEGA,13w,1.517467792,9.4,NA,0,0,0,0,1,2.42853344,3.78279049
1629,S,S3,MEGA,13w,3.83596317,20.1,1,0,0,0,0,1,4.265758033,6.383179873
1630,S,S3,MEGA,13w,10.52087964,16,1,0,0,0,0,1,5.536111934,7.1941102
1631,S,S3,MEGA,13w,55.20288801,158.9,3,0,0,NA,NA,1,20.72022313,21.0139692
1632,S,S3,MEGA,13w,3.45967891,6.6,NA,0,0,NA,NA,NA,2.841582127,NA
1633,S,S3,MEGA,13w,4.227327075,35,2,0,0,0,0,1,5.302694374,7.047653418
1634,S,S3,MEGA,13w,1.389290811,6.9,NA,0,0,0,0,1,2.12676786,3.131534343
1635,S,S3,MEGA,13w,NA,NA,NA,NA,NA,NA,NA,NA,NA,NA
1636,S,S3,MEGA,13w,61.09557335,245.5,3,0,0,NA,1,1,24.78409323,30.40471312
1637,S,S3,MEGA,13w,61.79269276,173.2,4,0,0,0,0,1,22.14311598,33.71956855
1638,S,S3,MEGA,13w,0.643555255,3.4,NA,0,0,0,0,1,1.298763908,1.777979552
1639,S,S3,MEGA,13w,14.65741468,126.6,2,0,0,0,0,1,12.33621202,12.02322624
1640,S,S3,MEGA,13w,5.391287153,61.1,1,0,0,0,0,1,6.926954993,6.647903328
1641,S,S3,MEGA,13w,37.60965499,118,4,0,0,NA,1,1,16.50468041,17.91228645
1642,S,S3,MEGA,13w,20.35367194,118,5,0,0,0,0,1,13.44572239,9.359331804
1643,S,S3,MEGA,13w,4.752915526,102.6,1,0,0,0,0,1,7.896260158,14.21773232
1644,S,S3,MEGA,13w,6.290175351,102.6,1,10,1,0,0,1,8.670651571,6.125696114
1645,S,S3,MEGA,13w,28.85144445,188,2,0,0,0,0,1,17.64818538,17.70049138
1646,S,S3,MEGA,13w,10.92716611,57.2,1,0,0,0,0,1,8.578454519,8.662095242
1647,S,S3,MEGA,13w,15.27450202,53.1,1,0,0,0,0,1,9.358079235,7.158817972
1648,S,S3,MEGA,13w,NA,NA,NA,NA,NA,NA,NA,NA,NA,NA
1649,S,S3,MEGA,13w,18.55079046,114.4,3,0,0,1,1,1,12.90162249,13.05314969
1650,S,S3,MEGA,13w,2.746458838,10,1,0,0,0,0,1,3.0222659,4.353293866
1651,S,S3,MEGA,13w,3.83596317,20.8,2,0,0,0,0,1,4.314789767,6.482608978
1652,S,S3,MEGA,13w,63.83794812,221,2,0,0,0,0,1,24.28264431,17.0517558
1653,S,S3,MEGA,13w,NA,NA,NA,NA,NA,NA,NA,NA,NA,NA
1654,S,S3,MEGA,13w,NA,NA,NA,NA,NA,NA,NA,NA,NA,NA
1655,S,S3,MEGA,13w,NA,NA,NA,NA,NA,NA,NA,NA,NA,NA
1656,S,S3,MEGA,13w,NA,NA,NA,NA,NA,NA,NA,NA,NA,NA
1657,S,S3,MEGA,13w,NA,NA,NA,NA,NA,NA,NA,NA,NA,NA
1658,S,S3,MEGA,13w,64.18399455,385,1,NA,1,NA,NA,1,29.27926774,27.83634914
1659,S,S3,MEGA,13w,0.580880482,7.8,NA,0,0,0,0,1,1.656019203,2.784552214
1660,S,S3,MEGA,13w,151.0924639,108.5,1,0,0,0,0,1,25.53073809,25.09992025
1661,S,S3,MEGA,13w,6.113617844,130.8,1,1,1,1,1,1,9.31390267,11.68423172
1662,S,S3,MEGA,13w,20.50839538,135.5,1,0,0,0,0,1,14.11666774,14.29474535
1663,S,S3,MEGA,13w,5.47391104,80.9,1,0,0,0,0,1,7.646208517,8.882730143
1664,S,S3,MEGA,13w,15.90431281,79.3,1,0,0,0,0,1,10.84412175,12.56906927
1665,S,S3,MEGA,13w,20.26829916,34,1,0,0,0,0,1,8.862613051,15.0058925
1666,S,S3,MEGA,13w,10.1787602,83.1,1,0,0,0,0,1,9.490175104,14.11052067
1667,S,S3,MEGA,13w,NA,NA,NA,NA,NA,0,0,1,NA,9.222350908
1668,S,S3,MEGA,13w,18.09557368,105.7,1,0,0,0,0,1,12.46160633,8.829246698
1669,S,S3,MEGA,13w,19.0116621,174.5,1,0,0,0,0,1,14.97683467,12.70088252
1670,S,S3,MEGA,13w,4.847241845,40.1,2,1,1,0,0,1,5.808438618,5.249570435
1671,S,S3,MEGA,13w,NA,NA,NA,NA,NA,1,1,NA,NA,19.05028502
1672,S,S3,MEGA,13w,45.66147842,55.7,2,0,0,0,0,1,13.70535936,14.64466062
1673,S,S3,MEGA,13w,4.263848089,78.6,1,0,0,1,1,1,6.96695639,8.983519966
1674,S,S3,MEGA,13w,30.54334918,195,4,0,0,0,0,1,18.20802961,13.88150467
1675,S,S3,MEGA,13w,16.69136031,162.4,1,0,0,0,0,1,14.00002752,21.20511197
1676,S,S3,MEGA,13w,NA,NA,NA,NA,NA,1,1,NA,NA,19.05028502
1677,S,S3,MESO,13w,9.240130853,99.5,1,0,0,0,0,1,9.758011378,10.9330837
1678,S,S3,MESO,13w,6.514406526,69.5,1,0,0,0,0,1,7.702923077,8.904360542
1679,S,S3,MESO,13w,13.26702432,26.9,1,0,0,0,0,1,7.114717771,9.06784014
1680,S,S3,MESO,13w,24.0181827,56.8,1,0,0,0,0,1,11.1321425,15.88937986
1681,S,S3,MESO,13w,NA,NA,NA,NA,NA,1,1,NA,NA,11.51596274
1682,S,S3,MESO,13w,NA,NA,NA,NA,NA,0,0,NA,NA,7.414046542
1683,S,S3,MESO,13w,28.82882499,162.6,1,1,1,0,0,1,16.808982,16.7832089
1684,S,S3,MESO,13w,NA,NA,NA,NA,NA,0,0,NA,NA,3.097658253
1685,S,S3,MESO,13w,NA,NA,NA,NA,NA,NA,NA,NA,NA,NA
1686,S,S3,MESO,13w,NA,NA,NA,NA,NA,0,0,NA,NA,1.086619547
1687,S,S3,MESO,13w,15.83370551,139,NA,NA,NA,NA,NA,NA,13.05936676,NA
1688,S,S3,MESO,13w,NA,NA,NA,NA,NA,NA,NA,NA,NA,NA
1689,S,S3,MESO,13w,25.75681861,22.8,2,NA,NA,0,0,1,8.401746883,4.881975109
1690,S,S3,MESO,13w,111.7077306,160.3,3,0,0,NA,NA,0,26.29447711,26.19881532
1691,S,S3,MESO,13w,6.788667565,97.5,1,0,0,1,1,1,8.744139457,9.631434035
1692,S,S3,MESO,13w,35.25652355,244,1,0,0,NA,NA,1,20.58596711,23.34157428
1693,S,S3,MESO,13w,30.97484693,209.5,1,0,0,0,0,1,18.73683032,17.84028953
1694,S,S3,MESO,13w,47.17297719,297,1,1,1,NA,NA,1,24.22630991,23.92500328
1695,S,S3,MESO,13w,NA,NA,NA,NA,NA,NA,NA,NA,NA,NA
1696,S,S3,MESO,13w,NA,NA,NA,NA,NA,NA,NA,NA,NA,NA
1697,S,S3,MESO,13w,NA,NA,NA,NA,NA,NA,NA,NA,NA,NA
1698,S,S3,MESO,13w,NA,NA,NA,NA,NA,NA,NA,NA,NA,NA
1699,S,S3,MESO,13w,NA,NA,NA,NA,NA,NA,NA,NA,NA,NA
1700,S,S3,MESO,13w,NA,NA,NA,NA,NA,NA,NA,NA,NA,NA
1701,S,S3,MESO,13w,1.038689071,9.4,NA,0,0,0,0,1,2.139839752,2.730273918
1702,S,S3,MESO,13w,9.511485918,41.5,3,0,0,0,0,1,7.358180881,8.133462731
1703,S,S3,MESO,13w,NA,NA,NA,NA,NA,NA,NA,NA,NA,NA
1704,S,S3,MESO,13w,64.46830869,40.9,10,0,0,0,0,1,13.87138979,12.88755331
1705,S,S3,MESO,13w,NA,NA,NA,NA,NA,NA,NA,NA,NA,NA
1706,S,S3,MESO,13w,NA,NA,NA,NA,NA,NA,NA,NA,NA,NA
1707,S,S3,MESO,13w,NA,NA,NA,NA,NA,NA,NA,NA,NA,NA
1708,S,S3,MESO,13w,NA,NA,NA,NA,NA,NA,NA,NA,NA,NA
1709,S,S3,MESO,13w,0.490166994,5.2,NA,0,0,0,0,1,1.366654056,1.886958769
1710,S,S3,MESO,13w,NA,NA,NA,NA,NA,NA,NA,NA,NA,NA
1711,S,S3,MESO,13w,70.28653828,226,2,0,0,1,1,1,25.26343092,23.63415625
1712,S,S3,MESO,13w,7.306166415,116.4,1,0,0,0,0,1,9.507309816,11.58684337
1713,S,S3,MESO,13w,20.34817416,198,1,0,0,1,1,1,15.98043392,18.60226689
1714,S,S3,MESO,13w,25.51758633,207.5,1,0,0,0,0,1,17.50674567,17.94300815
1715,S,S3,MESO,13w,NA,NA,NA,NA,NA,NA,NA,NA,NA,NA
1716,S,S3,MESO,13w,9.731397404,158,1,0,0,0,0,1,11.58564288,6.636308442
1717,C,C3,MEGA,13w,NA,NA,NA,NA,NA,NA,NA,NA,NA,NA
1718,N,N2,LMH,13w,NA,NA,NA,NA,NA,NA,NA,NA,NA,NA
1719,S,S1,MESO,13w,NA,NA,NA,NA,NA,NA,NA,NA,NA,NA
1,C,C1,CONT,13s,42.19857938,71,1,0,0,NA,NA,0,14.47585114,13.91559069
2,C,C1,CONT,13s,NA,NA,NA,NA,NA,NA,NA,1,NA,NA
3,C,C1,CONT,13s,NA,NA,NA,NA,NA,NA,NA,NA,NA,NA
4,C,C1,CONT,13s,NA,NA,NA,NA,NA,NA,NA,NA,NA,NA
5,C,C1,LMH,13s,NA,NA,NA,NA,NA,NA,NA,NA,NA,NA
6,C,C1,LMH,13s,NA,NA,NA,NA,NA,NA,NA,NA,NA,NA
7,C,C1,LMH,13s,NA,NA,NA,NA,NA,NA,NA,NA,NA,NA
8,C,C1,LMH,13s,9.079202769,37,1,0,0,NA,NA,NA,6.972448961,NA
9,C,C1,LMH,13s,NA,NA,NA,NA,NA,NA,NA,NA,NA,NA
10,C,C1,LMH,13s,110.8466986,310,3,NA,1,NA,1,1,32.68634442,35.06760158
11,C,C1,LMH,13s,30.28817331,NA,NA,NA,NA,NA,NA,NA,NA,NA
12,C,C1,MEGA,13s,NA,NA,NA,NA,NA,NA,NA,NA,NA,NA
13,C,C1,MEGA,13s,80.754325,181,1,2,1,1,1,1,24.57130902,22.39764277
14,C,C1,MESO,13s,1.168986626,8.5,NA,0,0,0,0,1,2.152402697,1.824983295
15,C,C1,MESO,13s,1.886919088,75.6,1,0,0,NA,NA,0,5.2384421,3.557778901
16,C,C1,MESO,13s,1.246898124,17.5,1,0,0,0,0,1,2.798851237,2.943843179
17,C,C1,MESO,13s,NA,NA,NA,NA,NA,NA,NA,NA,NA,NA
18,C,C1,MESO,13s,NA,NA,NA,NA,NA,NA,NA,NA,NA,NA
19,C,C2,LMH,13s,NA,NA,NA,NA,NA,NA,NA,NA,NA,NA
20,C,C2,LMH,13s,1.5393804,15.5,1,0,0,NA,NA,0,2.88360673,2.241272812
21,C,C2,LMH,13s,8.092821215,22.5,3,0,0,NA,NA,NA,5.683195401,NA
22,C,C2,LMH,13s,2.89529179,19,1,0,0,NA,NA,NA,3.81106002,NA
23,C,C2,LMH,13s,NA,NA,NA,NA,NA,NA,NA,NA,NA,NA
24,C,C2,LMH,13s,NA,NA,NA,NA,NA,NA,NA,NA,NA,NA
25,C,C2,LMH,13s,2.925529619,14.1,1,0,0,0,0,1,3.461841934,4.632308282
26,C,C2,MEGA,13s,2.630219909,5,1,0,0,0,0,1,2.363546455,1.569806347
27,C,C2,MEGA,13s,NA,NA,NA,NA,NA,0,0,NA,NA,2.000196276
28,C,C3,CONT,13s,NA,NA,NA,NA,NA,NA,NA,NA,NA,NA
29,C,C3,CONT,13s,45.48405698,91.9,3,2,1,5,1,1,16.17799997,12.47001068
30,C,C3,CONT,13s,NA,NA,NA,NA,NA,0,0,NA,NA,2.08612592
31,C,C3,LMH,13s,NA,NA,NA,NA,NA,NA,NA,NA,NA,NA
32,C,C3,LMH,13s,16.76385256,19,1,0,0,NA,NA,NA,6.84961387,NA
33,C,C3,LMH,13s,4.714352476,13,1,0,0,0,0,1,3.951025155,5.58124629
34,C,C3,LMH,13s,NA,NA,NA,NA,NA,NA,NA,NA,NA,NA
35,C,C3,LMH,13s,0.020106193,14,1,0,0,0,0,1,0.654940994,3.118192774
36,C,C3,LMH,13s,NA,NA,NA,NA,NA,NA,NA,NA,NA,NA
37,C,C3,MEGA,13s,4.486272849,26,1,0,0,NA,NA,0,4.897995788,4.360322947
38,C,C3,MEGA,13s,NA,NA,NA,NA,NA,NA,NA,NA,NA,NA
39,C,C3,MEGA,13s,5.810689772,68,NA,NA,NA,NA,NA,NA,7.360670865,NA
40,C,C3,MEGA,13s,NA,NA,NA,NA,NA,NA,NA,NA,NA,NA
41,C,C3,MESO,13s,NA,NA,NA,NA,NA,NA,NA,NA,NA,NA
42,C,C3,MESO,13s,NA,NA,NA,NA,NA,0,0,1,NA,5.439605499
43,N,N1,CONT,13s,NA,NA,NA,NA,NA,NA,NA,NA,NA,NA
44,N,N1,CONT,13s,NA,NA,NA,NA,NA,NA,NA,NA,NA,NA
45,N,N1,CONT,13s,11.10364507,65.1,1,0,0,0,0,1,9.005114994,6.806815538
46,N,N1,CONT,13s,NA,NA,NA,NA,NA,NA,NA,NA,NA,NA
47,N,N1,CONT,13s,NA,NA,NA,NA,NA,NA,NA,NA,NA,NA
48,N,N1,LMH,13s,NA,NA,NA,NA,NA,NA,NA,NA,NA,NA
49,N,N1,LMH,13s,NA,NA,NA,NA,NA,NA,NA,NA,NA,NA
50,N,N1,LMH,13s,NA,NA,NA,NA,NA,NA,NA,NA,NA,NA
51,N,N1,LMH,13s,NA,NA,NA,NA,NA,NA,NA,NA,NA,NA
52,N,N1,LMH,13s,NA,NA,NA,NA,NA,NA,NA,NA,NA,NA
53,N,N1,LMH,13s,NA,NA,NA,NA,NA,0,0,NA,NA,8.126464099
54,N,N1,MEGA,13s,2.29658277,57,1,0,0,0,0,1,5.090301893,1.950127777
55,N,N1,MEGA,13s,NA,NA,NA,NA,NA,NA,NA,NA,NA,NA
56,N,N1,MEGA,13s,NA,NA,NA,NA,NA,NA,NA,NA,NA,NA
57,N,N1,MEGA,13s,NA,NA,NA,NA,NA,NA,NA,NA,NA,NA
58,N,N1,MEGA,13s,NA,NA,NA,NA,NA,NA,NA,NA,NA,NA
59,N,N1,MEGA,13s,NA,NA,NA,NA,NA,NA,NA,NA,NA,NA
60,N,N1,MEGA,13s,NA,NA,NA,NA,NA,NA,NA,NA,NA,NA
61,N,N1,MEGA,13s,44.29653496,170,4,0,0,NA,NA,0,19.69115828,18.16803785
62,N,N1,MESO,13s,0.188574099,5.7,NA,0,0,NA,NA,NA,1.024397388,NA
63,N,N1,MESO,13s,NA,NA,NA,NA,NA,NA,NA,NA,NA,NA
64,N,N1,MESO,13s,NA,NA,NA,NA,NA,NA,NA,NA,NA,NA
65,N,N1,MESO,13s,NA,NA,NA,NA,NA,NA,NA,NA,NA,NA
66,N,N1,MESO,13s,0.188574099,5.7,NA,0,0,0,0,1,1.024397388,1.302881404
67,N,N1,MESO,13s,0.264207942,5.5,NA,0,0,0,0,1,1.132886802,0.884648276
68,N,N1,MESO,13s,0.477836243,3.9,1,0,0,0,0,1,1.230988279,1.122530894
69,N,N1,MESO,13s,NA,NA,NA,NA,NA,NA,NA,NA,NA,NA
70,N,N1p,CONT,13s,NA,NA,NA,NA,NA,NA,NA,NA,NA,NA
71,N,N1p,CONT,13s,6.881344548,57,1,0,0,NA,NA,0,7.342651917,NA
72,N,N1p,CONT,13s,27.06238598,14,NA,NA,NA,NA,NA,NA,7.258170529,NA
73,N,N1p,CONT,13s,6.069871166,53,1,0,0,NA,NA,NA,6.872440005,NA
74,N,N1p,CONT,13s,183.8538561,103,1,0,0,3,1,1,26.7901287,25.92859596
75,N,N1p,CONT,13s,16.11707717,80,1,0,0,0,0,1,10.92434447,8.250234727
76,N,N1p,CONT,13s,NA,NA,NA,NA,NA,NA,NA,NA,NA,NA
77,N,N1p,CONT,13s,53.71565805,92,1,0,0,0,0,1,17.10804245,17.88207581
78,N,N1p,CONT,13s,63.47595811,81,NA,NA,NA,0,0,NA,17.33581937,8.097962942
79,N,N2,CONT,13s,7.793113276,9.9,NA,NA,NA,NA,NA,NA,4.266662183,NA
80,N,N2,CONT,13s,NA,NA,NA,NA,NA,NA,NA,NA,NA,NA
81,N,N2,CONT,13s,NA,NA,NA,NA,NA,NA,NA,NA,NA,NA
82,N,N2,CONT,13s,NA,NA,NA,NA,NA,NA,NA,NA,NA,NA
83,N,N2,CONT,13s,13.92047559,66,1,0,0,NA,NA,NA,9.755737348,NA
84,N,N2,CONT,13s,NA,NA,NA,NA,NA,NA,NA,NA,NA,NA
85,N,N2,CONT,13s,NA,NA,NA,NA,NA,NA,NA,NA,NA,NA
86,N,N2,LMH,13s,NA,NA,NA,NA,NA,NA,NA,NA,NA,10.48516985
87,N,N2,LMH,13s,NA,NA,NA,NA,NA,NA,NA,NA,NA,NA
88,N,N2,LMH,13s,0.246300864,5.8,NA,0,0,0,0,1,1.12644801,2.16979012
89,N,N2,MEGA,13s,NA,NA,NA,NA,NA,NA,NA,NA,NA,NA
90,N,N2,MEGA,13s,86.26059445,300,1,NA,NA,NA,NA,0,29.73395095,NA
91,N,N2,MEGA,13s,NA,NA,NA,NA,NA,NA,NA,NA,NA,NA
92,N,N2,MESO,13s,NA,NA,NA,NA,NA,NA,NA,NA,NA,NA
93,N,N2,MESO,13s,NA,NA,NA,NA,NA,NA,NA,NA,NA,NA
94,N,N2,MESO,13s,413.3107569,275,2,0,0,5,1,1,48.73142736,40.15369549
95,N,N2p,CONT,13s,NA,NA,NA,NA,NA,NA,NA,NA,NA,NA
96,N,N2p,CONT,13s,NA,NA,NA,NA,NA,NA,NA,NA,NA,NA
97,N,N2p,CONT,13s,NA,NA,NA,NA,NA,NA,NA,NA,NA,NA
98,N,N2p,CONT,13s,NA,NA,NA,NA,NA,NA,NA,NA,NA,NA
99,N,N2p,CONT,13s,NA,NA,NA,NA,NA,NA,NA,NA,NA,NA
100,N,N2p,CONT,13s,29.12892562,45,1,0,0,NA,NA,0,10.98464383,NA
101,N,N3,CONT,13s,NA,NA,NA,NA,NA,NA,NA,NA,NA,NA
102,N,N3,CONT,13s,23.32828895,47,NA,NA,NA,NA,NA,NA,10.34889364,7.573355031
103,N,N3,CONT,13s,NA,NA,NA,NA,NA,NA,NA,NA,NA,NA
104,N,N3,CONT,13s,NA,NA,NA,NA,NA,NA,NA,NA,NA,NA
105,N,N3,CONT,13s,NA,NA,NA,NA,NA,NA,NA,NA,NA,NA
106,N,N3,CONT,13s,NA,NA,NA,NA,NA,NA,NA,NA,NA,NA
107,N,N3,CONT,13s,NA,NA,NA,NA,NA,NA,NA,NA,NA,NA
108,N,N3,CONT,13s,NA,NA,NA,NA,NA,NA,NA,NA,NA,NA
109,N,N3,CONT,13s,NA,NA,NA,NA,NA,NA,NA,NA,NA,NA
110,N,N3,CONT,13s,NA,NA,NA,NA,NA,NA,NA,NA,NA,NA
111,N,N3,CONT,13s,NA,NA,NA,NA,NA,NA,NA,NA,NA,NA
112,N,N3,LMH,13s,NA,NA,NA,NA,NA,NA,NA,NA,NA,NA
113,N,N3,LMH,13s,NA,NA,NA,NA,NA,NA,NA,NA,NA,NA
114,N,N3,MEGA,13s,NA,NA,NA,NA,NA,NA,NA,NA,NA,NA
115,N,N3,MEGA,13s,NA,NA,NA,NA,NA,NA,NA,NA,NA,NA
116,N,N3,MESO,13s,NA,NA,NA,NA,NA,NA,NA,NA,NA,NA
117,N,N3,MESO,13s,31.27149181,119.1,1,28,1,NA,NA,0,15.56661615,15.18829537
118,N,N3,MESO,13s,NA,NA,NA,NA,NA,NA,NA,NA,NA,NA
119,N,N3,MESO,13s,42.89224304,176,NA,NA,NA,NA,NA,NA,19.70740307,16.94264958
120,S,S1,CONT,13s,28.93791679,45,1,0,0,NA,NA,NA,10.9605439,NA
121,S,S1,CONT,13s,7.499060204,41,1,0,0,NA,NA,NA,6.769333938,NA
122,S,S1,CONT,13s,5.027255104,81,1,0,0,NA,NA,NA,7.435050466,NA
123,S,S1,CONT,13s,52.42446347,76.1,1,0,0,NA,NA,0,15.92804121,NA
124,S,S1,CONT,13s,40.34661051,121,3,0,0,NA,NA,NA,17.03853125,NA
125,S,S1,CONT,13s,6.069871166,65.1,1,0,0,NA,NA,0,7.36080587,NA
126,S,S1,CONT,13s,NA,NA,NA,NA,NA,NA,NA,NA,NA,NA
127,S,S1,LMH,13s,NA,NA,NA,NA,NA,NA,NA,NA,NA,NA
128,S,S1,LMH,13s,134.576483,400,1,NA,NA,NA,1,1,37.97068305,38.31851841
129,S,S1,LMH,13s,NA,NA,NA,NA,NA,NA,NA,NA,NA,NA
130,S,S1,LMH,13s,NA,NA,NA,NA,NA,NA,NA,NA,NA,NA
131,S,S1,MEGA,13s,NA,NA,NA,NA,NA,NA,NA,NA,NA,NA
132,S,S1,MEGA,13s,NA,NA,NA,NA,NA,NA,NA,NA,NA,NA
133,S,S1p,CONT,13s,NA,NA,NA,NA,NA,NA,NA,NA,NA,NA
134,S,S1p,CONT,13s,1.002874915,10.3,1,0,0,0,0,1,2.180473055,2.171800433
135,S,S1p,CONT,13s,0.246300864,9,NA,0,0,0,0,1,1.30441069,1.634250694
136,S,S1p,CONT,13s,NA,NA,NA,NA,NA,NA,NA,NA,NA,NA
137,S,S1p,CONT,13s,NA,NA,NA,NA,NA,NA,NA,NA,NA,NA
138,S,S1p,CONT,13s,42.42917228,72,1,0,0,0,0,1,14.57008499,8.972006773
139,S,S1p,CONT,13s,3.664353671,14,2,0,0,NA,NA,NA,3.72325961,NA
140,S,S1p,CONT,13s,NA,NA,NA,NA,NA,NA,NA,NA,NA,NA
141,S,S1p,CONT,13s,NA,NA,NA,NA,NA,NA,NA,NA,NA,NA
142,S,S1p,CONT,13s,NA,NA,NA,NA,NA,NA,NA,NA,NA,NA
143,S,S2,CONT,13s,22.98711199,141,1,0,0,NA,NA,NA,14.86086739,11.87973445
144,S,S2,CONT,13s,NA,NA,NA,NA,NA,0,0,NA,NA,3.793500898
145,S,S2,CONT,13s,NA,NA,NA,NA,NA,0,0,NA,NA,3.803656086
146,S,S2,CONT,13s,NA,NA,NA,NA,NA,NA,NA,NA,NA,NA
147,S,S2,CONT,13s,NA,NA,NA,NA,NA,NA,NA,NA,NA,NA
148,S,S2,CONT,13s,NA,NA,NA,NA,NA,NA,NA,NA,NA,NA
149,S,S2,LMH,13s,1.207628216,11,1,0,0,0,0,1,2.371488462,0.980416128
150,S,S2,LMH,13s,1.327322896,1,NA,NA,NA,NA,NA,NA,1.099146511,NA
151,S,S2,LMH,13s,NA,NA,NA,NA,NA,NA,NA,NA,NA,NA
152,S,S2,MEGA,13s,NA,NA,NA,NA,NA,NA,NA,NA,NA,NA
153,S,S2,MEGA,13s,NA,NA,NA,NA,NA,NA,NA,NA,NA,NA
154,S,S2,MEGA,13s,NA,NA,NA,NA,NA,NA,NA,NA,NA,NA
155,S,S2,MEGA,13s,0.212371663,2.5,NA,0,0,NA,NA,NA,0.809475653,NA
156,S,S2,MEGA,13s,0.273397101,2.9,NA,0,0,NA,NA,NA,0.925433758,NA
157,S,S2,MEGA,13s,NA,NA,NA,NA,NA,NA,NA,NA,NA,NA
158,S,S2,MEGA,13s,NA,NA,NA,NA,NA,0,0,NA,NA,1.120562066
159,S,S2,MEGA,13s,NA,NA,NA,NA,NA,NA,NA,NA,NA,NA
160,S,S2,MEGA,13s,59.72041971,39,2,0,0,0,0,1,13.30857304,14.15507205
161,S,S2,MEGA,13s,12.44102107,61,1,0,0,NA,NA,NA,9.152644483,NA
162,S,S2,MEGA,13s,NA,NA,NA,NA,NA,0,0,NA,NA,1.258471664
163,S,S2,MEGA,13s,21.23716634,6.4,0,0,0,NA,NA,0,5.154562547,3.717376557
164,S,S2,MEGA,13s,NA,NA,NA,NA,NA,NA,NA,NA,NA,NA
165,S,S2,MESO,13s,NA,NA,NA,NA,NA,NA,NA,NA,NA,NA
166,S,S2,MESO,13s,NA,NA,NA,NA,NA,NA,NA,NA,NA,NA
167,S,S2,MESO,13s,NA,NA,NA,NA,NA,NA,NA,NA,NA,NA
168,S,S2,MESO,13s,NA,NA,NA,NA,NA,NA,NA,NA,NA,NA
169,S,S2p,CONT,13s,NA,NA,NA,NA,NA,NA,NA,NA,NA,NA
170,S,S2p,CONT,13s,NA,NA,NA,NA,NA,NA,NA,NA,NA,NA
171,S,S2p,CONT,13s,NA,NA,NA,NA,NA,NA,NA,NA,NA,NA
172,S,S2p,CONT,13s,NA,NA,NA,NA,NA,NA,NA,NA,NA,NA
173,S,S2p,CONT,13s,NA,NA,NA,NA,NA,NA,NA,NA,NA,NA
174,S,S2p,CONT,13s,NA,NA,NA,NA,NA,NA,NA,NA,NA,NA
175,S,S2p,CONT,13s,NA,NA,NA,NA,NA,NA,NA,NA,NA,NA
176,S,S2p,CONT,13s,NA,NA,NA,NA,NA,NA,NA,NA,NA,NA
177,S,S2p,CONT,13s,NA,NA,NA,NA,NA,NA,NA,NA,NA,NA
178,S,S2p,CONT,13s,NA,NA,NA,NA,NA,NA,NA,NA,NA,NA
179,S,S2p,CONT,13s,30.48358038,19.8,NA,NA,NA,NA,NA,NA,8.478982962,5.587478141
180,S,S2p,CONT,13s,NA,NA,NA,NA,NA,NA,NA,NA,NA,NA
181,S,S2p,CONT,13s,NA,NA,NA,NA,NA,NA,NA,NA,NA,NA
182,S,S2p,CONT,13s,1.91134497,13.3,NA,NA,NA,NA,NA,NA,2.945243697,NA
183,S,S2p,CONT,13s,NA,NA,NA,NA,NA,NA,NA,NA,NA,3.037047464
184,S,S2p,CONT,13s,NA,NA,NA,NA,NA,NA,NA,NA,NA,NA
185,S,S2p,CONT,13s,NA,NA,NA,NA,NA,NA,NA,NA,NA,NA
186,S,S2p,CONT,13s,0.801184666,16.7,1,0,0,NA,NA,NA,2.377188826,NA
187,S,S3,CONT,13s,NA,NA,NA,NA,NA,NA,NA,NA,NA,NA
188,S,S3,CONT,13s,NA,NA,NA,NA,NA,NA,NA,NA,NA,NA
189,S,S3,CONT,13s,NA,NA,NA,NA,NA,NA,NA,NA,NA,NA
190,S,S3,CONT,13s,NA,NA,NA,NA,NA,NA,NA,NA,NA,NA
191,S,S3,CONT,13s,NA,NA,NA,NA,NA,NA,NA,NA,NA,NA
192,S,S3,CONT,13s,NA,NA,NA,NA,NA,NA,NA,NA,NA,NA
193,S,S3,LMH,13s,NA,NA,NA,NA,NA,NA,NA,NA,NA,NA
194,S,S3,LMH,13s,NA,NA,NA,NA,NA,NA,NA,NA,NA,NA
195,S,S3,LMH,13s,NA,NA,NA,NA,NA,NA,NA,NA,NA,NA
196,S,S3,LMH,13s,35.56384986,105,1,2,1,NA,NA,0,15.58023623,12.14210545
197,S,S3,LMH,13s,NA,NA,NA,NA,NA,NA,NA,NA,NA,NA
198,S,S3,LMH,13s,80.93473096,169.5,2,2,1,NA,NA,NA,24.05659662,NA
199,S,S3,LMH,13s,NA,NA,NA,NA,NA,NA,NA,NA,NA,NA
200,S,S3,LMH,13s,NA,NA,NA,NA,NA,NA,NA,NA,NA,NA
201,S,S3,LMH,13s,NA,NA,NA,NA,NA,NA,NA,NA,NA,NA
202,S,S3,LMH,13s,NA,NA,NA,NA,NA,NA,NA,NA,NA,NA
203,S,S3,LMH,13s,12.37858191,NA,NA,NA,NA,NA,NA,NA,NA,NA
204,S,S3,LMH,13s,32.06945635,NA,NA,NA,NA,NA,NA,NA,NA,NA
205,S,S3,LMH,13s,NA,NA,NA,NA,NA,NA,NA,NA,NA,NA
206,S,S3,LMH,13s,NA,NA,NA,NA,NA,NA,NA,NA,NA,NA
207,S,S3,MEGA,13s,NA,NA,NA,NA,NA,NA,NA,NA,NA,NA
208,S,S3,MEGA,13s,NA,NA,NA,NA,NA,NA,NA,NA,NA,NA
209,S,S3,MEGA,13s,NA,NA,NA,NA,NA,NA,NA,NA,NA,NA
210,S,S3,MEGA,13s,NA,NA,NA,NA,NA,NA,NA,NA,NA,NA
211,S,S3,MESO,13s,13.72279087,78,NA,NA,NA,NA,NA,NA,10.26614297,NA
212,S,S3,MESO,13s,NA,NA,NA,NA,NA,NA,NA,NA,NA,NA
213,S,S3,MESO,13s,NA,NA,NA,NA,NA,NA,NA,NA,NA,NA
214,S,S3,MESO,13s,NA,NA,NA,NA,NA,NA,NA,NA,NA,NA
215,S,S3,MESO,13s,NA,NA,NA,NA,NA,NA,NA,NA,NA,NA
216,S,S3,MESO,13s,NA,NA,NA,NA,NA,NA,NA,NA,NA,NA
217,S,S3,NA,13s,NA,NA,NA,NA,NA,NA,NA,NA,NA,NA
218,C,C1,CONT,13s,NA,NA,NA,NA,NA,0,0,1,NA,13.35525803
219,C,C1,CONT,13s,55.03332055,49.1,3,0,0,0,0,1,13.98528541,15.74205367
220,C,C1,CONT,13s,34.41960327,44,1,0,0,0,0,1,11.52724427,9.67420431
221,C,C1,CONT,13s,141.6645444,135,4,0,0,NA,NA,NA,26.87851879,NA
222,C,C1,CONT,13s,24.80632975,175,1,0,0,3,1,1,16.38357155,14.3674671
223,C,C1,CONT,13s,56.3451711,201,1,0,0,0,0,1,22.56527595,8.118798429
224,C,C1,CONT,13s,116.8986626,NA,NA,NA,NA,0,0,NA,NA,13.94570123
225,C,C1,CONT,13s,104.4841095,70,2,0,0,0,0,1,19.5002989,16.53807953
226,C,C1,CONT,13s,37.60989061,41,1,2,1,NA,NA,NA,11.59681318,NA
227,C,C1,CONT,13s,NA,NA,NA,NA,NA,0,0,1,NA,8.170077317
228,C,C1,CONT,13s,40.71504079,71,2,0,0,0,0,1,14.30392128,13.24057814
229,C,C1,CONT,13s,104.4115387,51,2,0,0,0,0,1,17.53989613,11.33294614
230,C,C1,CONT,13s,NA,NA,NA,NA,NA,NA,NA,NA,NA,NA
231,C,C1,CONT,13s,13.20254313,60,1,0,0,2,1,1,9.28461403,12.33819201
232,C,C1,CONT,13s,NA,NA,NA,NA,NA,NA,NA,NA,NA,NA
233,C,C1,CONT,13s,24.71812954,NA,NA,NA,NA,NA,NA,NA,NA,NA
234,C,C1,CONT,13s,90.59379319,45,2,0,0,0,0,1,16.04345797,13.30225763
235,C,C1,CONT,13s,50.0144692,73,1,2,1,0,0,1,15.46354809,14.48037318
236,C,C1,CONT,13s,39.3691825,20,2,0,0,NA,NA,NA,9.265915848,NA
237,C,C1,CONT,13s,15.48302523,41,1,0,0,0,0,1,8.622990217,8.722934566
238,C,C1,CONT,13s,24.71812954,NA,NA,NA,NA,NA,NA,NA,NA,7.476135733
239,C,C1,CONT,13s,34.31569509,151,1,10,1,1,1,1,17.38086026,15.63944062
240,C,C1,CONT,13s,58.76545408,40,2,0,0,NA,NA,NA,13.34950292,NA
241,C,C1,CONT,13s,45.84337664,61.1,1,0,0,0,0,1,14.15412132,14.77671653
242,C,C1,CONT,13s,15.90431281,73,1,0,0,0,0,1,10.54854139,10.09940168
243,C,C1,CONT,13s,12.19220693,51,1,0,0,NA,NA,NA,8.563622906,NA
244,C,C1,CONT,13s,0.418538681,7,1,0,0,NA,NA,NA,1.431699426,NA
245,C,C1,CONT,13s,NA,NA,NA,NA,NA,NA,NA,NA,NA,NA
246,C,C1,CONT,13s,52.16810951,81,3,0,0,0,0,1,16.23674854,14.38296585
247,C,C1,CONT,13s,19.87128039,81,1,0,0,0,0,1,11.76404226,11.55741861
248,C,C1,CONT,13s,31.27149181,110,1,0,0,0,0,1,15.15898294,17.03922187
249,C,C1,CONT,13s,NA,NA,NA,NA,NA,NA,NA,NA,NA,NA
250,C,C1,CONT,13s,NA,NA,NA,NA,NA,NA,NA,NA,NA,NA
251,C,C1,CONT,13s,5.309291585,70,1,0,0,0,0,1,7.211678507,6.612035868
252,C,C1,CONT,13s,3.07907496,30,1,0,0,0,0,1,4.530995978,NA
253,C,C1,CONT,13s,NA,NA,NA,NA,NA,NA,NA,NA,NA,NA
254,C,C1,CONT,13s,1.743662463,20,1,0,0,0,0,1,3.273099754,3.904291283
255,C,C1,CONT,13s,5.515458602,121,1,0,0,0,0,1,8.768221929,6.932060074
256,C,C1,CONT,13s,NA,NA,NA,NA,NA,NA,NA,1,NA,NA
257,C,C1,CONT,13s,NA,NA,NA,NA,NA,NA,NA,NA,NA,NA
258,C,C1,CONT,13s,NA,NA,NA,NA,NA,NA,NA,NA,NA,NA
259,C,C1,CONT,13s,NA,NA,NA,NA,NA,2,1,1,NA,16.80093393
260,C,C1,CONT,13s,14.58963482,NA,NA,NA,NA,NA,NA,NA,NA,NA
261,C,C1,CONT,13s,NA,NA,NA,NA,NA,0,0,1,NA,6.65277438
262,C,C1,CONT,13s,22.6484483,51,1,0,0,0,0,1,10.53048116,8.983581506
263,C,C1,CONT,13s,29.89924414,73,1,5,1,2,1,1,13.02313345,12.30718897
264,C,C1,CONT,13s,NA,NA,NA,NA,NA,NA,NA,NA,NA,NA
265,C,C1,CONT,13s,7.450601137,52,2,0,0,0,0,1,7.31249666,8.653902686
266,C,C1,CONT,13s,34.41960327,91,1,3,1,0,0,1,14.69211809,8.02897678
267,C,C1,CONT,13s,43.1247209,291,0,0,0,0,0,1,23.35173376,14.68621136
268,C,C1,CONT,13s,20.18858125,101,1,0,0,0,0,1,12.73058294,10.45124325
269,C,C1,CONT,13s,12.62928101,310,1,0,0,0,0,1,15.82821879,11.53647483
270,C,C1,CONT,13s,30.87627946,181,1,2,1,4,1,1,17.82513343,17.35141321
271,C,C1,CONT,13s,NA,NA,NA,NA,NA,0,0,1,NA,14.38383532
272,C,C1,LMH,13s,NA,NA,NA,NA,NA,NA,NA,NA,NA,NA
273,C,C1,LMH,13s,14.86169675,42,NA,NA,NA,NA,NA,NA,8.574591814,11.22732065
274,C,C1,LMH,13s,154.1343896,360,NA,NA,NA,NA,NA,NA,38.35713496,33.69571861
275,C,C1,LMH,13s,263.0219909,243,2,3,1,1,1,1,40.21084849,39.7488487
276,C,C1,LMH,13s,14.45454634,78.1,1,0,0,1,1,1,10.4502186,10.63495915
277,C,C1,LMH,13s,47.78362426,221,1,0,0,1,1,1,22.0443783,23.6029284
278,C,C1,LMH,13s,5.107051557,62,1,0,0,0,0,1,6.836118781,8.399006114
279,C,C1,LMH,13s,49.01669938,81,1,NA,NA,NA,NA,NA,15.9024768,NA
280,C,C1,LMH,13s,NA,NA,NA,NA,NA,NA,NA,NA,NA,NA
281,C,C1,LMH,13s,NA,NA,NA,NA,NA,NA,NA,NA,NA,NA
282,C,C1,LMH,13s,NA,NA,NA,NA,NA,NA,NA,NA,NA,NA
283,C,C1,LMH,13s,79.16939151,194,1,1,1,0,0,1,24.98106451,22.7710264
284,C,C1,LMH,13s,17.64601178,39,1,0,0,NA,NA,NA,8.858628096,NA
285,C,C1,LMH,13s,NA,NA,NA,NA,NA,0,0,1,NA,13.72122183
286,C,C1,LMH,13s,74.20316184,187,1,5,1,0,0,1,24.148484,23.2151347
287,C,C1,LMH,13s,78.0692843,175,3,0,0,NA,NA,0,24.02358429,22.20943713
288,C,C1,LMH,13s,55.54971984,220,1,0,0,NA,NA,NA,23.14594681,NA
289,C,C1,LMH,13s,170.641574,210,1,0,0,0,0,1,33.14736214,23.12951487
290,C,C1,LMH,13s,138.0946741,221,1,2,1,5,1,1,31.41724125,25.67846375
291,C,C1,LMH,13s,44.17864669,167.7,1,0,0,0,0,1,19.58438246,17.82513343
292,C,C1,LMH,13s,48.76882772,310,2,4,1,2,1,1,24.84977143,25.36026996
293,C,C1,LMH,13s,19.87128039,171,1,0,0,1,1,1,15.09712373,14.14200162
294,C,C1,LMH,13s,46.56625711,310,1,NA,NA,0,0,1,24.46931007,24.54725535
295,C,C1,LMH,13s,38.3746328,59,1,0,0,0,0,1,13.18341992,13.79532978
296,C,C1,LMH,13s,64.0420731,155,1,2,1,1,1,1,21.5936426,18.95019575
297,C,C1,LMH,13s,34.211944,155,1,0,0,2,1,1,17.51551901,21.82537094
298,C,C1,LMH,13s,NA,NA,NA,NA,NA,NA,NA,NA,NA,NA
299,C,C1,LMH,13s,NA,NA,NA,NA,NA,NA,NA,NA,NA,NA
300,C,C1,LMH,13s,114.7639504,220,1,NA,NA,0,0,1,29.49025934,33.04180792
301,C,C1,LMH,13s,52.29620795,261,1,0,0,0,0,1,24.01605929,22.36695396
302,C,C1,LMH,13s,67.49154184,91,1,0,0,NA,NA,1,18.39569999,NA
303,C,C1,LMH,13s,71.33056806,270,1,2,1,0,0,1,26.94149788,20.8156007
304,C,C1,LMH,13s,5.557163245,20,1,0,0,0,0,1,4.819651481,4.736107739
305,C,C1,LMH,13s,22.56417508,175,1,4,1,0,0,1,15.87351197,16.09319294
306,C,C1,LMH,13s,9.294087706,14,1,0,0,0,0,1,5.080051751,2.82529808
307,C,C1,LMH,13s,3.596809429,27,1,0,0,0,0,1,4.607352507,5.114567797
308,C,C1,LMH,13s,78.0692843,210,1,0,0,1,1,1,25.53126704,17.12960052
309,C,C1,LMH,13s,10.00982105,48,1,0,0,0,0,1,7.857266685,8.487425022
310,C,C1,LMH,13s,3.236547292,25,1,0,0,0,0,1,4.335017387,5.604819118
311,C,C1,LMH,13s,10.57844932,42,1,0,0,0,0,1,7.654589165,4.877155234
312,C,C1,LMH,13s,45.00716321,180,1,4,1,1,1,1,20.17744217,17.29507825
313,C,C1,LMH,13s,41.85386813,230,1,0,0,0,0,1,21.37344306,17.52558408
314,C,C1,LMH,13s,43.70866443,140,1,0,0,2,1,1,18.37315643,15.19481374
315,C,C1,LMH,13s,NA,NA,NA,NA,NA,NA,NA,1,NA,NA
316,C,C1,MEGA,13s,NA,NA,NA,NA,NA,NA,NA,NA,NA,NA
317,C,C1,MEGA,13s,30.87627946,108,1,2,1,0,0,1,15.00256742,11.68235097
318,C,C1,MEGA,13s,43.00840343,124,1,0,0,0,0,1,17.54874783,15.57219844
319,C,C1,MEGA,13s,29.80240455,140,1,0,0,1,1,1,16.16811162,14.80827506
320,C,C1,MEGA,13s,12.25417484,51,1,0,0,0,0,1,8.578129254,14.31616951
321,C,C1,MEGA,13s,NA,NA,NA,NA,NA,3,1,1,NA,23.90636462
322,C,C1,MEGA,13s,NA,NA,NA,NA,NA,0,0,1,NA,10.88136199
323,C,C1,MEGA,13s,NA,NA,NA,NA,NA,0,0,1,NA,14.15435588
324,C,C1,MEGA,13s,NA,NA,NA,NA,NA,0,0,1,NA,13.72415377
325,C,C1,MEGA,13s,76.37290281,10,1,0,0,2,1,1,9.172037571,24.33023052
326,C,C1,MEGA,13s,42.77623973,161,1,0,0,6,1,1,19.11266302,19.76740015
327,C,C1,MEGA,13s,31.66921744,101,1,0,0,0,0,1,14.79538457,11.74463461
328,C,C1,MEGA,13s,12.69234848,60,NA,NA,NA,NA,NA,NA,9.163256201,7.335269074
329,C,C1,MEGA,13s,20.66924493,190,1,0,0,0,0,1,15.84450582,11.53917074
330,C,C1,MEGA,13s,42.89224304,230.1,1,0,0,1,1,1,21.55215583,22.43487907
331,C,C1,MEGA,13s,43.66334696,121,3,0,0,0,0,1,17.49389423,17.00693596
332,C,C1,MEGA,13s,NA,NA,NA,NA,NA,NA,NA,NA,NA,NA
333,C,C1,MEGA,13s,12.06874234,68.8,2,0,0,0,0,1,9.431662699,7.090354989
334,C,C1,MEGA,13s,54.69465686,220,4,NA,1,0,0,1,23.02638815,19.97113288
335,C,C1,MEGA,13s,16.25970548,159.3,1,0,0,0,0,1,13.78909003,14.18877594
336,C,C1,MEGA,13s,71.11081365,209.8,4,NA,1,3,1,1,24.73993011,24.41145179
337,C,C1,MEGA,13s,5.725552611,46.5,1,0,0,0,0,1,6.451691613,6.142141597
338,C,C1,MEGA,13s,18.55079046,122.4,1,1,1,0,0,1,13.19606946,13.25760048
339,C,C1,MEGA,13s,NA,NA,NA,NA,NA,NA,NA,NA,NA,NA
340,C,C1,MEGA,13s,50.0144692,140.5,2,2,1,1,1,1,19.24155702,19.5659149
341,C,C1,MEGA,13s,91.97750768,204.8,4,NA,1,6,1,1,26.74283773,25.22073514
342,C,C1,MEGA,13s,NA,NA,NA,NA,NA,NA,NA,NA,NA,NA
343,C,C1,MEGA,13s,5.432520556,91,1,0,0,0,0,1,7.932369685,8.432705432
344,C,C1,MEGA,13s,16.33125525,152,1,0,0,0,0,1,13.59474264,9.554584231
345,C,C1,MEGA,13s,14.86169675,98,1,0,0,0,0,1,11.37789871,9.471839227
346,C,C1,MEGA,13s,41.62484602,161,2,0,0,2,1,1,18.93935158,22.03691538
347,C,C1,MEGA,13s,83.16117767,170.1,1,0,0,3,1,1,24.3041903,22.44133091
348,C,C1,MEGA,13s,48.52158438,300,1,NA,NA,NA,1,1,24.53755726,25.53996896
349,C,C1,MEGA,13s,24.98320142,113,1,0,0,0,0,1,14.19125854,12.44942053
350,C,C1,MEGA,13s,12.06874234,70,NA,NA,NA,NA,NA,NA,9.486266744,NA
351,C,C1,MEGA,13s,NA,NA,NA,NA,NA,NA,NA,NA,NA,NA
352,C,C1,MEGA,13s,64.0420731,210,1,5,1,5,1,1,23.89771761,24.17780108
353,C,C1,MEGA,13s,142.9268363,235,2,10,1,1,1,1,32.43846612,27.96745377
354,C,C1,MEGA,13s,38.92558962,170,1,0,0,3,1,1,18.85952755,21.0485518
355,C,C1,MEGA,13s,82.03358153,200,1,NA,NA,NA,1,1,25.53759093,27.90204466
356,C,C1,MEGA,13s,13.07405199,90,NA,NA,NA,NA,NA,NA,10.59579933,10.79469333
357,C,C1,MEGA,13s,13.13821902,78,1,0,0,0,0,1,10.11802108,8.157391692
358,C,C1,MEGA,13s,27.06238598,210,1,0,0,1,1,1,17.92519229,20.26878966
359,C,C1,MEGA,13s,41.85386813,140.1,1,0,0,2,1,1,18.11341262,21.53801619
360,C,C1,MEGA,13s,NA,NA,NA,NA,NA,NA,NA,NA,NA,NA
361,C,C1,MEGA,13s,53.06809726,300,1,NA,NA,NA,1,1,25.28235691,25.7104152
362,C,C1,MESO,13s,52.16810951,167.5,1,1,1,2,1,1,20.69370756,20.07329786
363,C,C1,MESO,13s,0.3848451,6.3,NA,0,0,NA,NA,NA,1.344024233,NA
364,C,C1,MESO,13s,29.96223308,36.2,4,0,0,0,0,1,10.31158683,9.988602581
365,C,C1,MESO,13s,NA,NA,NA,NA,NA,NA,NA,NA,NA,NA
366,C,C1,MESO,13s,33.49008455,159,1,0,0,2,1,1,17.53982461,19.26292677
367,C,C1,MESO,13s,25.96722678,246.5,1,3,1,2,1,1,18.65131639,19.39281945
368,C,C1,MESO,13s,18.32247521,45.7,1,0,0,0,0,1,9.458162514,9.741076565
369,C,C1,MESO,13s,10.75210086,36.8,1,0,0,0,0,1,7.364092339,6.649135101
370,C,C1,MESO,13s,74.50883881,174,3,0,0,2,1,1,23.60690235,23.26200145
371,C,C1,MESO,13s,68.58293112,209,3,8,1,4,1,1,24.41161858,29.97622562
372,C,C1,MESO,13s,142.0000665,172.5,4,8,1,1,1,1,29.19364386,31.37870981
373,C,C1,MESO,13s,NA,NA,NA,NA,NA,0,0,1,NA,15.18671723
374,C,C1,MESO,13s,53.32665034,179,1,0,0,0,0,1,21.31329346,19.85597725
375,C,C1,MESO,13s,63.75870144,295,1,0,0,NA,NA,0,26.72947635,20.79835559
376,C,C1,MESO,13s,NA,NA,NA,NA,NA,NA,NA,NA,NA,NA
377,C,C1,MESO,13s,43.9433414,301,1,0,0,7,1,1,23.76535645,20.57943325
378,C,C1,MESO,13s,26.238896,161,1,0,0,0,0,1,16.23526727,7.145089175
379,C,C1,MESO,13s,33.1830724,221,1,0,0,5,1,1,19.517704,17.28504033
380,C,C1,MESO,13s,NA,NA,NA,NA,NA,NA,NA,NA,NA,NA
381,C,C1,MESO,13s,30.97484693,161,1,0,0,8,1,1,17.16002011,15.60545137
382,C,C1,MESO,13s,3.110255267,51,1,0,0,0,0,1,5.427372364,3.882570752
383,C,C1,MESO,13s,NA,NA,NA,NA,NA,NA,NA,NA,NA,NA
384,C,C1,MESO,13s,NA,NA,NA,NA,NA,NA,NA,NA,NA,NA
385,C,C1,MESO,13s,NA,NA,NA,NA,NA,NA,NA,NA,NA,NA
386,C,C1,MESO,13s,NA,NA,NA,NA,NA,NA,NA,NA,NA,NA
387,C,C1,MESO,13s,52.93905635,88.3,8,0,0,0,0,1,16.79334693,15.20368707
388,C,C1,MESO,13s,NA,NA,NA,NA,NA,NA,NA,NA,NA,NA
389,C,C1,MESO,13s,13.46141036,90.2,1,0,0,0,0,1,10.7075198,11.14042699
390,C,C1,MESO,13s,10.34911306,5.5,NA,0,0,NA,NA,NA,3.854724889,NA
391,C,C1,MESO,13s,1.517467792,12.8,0,0,0,0,0,1,2.692199514,2.82700679
392,C,C1,MESO,13s,6.469246132,38.2,1,0,0,0,0,1,6.293213731,6.004611072
393,C,C1,MESO,13s,15.97507718,80.8,1,0,0,0,0,1,10.92835976,9.388766468
394,C,C1,MESO,13s,16.47482603,59.8,1,0,0,0,0,1,9.985820027,7.896369866
395,C,C1,MESO,13s,194.0863375,314.1,1,1,1,0,0,1,39.58106791,38.23878839
396,C,C1,MESO,13s,78.0692843,346.3,1,NA,1,NA,1,1,30.17139635,31.70090545
397,C,C1,MESO,13s,91.43927432,184,4,7,1,3,1,1,25.75304191,25.23638716
398,C,C1,MESO,13s,63.33482206,210,1,3,1,0,0,1,23.8092837,22.98991988
399,C,C1,MESO,13s,12.81895466,34.5,2,0,0,3,1,1,7.642832196,15.17704105
400,C,C1,MESO,13s,NA,NA,NA,NA,NA,0,0,1,NA,9.810247855
401,C,C1,MESO,13s,16.18831278,184,2,3,1,0,0,1,14.44764997,14.94274135
402,C,C1,MESO,13s,53.70866801,155,7,0,0,1,1,1,20.36164446,20.08182909
403,C,C2,CONT,13s,6.514406526,42,1,0,0,NA,NA,NA,6.510749286,NA
404,C,C2,CONT,13s,4.561671073,22,2,0,0,NA,NA,NA,4.658155116,NA
405,C,C2,LMH,13s,161.9566411,400,1,NA,1,NA,1,1,40.39240672,40.44873101
406,C,C2,LMH,13s,65.46835617,356.4,1,NA,NA,NA,1,1,28.7237576,27.35418317
407,C,C2,LMH,13s,11.10364507,198,1,0,0,1,1,1,13.05468341,12.4501618
408,C,C2,LMH,13s,65.24781636,153.4,2,0,0,2,1,1,21.65338755,19.48511757
409,C,C2,LMH,13s,192.9570135,400,4,NA,1,NA,1,1,42.82455649,39.67250638
410,C,C2,LMH,13s,93.82751305,359,1,NA,1,NA,NA,NA,32.46947659,NA
411,C,C2,LMH,13s,5.391287153,90.7,1,0,0,0,0,1,7.903500675,5.945709118
412,C,C2,LMH,13s,26.51197894,90.4,1,0,0,0,0,1,13.43627659,10.28345915
413,C,C2,LMH,13s,1.790786352,20.9,1,0,0,0,0,1,3.351256076,4.002226234
414,C,C2,LMH,13s,NA,NA,NA,NA,NA,0,0,NA,NA,4.292405455
415,C,C2,LMH,13s,NA,NA,NA,NA,NA,0,0,NA,NA,6.505033935
416,C,C2,LMH,13s,NA,NA,NA,NA,NA,0,0,NA,NA,5.992725914
417,C,C2,LMH,13s,19.55649281,107,1,0,0,3,1,1,12.84113112,7.484049725
418,C,C2,LMH,13s,19.16654262,77,1,0,0,3,1,1,11.42821406,13.3160936
419,C,C2,LMH,13s,2.83528737,6.4,NA,0,0,0,0,1,2.631729266,3.171523711
420,C,C2,LMH,13s,NA,NA,NA,NA,NA,NA,NA,NA,NA,NA
421,C,C2,LMH,13s,NA,NA,NA,NA,NA,0,0,1,NA,4.207039042
422,C,C2,LMH,13s,1.838538561,17.3,1,0,0,0,0,1,3.174052558,3.848371682
423,C,C2,LMH,13s,NA,NA,NA,NA,NA,NA,NA,NA,NA,NA
424,C,C2,LMH,13s,NA,NA,NA,NA,NA,0,0,NA,NA,2.82700679
425,C,C2,LMH,13s,3.204738666,8.3,NA,0,0,NA,NA,NA,2.990139001,NA
426,C,C2,LMH,13s,NA,NA,NA,NA,NA,NA,NA,NA,NA,NA
427,C,C2,LMH,13s,112.9089185,293,1,NA,1,NA,NA,0,32.2746586,32.42193842
428,C,C2,LMH,13s,NA,NA,NA,NA,NA,NA,NA,NA,NA,NA
429,C,C2,LMH,13s,NA,NA,NA,NA,NA,NA,NA,NA,NA,NA
430,C,C2,LMH,13s,NA,NA,NA,NA,NA,NA,NA,NA,NA,NA
431,C,C2,LMH,13s,2.269800692,25.8,1,0,0,0,0,1,3.891469396,4.058879074
432,C,C2,LMH,13s,4.637697615,1.3,NA,0,0,NA,NA,NA,1.82173045,NA
433,C,C2,LMH,13s,NA,NA,NA,NA,NA,NA,NA,NA,NA,NA
434,C,C2,LMH,13s,29.22466566,133.8,1,0,0,1,1,1,15.82171476,17.77020924
435,C,C2,LMH,13s,261.5866758,403,1,NA,1,NA,1,1,47.52214516,48.85806293
436,C,C2,LMH,13s,NA,NA,NA,NA,NA,0,0,NA,NA,3.517261171
437,C,C2,LMH,13s,19.71357244,183,1,1,1,2,1,1,15.40183385,16.29138495
438,C,C2,LMH,13s,1.91134497,31.2,1,0,0,0,0,1,3.915132205,3.805755693
439,C,C2,LMH,13s,106.2305208,178.9,2,9,1,5,1,1,26.82206187,27.27672632
440,C,C2,LMH,13s,20.99282897,156.3,1,1,1,5,1,1,14.92183997,16.87075618
441,C,C2,LMH,13s,45.00716321,191.6,1,4,1,3,1,1,20.60255547,20.86987314
442,C,C2,LMH,13s,12.44102107,102.8,3,1,1,1,1,1,10.89476476,9.974530743
443,C,C2,LMH,13s,42.42917228,186.8,2,2,1,5,1,1,20.03043141,21.0444587
444,C,C2,LMH,13s,17.05539236,20,1,0,0,NA,NA,NA,7.008141437,NA
445,C,C2,LMH,13s,13.13821902,40,2,0,0,0,0,1,8.095951039,7.856842376
446,C,C2,LMH,13s,39.7035265,180,1,0,0,4,1,1,19.35027717,18.64140462
447,C,C2,LMH,13s,295.5924528,400,1,NA,NA,NA,1,1,49.37789966,37.93193688
448,C,C2,LMH,13s,NA,NA,NA,NA,NA,NA,NA,NA,NA,NA
449,C,C2,LMH,13s,43.24119544,400,0,NA,NA,NA,1,1,25.99184371,24.88064998
450,C,C2,MEGA,13s,10.52087964,51,1,0,0,0,0,1,8.152317876,8.558753767
451,C,C2,MEGA,13s,3.940813825,13,0,0,0,0,0,1,3.721553747,2.273206129
452,C,C2,MEGA,13s,62.4448874,48,2,0,0,0,0,1,14.47787593,13.35006004
453,C,C2,MEGA,13s,32.53472622,42,2,0,0,0,0,1,11.13820254,10.38803805
454,C,C2,MEGA,13s,34.94150035,85,1,0,0,0,0,1,14.43367484,10.4778421
455,C,C2,MEGA,13s,138.9290811,100,1,0,0,1,1,1,24.15830868,23.49726148
456,C,C2,MEGA,13s,153.6592237,76,4,2,1,0,0,1,22.79750592,17.02760557
457,C,C2,MEGA,13s,18.6272097,52,1,0,0,0,0,1,9.929399333,8.146563195
458,C,C2,MEGA,13s,3.17308712,10,1,0,0,0,0,1,3.171523711,3.244916466
459,C,C2,MEGA,13s,1.790786352,10,1,0,0,0,0,1,2.62015607,2.71714891
460,C,C2,MEGA,13s,5.067074791,7,1,0,0,0,0,1,3.291678041,2.57452021
461,C,C2,MEGA,13s,11.04466167,8,1,0,0,0,0,1,4.464272447,0.841939723
462,C,C2,MEGA,13s,7.992290251,16,3,0,0,0,0,1,5.050678495,2.777210808
463,C,C2,MEGA,13s,177.8946475,70,1,0,0,0,0,1,23.29152605,19.97301369
464,C,C2,MEGA,13s,7.942260388,14,1,0,0,0,0,1,4.820351791,4.518460022
465,C,C2,MEGA,13s,84.38592757,162,4,5,1,5,1,1,24.0285118,22.93128365
466,C,C2,MEGA,13s,4.791635655,20,1,0,0,0,0,1,4.586971046,7.003615555
467,C,C2,MEGA,13s,9.897980354,71,1,0,0,0,0,1,8.920771427,9.563924313
468,C,C2,MEGA,13s,5.810689772,38,1,0,0,NA,NA,NA,6.061014947,NA
469,C,C2,MEGA,13s,186.5070096,190,2,17,1,11,1,1,33.02387328,33.26172198
470,C,C2,MEGA,13s,0.3848451,38,1,0,0,0,0,1,2.448821186,5.765647954
471,C,C2,MEGA,13s,7.068583471,73,1,0,0,0,0,1,8.046679438,7.953588724
472,C,C2,MEGA,13s,156.1450089,187,1,3,1,2,1,1,30.95696102,31.68535075
473,C,C2,MEGA,13s,4.300526183,50,1,0,0,0,0,1,6.007579433,6.568100373
474,C,C2,MEGA,13s,302.6428935,229,1,8,1,3,1,1,41.31273125,40.88192199
475,C,C2,MESO,13s,38.15534964,129,2,0,0,2,1,1,17.08512762,15.77136663
476,C,C2,MESO,13s,29.22466566,132,1,0,0,4,1,1,15.75033484,15.71091571
477,C,C2,MESO,13s,62.49130443,130,1,0,0,0,0,1,20.19620018,18.95976552
478,C,C2,MESO,13s,132.3241967,160,2,27,1,5,1,1,27.80670531,31.56939432
479,C,C2,MESO,13s,233.9872346,180,3,5,1,3,1,1,34.9842027,30.31008921
480,C,C2,MESO,13s,10.57844932,32,1,0,0,0,0,1,6.990280011,7.098299483
481,C,C2,MESO,13s,66.62069235,100,1,0,0,1,1,1,18.90198106,15.47910256
482,C,C2,MESO,13s,NA,NA,NA,NA,NA,NA,NA,NA,NA,NA
483,C,C2,MESO,13s,67.63723319,335,1,40,1,NA,1,1,28.4438594,28.86903885
484,C,C2,MESO,13s,NA,NA,NA,NA,NA,NA,NA,NA,NA,NA
485,C,C2,MESO,13s,119.9849633,370,1,20,1,NA,1,1,35.60451372,30.66712277
486,C,C2,MESO,13s,75.42963961,103,1,0,0,0,0,1,19.89749694,20.61952745
487,C,C2,MESO,13s,48.27496935,111,1,5,1,0,0,1,17.57669406,16.89960078
488,C,C2,MESO,13s,37.93669479,151,2,0,0,2,1,1,17.97280884,18.22590787
489,C,C2,MESO,13s,341.0076303,300,2,17,1,NA,1,1,47.04833002,48.76615428
490,C,C2,MESO,13s,44.76965881,200,0,0,0,0,0,1,20.86291834,19.14354668
491,C,C2,MESO,13s,67.05541024,107,1,0,0,NA,NA,NA,19.37581947,NA
492,C,C2,MESO,13s,79.0117621,187,1,10,1,5,1,1,24.66003603,23.51807541
493,C,C2,MESO,13s,2.010619298,32,1,0,0,0,0,1,4.015677427,3.333991373
494,C,C2,MESO,13s,20.66924493,118,1,0,0,1,1,1,13.51496313,13.30063914
495,C,C2,MESO,13s,6.069871166,17,1,0,0,0,0,1,4.701618896,4.592153471
496,C,C2,MESO,13s,32.57328927,46,2,0,0,0,0,1,11.48620973,7.088136676
497,C,C2,MESO,13s,3.596809429,41,1,0,0,0,0,1,5.296857892,5.644460611
498,C,C2,MESO,13s,96.07273078,261,2,15,1,NA,1,1,29.42261097,30.43171477
499,C,C2,MESO,13s,76.35609529,251,2,20,1,NA,1,1,26.89758607,NA
500,C,C2,MESO,13s,NA,NA,NA,NA,NA,NA,NA,NA,NA,NA
501,C,C3,CONT,13s,0.754296396,6.5,NA,0,0,0,0,1,1.700230111,3.845264838
502,C,C3,CONT,13s,6.268812521,25.3,2,0,0,0,0,1,5.427120344,6.084325475
503,C,C3,CONT,13s,7.992290251,40.4,1,0,0,0,0,1,6.880883484,7.689181622
504,C,C3,CONT,13s,0.849486654,5.6,NA,0,0,0,0,1,1.683180448,2.8926287
505,C,C3,CONT,13s,46.20411001,123.5,5,2,1,1,1,1,17.94949058,23.20024527
506,C,C3,CONT,13s,NA,NA,NA,NA,NA,NA,NA,NA,NA,NA
507,C,C3,CONT,13s,NA,NA,NA,NA,NA,0,0,NA,NA,1.644100126
508,C,C3,CONT,13s,NA,NA,NA,NA,NA,0,0,NA,NA,3.224056462
509,C,C3,CONT,13s,NA,NA,NA,NA,NA,NA,NA,NA,NA,NA
510,C,C3,CONT,13s,5.853493972,NA,NA,NA,NA,NA,NA,NA,NA,NA
511,C,C3,CONT,13s,NA,NA,NA,NA,NA,NA,NA,NA,NA,NA
512,C,C3,CONT,13s,0.395919214,NA,NA,NA,NA,NA,NA,NA,NA,NA
513,C,C3,CONT,13s,1.188228881,20,1,0,0,0,0,1,2.879735583,3.169326003
514,C,C3,CONT,13s,2.08672438,16,1,0,0,NA,NA,NA,3.225871386,NA
515,C,C3,CONT,13s,NA,NA,NA,NA,NA,NA,NA,NA,NA,NA
516,C,C3,CONT,13s,NA,NA,NA,NA,NA,NA,NA,NA,NA,NA
517,C,C3,CONT,13s,NA,NA,NA,NA,NA,NA,NA,NA,NA,NA
518,C,C3,CONT,13s,1.188228881,NA,NA,NA,NA,NA,NA,NA,NA,NA
519,C,C3,CONT,13s,20.42820623,71.9,1,0,0,NA,NA,0,11.40999629,10.61676258
520,C,C3,CONT,13s,3.905706527,14.7,1,0,0,0,0,1,3.8658562,2.814583263
521,C,C3,CONT,13s,27.98907727,191,3,0,0,0,0,1,17.56287676,8.575474196
522,C,C3,CONT,13s,218.1520368,134.7,8,5,1,3,1,1,31.02264285,21.06041984
523,C,C3,CONT,13s,30.77786907,61.9,2,1,1,1,1,1,12.44515834,13.05504812
524,C,C3,CONT,13s,NA,NA,NA,NA,NA,0,0,NA,NA,2.972726515
525,C,C3,CONT,13s,NA,NA,NA,NA,NA,NA,NA,NA,NA,NA
526,C,C3,CONT,13s,NA,NA,NA,NA,NA,NA,NA,NA,NA,NA
527,C,C3,CONT,13s,NA,NA,NA,NA,NA,NA,NA,NA,NA,NA
528,C,C3,CONT,13s,61.37541072,162,1,9,1,NA,NA,NA,21.60547033,NA
529,C,C3,CONT,13s,55.81424194,NA,NA,NA,NA,NA,NA,NA,NA,NA
530,C,C3,CONT,13s,189.2866908,87,4,0,0,7,1,1,25.56936724,22.05245294
531,C,C3,CONT,13s,NA,NA,NA,NA,NA,NA,NA,NA,NA,NA
532,C,C3,CONT,13s,NA,NA,NA,NA,NA,NA,NA,NA,NA,NA
533,C,C3,CONT,13s,NA,NA,NA,NA,NA,NA,NA,NA,NA,NA
534,C,C3,CONT,13s,318.7664895,245,3,NA,NA,NA,NA,1,42.99337844,37.17846461
535,C,C3,CONT,13s,217.2777316,251,2,NA,NA,NA,NA,1,38.13624409,37.57015876
536,C,C3,CONT,13s,154.5984813,72,8,0,0,0,0,1,22.43529384,11.99347339
537,C,C3,LMH,13s,144.7347443,188,4,56,1,9,1,1,30.23635982,27.84965251
538,C,C3,LMH,13s,5.599024967,33.1,1,0,0,0,0,1,5.716749735,5.530660978
539,C,C3,LMH,13s,2.460573906,36.1,1,0,0,0,0,1,4.472176631,5.787028787
540,C,C3,LMH,13s,1.561450089,25,1,0,0,0,0,1,3.398675655,4.420998239
541,C,C3,LMH,13s,2.544690049,7,1,0,0,0,0,1,2.615505805,2.846562575
542,C,C3,LMH,13s,3.204738666,13,1,0,0,0,0,1,3.473336904,4.629522918
543,C,C3,LMH,13s,78.85428976,221,1,1,1,0,0,1,26.05705956,27.27841289
544,C,C3,LMH,13s,NA,NA,NA,NA,NA,NA,NA,NA,NA,NA
545,C,C3,LMH,13s,53.97578192,209,1,0,0,0,0,1,22.53567609,17.34637546
546,C,C3,LMH,13s,0.985203456,9,1,0,0,0,0,1,2.072103074,1.961726169
547,C,C3,LMH,13s,4.486272849,23.1,1,0,0,0,0,1,4.708379675,3.887639344
548,C,C3,LMH,13s,57.95303822,500,2,NA,NA,NA,NA,1,30.87797234,28.28128583
549,C,C3,LMH,13s,NA,NA,NA,NA,NA,0,0,NA,NA,4.398714435
550,C,C3,LMH,13s,157.4052588,173,3,6,1,4,1,1,30.24414016,29.38512444
551,C,C3,LMH,13s,8.50122826,79,1,0,0,0,0,1,8.786721671,8.622487276
552,C,C3,LMH,13s,9.786767974,45,1,0,0,2,1,1,7.632147461,6.358182083
553,C,C3,LMH,13s,36.96052341,135,2,0,0,0,0,1,17.16314454,22.92559597
554,C,C3,LMH,13s,81.2328681,221,1,3,1,0,0,1,26.31686864,26.17216344
555,C,C3,LMH,13s,36.21007547,125,2,1,1,1,1,1,16.61361822,13.37636778
556,C,C3,LMH,13s,92.80021225,210,1,0,0,0,0,1,27.0479271,27.13093567
557,C,C3,LMH,13s,81.07319666,182,1,6,1,0,0,1,24.64895522,26.81210853
558,C,C3,LMH,13s,105.8654678,281,1,NA,NA,1,1,1,31.15010155,29.34349812
559,C,C3,LMH,13s,NA,NA,NA,NA,NA,NA,NA,1,NA,NA
560,C,C3,LMH,13s,38.15534964,260,1,1,1,1,1,1,21.58918954,22.36745966
561,C,C3,LMH,13s,3.63050301,NA,NA,NA,NA,NA,NA,NA,NA,NA
562,C,C3,LMH,13s,7.499060204,154,1,0,0,0,0,1,10.52982494,9.758355473
563,C,C3,LMH,13s,NA,NA,NA,NA,NA,NA,NA,NA,NA,NA
564,C,C3,LMH,13s,NA,NA,NA,NA,NA,NA,NA,NA,NA,NA
565,C,C3,MEGA,13s,94.17120329,151.1,4,17,1,0,0,1,24.35202169,27.88054093
566,C,C3,MEGA,13s,94.28398646,201.8,3,3,1,2,1,1,26.83236172,23.95919597
567,C,C3,MEGA,13s,6.788667565,57.7,1,2,1,0,0,1,7.339334861,7.718846888
568,C,C3,MEGA,13s,4.523893421,46.4,1,0,0,0,0,1,5.959461856,7.031245827
569,C,C3,MEGA,13s,5.391287153,52.9,1,0,0,0,0,1,6.601585601,5.888152624
570,C,C3,MEGA,13s,51.91238387,168.5,2,43,1,0,0,1,20.7008826,21.61718628
571,C,C3,MEGA,13s,31.07357148,180,1,5,1,1,1,1,17.8300689,NA
572,C,C3,MEGA,13s,2.035830579,23.3,1,0,0,0,0,1,3.627130299,5.196353738
573,C,C3,MEGA,13s,NA,NA,NA,NA,NA,NA,NA,NA,NA,NA
574,C,C3,MEGA,13s,492.839311,153.7,1,9,1,NA,NA,NA,42.55738103,NA
575,C,C3,MEGA,13s,NA,NA,NA,NA,NA,0,0,NA,NA,4.693207543
576,C,C3,MEGA,13s,31.969161,129,1,0,0,0,0,1,16.10536458,19.74872688
577,C,C3,MEGA,13s,127.0761662,292,1,16,1,NA,NA,NA,33.53546887,NA
578,C,C3,MEGA,13s,NA,NA,NA,NA,NA,2,1,NA,NA,10.94387714
579,C,C3,MEGA,13s,12.75557303,52.9,1,0,0,NA,NA,NA,8.800558158,NA
580,C,C3,MEGA,13s,17.64601178,92.8,1,0,0,0,0,1,11.83191362,12.84869578
581,C,C3,MEGA,13s,5.147185404,30.6,1,0,0,0,0,1,5.414558412,5.565632489
582,C,C3,MEGA,13s,0.061575216,12,0,0,0,0,0,1,0.903915828,1.914658898
583,C,C3,MEGA,13s,4.675946506,45.7,1,0,0,0,0,1,5.99509641,7.204336286
584,C,C3,MEGA,13s,60.20304688,228,2,1,1,3,1,1,24.06119597,27.75185524
585,C,C3,MEGA,13s,121.9343215,200,1,0,0,0,0,1,29.15055,30.24577792
586,C,C3,MEGA,13s,36.85284532,155,2,13,1,1,1,1,17.95577194,5.952394039
587,C,C3,MEGA,13s,26.42079422,99,1,0,0,1,1,1,13.83424099,12.68288089
588,C,C3,MEGA,13s,63.90030873,290,NA,NA,NA,NA,NA,NA,26.59705872,24.59292696
589,C,C3,MEGA,13s,37.28450015,151,1,0,0,0,0,1,17.86905907,8.054537826
590,C,C3,MEGA,13s,30.48358038,104,NA,NA,NA,NA,NA,NA,14.75155506,NA
591,C,C3,MEGA,13s,191.6248997,370,NA,NA,NA,NA,NA,NA,41.62793858,NA
592,C,C3,MEGA,13s,NA,NA,NA,NA,NA,0,0,NA,NA,2.494560478
593,C,C3,MEGA,13s,54.62884049,151,NA,NA,NA,NA,NA,NA,20.29948795,NA
594,C,C3,MEGA,13s,NA,NA,NA,NA,NA,NA,NA,NA,NA,NA
595,C,C3,MEGA,13s,NA,NA,NA,NA,NA,0,0,NA,NA,9.328102258
596,C,C3,MEGA,13s,32.57328927,38,2,0,0,0,0,1,10.77645434,9.60870422
597,C,C3,MESO,13s,73.89811319,182,2,17,1,16,1,1,23.89808614,25.16348023
598,C,C3,MESO,13s,93.75831947,173.5,3,24,1,0,0,1,25.46481668,26.62992663
599,C,C3,MESO,13s,36.15423366,141.8,2,4,1,1,1,1,17.3190511,17.2026393
600,C,C3,MESO,13s,207.3411881,137.5,7,32,1,7,1,1,30.7108963,32.02228742
601,C,C3,MESO,13s,3.496671163,25,1,0,0,0,0,1,4.448351472,2.504275359
602,C,C3,MESO,13s,1.495712262,26.4,1,0,0,0,0,1,3.411721545,3.619204475
603,C,C3,MESO,13s,130.1650586,151,6,5,1,11,1,1,27.12503225,25.67067311
604,C,C3,MESO,13s,0.708821842,3.9,1,0,0,NA,NA,NA,1.404197505,NA
605,C,C3,MESO,13s,NA,212.5,3,16,1,NA,1,1,NA,23.73589969
606,C,C3,MESO,13s,100.0964827,153,8,2,1,1,1,1,24.95709511,17.39399292
607,C,C3,MESO,13s,38.01939721,51.2,3,4,1,0,0,1,12.53489136,10.94348053
608,C,C3,MESO,13s,14.72535163,35.8,5,0,0,0,0,1,8.104370881,8.758617637
609,C,C3,MESO,13s,60.96142735,157.3,3,NA,1,17,1,1,21.34586508,20.99295244
610,C,C3,MESO,13s,NA,NA,NA,NA,NA,NA,NA,NA,NA,NA
611,C,C3,MESO,13s,29.36077516,39.4,4,0,0,0,0,1,10.53578558,8.769301345
612,C,C3,MESO,13s,376.8984414,167.1,6,8,1,13,1,1,40.01358146,25.10170899
613,C,C3,MESO,13s,7.068583471,19.7,4,0,0,0,0,1,5.196424189,7.175051719
614,C,C3,MESO,13s,NA,NA,NA,NA,NA,NA,NA,NA,NA,2.053645288
615,C,C3,MESO,13s,18.020254,80.7,2,4,1,1,1,1,11.37212733,12.56113729
616,C,C3,MESO,13s,141.9403762,214,5,42,1,NA,1,1,31.36778346,30.82551152
617,C,C3,MESO,13s,43.53030051,102.8,3,4,1,3,1,1,16.55046186,18.66534498
618,C,C3,MESO,13s,12.88249338,10,112,2,1,4,1,1,5.063151749,14.92160602
619,C,C3,MESO,13s,8.552985999,32.9,1,0,0,NA,NA,1,6.572043448,4.764942855
620,C,C3,MESO,13s,104.7941847,100.4,3,8,1,2,1,1,22.01727375,17.14350315
621,C,C3,MESO,13s,32.87747398,121,2,5,1,1,1,1,15.91292886,15.14715138
622,C,C3,MESO,13s,20.58874161,69.8,2,0,0,1,1,1,11.32720221,11.75807081
623,C,C3,MESO,13s,9.953822164,67.7,2,0,0,1,1,1,8.796654874,11.39185042
624,N,N1,CONT,13s,NA,NA,NA,NA,NA,NA,NA,NA,NA,NA
625,N,N1,CONT,13s,NA,NA,NA,NA,NA,NA,NA,NA,NA,NA
626,N,N1,CONT,13s,52.40961944,57,3,0,0,1,1,1,14.4617222,14.8154634
627,N,N1,CONT,13s,NA,NA,NA,NA,NA,NA,NA,NA,NA,NA
628,N,N1,CONT,13s,9.731397404,65.6,1,0,0,0,0,1,8.639175051,8.204630687
629,N,N1,CONT,13s,84.45928376,174,3,0,0,NA,NA,0,24.61577981,22.82898789
630,N,N1,CONT,13s,NA,NA,NA,NA,NA,NA,NA,NA,NA,NA
631,N,N1,CONT,13s,57.41456924,116.4,2,0,0,0,0,1,18.92183906,17.20804461
632,N,N1,CONT,13s,15.83370551,116.5,1,0,0,1,1,1,12.31174551,12.77502162
633,N,N1,CONT,13s,41.28249096,166.3,1,0,0,1,1,1,19.09254036,20.33895562
634,N,N1,CONT,13s,27.80505848,170.3,1,1,1,0,0,1,16.8658151,14.46187553
635,N,N1,CONT,13s,31.00100069,108,NA,NA,NA,NA,NA,NA,15.02277189,19.39611956
636,N,N1,CONT,13s,18.77926279,70.4,2,0,0,0,0,1,11.01605174,13.4977824
637,N,N1,CONT,13s,122.1330272,131,5,0,0,0,0,1,25.32416968,27.11253396
638,N,N1,CONT,13s,73.44839421,85,NA,NA,NA,NA,NA,NA,18.49652511,20.00714104
639,N,N1,CONT,13s,38.94585289,95.9,4,0,0,0,0,1,15.58121546,15.02019115
640,N,N1,CONT,13s,31.47004047,88.4,2,1,1,0,0,1,14.12186221,12.16708965
641,N,N1,CONT,13s,NA,NA,NA,NA,NA,0,0,1,NA,17.83212837
642,N,N1,CONT,13s,60.4072504,66,6,0,0,0,0,1,15.92454409,13.81834683
643,N,N1,CONT,13s,18.70378602,91,1,0,0,0,0,1,11.98548917,11.48984267
644,N,N1,CONT,13s,96.24653939,180,5,0,0,2,1,1,26.00583261,17.90156707
645,N,N1,CONT,13s,NA,NA,NA,NA,NA,NA,NA,NA,NA,NA
646,N,N1,CONT,13s,16.54684705,140.1,1,0,0,0,0,1,13.28777973,13.74866957
647,N,N1,CONT,13s,7.450601137,41,1,0,0,0,0,1,6.754698657,6.331088831
648,N,N1,CONT,13s,11.22208312,100,1,0,0,0,0,1,10.42949719,8.770608295
649,N,N1,CONT,13s,6.026281568,48,1,0,0,0,0,1,6.632831005,5.971414108
650,N,N1,CONT,13s,11.34114948,39,1,0,0,0,0,1,7.643125813,6.225298479
651,N,N1,CONT,13s,7.40229915,40,1,0,0,0,0,1,6.684713716,8.79315294
652,N,N1,CONT,13s,4.869547153,10,1,0,0,0,0,1,3.659030554,3.62953606
653,N,N1,CONT,13s,79.74178969,58.5,7,0,0,0,0,1,16.78179638,20.9140454
654,N,N1,CONT,13s,NA,NA,NA,NA,NA,NA,NA,NA,NA,NA
655,N,N1,CONT,13s,15.62282611,97.5,2,3,1,NA,NA,NA,11.5494689,NA
656,N,N1,CONT,13s,19.16654262,60.9,4,0,0,0,0,1,10.56739748,12.99323321
657,N,N1,CONT,13s,13.52651987,70,1,0,0,0,0,1,9.854370354,8.234868607
658,N,N1,CONT,13s,NA,NA,NA,NA,NA,NA,NA,NA,NA,NA
659,N,N1,CONT,13s,27.80505848,129.2,3,1,1,0,0,1,15.38018143,11.90792481
660,N,N1,CONT,13s,19.0116621,140,3,0,0,NA,NA,NA,13.91494809,NA
661,N,N1,CONT,13s,6.834927517,67.5,2,0,0,0,0,1,7.751500595,7.167217911
662,N,N1,CONT,13s,10.46346703,28.5,1,0,0,NA,NA,0,6.700630804,NA
663,N,N1,CONT,13s,25.87698453,229,1,NA,NA,1,1,1,18.17723308,15.4064086
664,N,N1,CONT,13s,53.84564145,155,2,0,0,0,0,1,20.37896599,12.86940313
665,N,N1,CONT,13s,36.74532431,280,2,NA,NA,0,0,1,21.85353057,18.76328091
666,N,N1,CONT,13s,26.42079422,240,NA,NA,NA,0,0,1,18.59283386,12.18700439
667,N,N1,CONT,13s,55.94673861,251,2,NA,NA,NA,NA,NA,24.2449171,NA
668,N,N1,CONT,13s,1.583676857,223,2,NA,NA,0,0,1,7.089852588,18.97675306
669,N,N1,CONT,13s,NA,NA,NA,NA,NA,NA,NA,NA,NA,NA
670,N,N1,CONT,13s,NA,NA,NA,NA,NA,0,0,1,NA,21.79828137
671,N,N1,CONT,13s,NA,NA,NA,NA,NA,NA,NA,NA,NA,14.55684606
672,N,N1,LMH,13s,40.71504079,197,1,1,1,0,0,1,20.11034538,20.5543583
673,N,N1,LMH,13s,NA,NA,NA,NA,NA,NA,NA,NA,NA,NA
674,N,N1,LMH,13s,NA,NA,NA,NA,NA,NA,NA,NA,NA,NA
675,N,N1,LMH,13s,64.46830869,140,1,0,0,NA,NA,NA,20.918491,19.35282341
676,N,N1,LMH,13s,NA,NA,NA,NA,NA,0,0,NA,NA,2.92821619
677,N,N1,LMH,13s,NA,NA,NA,NA,NA,0,0,NA,NA,3.754578149
678,N,N1,LMH,13s,NA,NA,NA,NA,NA,NA,NA,NA,NA,NA
679,N,N1,LMH,13s,NA,NA,NA,NA,NA,NA,NA,NA,NA,NA
680,N,N1,LMH,13s,62.35126794,170,1,0,0,NA,NA,NA,22.07189604,NA
681,N,N1,LMH,13s,38.81508409,191,1,3,1,0,0,1,19.58872516,18.95199471
682,N,N1,LMH,13s,NA,NA,NA,NA,NA,0,0,NA,NA,2.62015607
683,N,N1,LMH,13s,60.54508778,200,1,0,0,NA,NA,NA,23.0749628,NA
684,N,N1,LMH,13s,NA,NA,NA,NA,NA,NA,NA,NA,NA,NA
685,N,N1,LMH,13s,95.72558479,220,1,0,0,0,0,1,27.75740301,24.01705429
686,N,N1,LMH,13s,0.159043128,9,1,0,0,NA,NA,0,1.127195969,19.95143655
687,N,N1,LMH,13s,NA,NA,NA,NA,NA,0,0,NA,NA,2.538449525
688,N,N1,LMH,13s,133.7552707,200,2,0,0,NA,NA,NA,30.06508574,NA
689,N,N1,LMH,13s,71.33056806,300,1,0,0,0,0,NA,27.90601485,25.02671637
690,N,N1,LMH,13s,37.60989061,220,1,0,0,0,0,1,20.32018731,15.69894201
691,N,N1,LMH,13s,NA,NA,NA,NA,NA,NA,NA,NA,NA,NA
692,N,N1,LMH,13s,NA,NA,NA,NA,NA,NA,NA,NA,NA,NA
693,N,N1,LMH,13s,69.98965777,205,1,0,0,NA,NA,NA,24.41960281,NA
694,N,N1,LMH,13s,NA,NA,NA,NA,NA,NA,NA,NA,NA,NA
695,N,N1,LMH,13s,NA,NA,NA,NA,NA,NA,NA,NA,NA,NA
696,N,N1,LMH,13s,NA,NA,NA,NA,NA,NA,NA,NA,NA,NA
697,N,N1,LMH,13s,129.2835277,220,2,0,0,3,1,1,30.68676889,26.05101031
698,N,N1,LMH,13s,76.8214437,140,1,0,0,1,1,1,22.17932514,18.24877869
699,N,N1,LMH,13s,NA,NA,NA,NA,NA,NA,NA,NA,NA,NA
700,N,N1,LMH,13s,11.28153776,95,1,0,0,0,0,1,10.2705227,8.567872922
701,N,N1,LMH,13s,NA,NA,NA,NA,NA,NA,NA,NA,NA,NA
702,N,N1,LMH,13s,12.13039609,1.2,1,0,0,0,0,1,2.445034132,9.514545127
703,N,N1,LMH,13s,26.32976657,140.2,1,0,0,1,1,1,15.52043101,16.20197318
704,N,N1,LMH,13s,20.18858125,140.1,1,0,0,0,0,1,14.20017841,10.98444717
705,N,N1,LMH,13s,2.29658277,9,1,0,0,NA,NA,NA,2.748650638,NA
706,N,N1,LMH,13s,15.69296216,104.1,1,0,0,1,1,1,11.82246836,13.93060584
707,N,N1,LMH,13s,16.69136031,105,1,0,0,0,0,1,12.10316684,11.30504633
708,N,N1,LMH,13s,8.972702778,77,1,0,0,0,0,1,8.870231593,8.367983206
709,N,N1,LMH,13s,71.78036559,154.3,1,0,0,2,1,1,22.39796712,27.94515071
710,N,N1,LMH,13s,7.40229915,5.9,1,0,0,0,0,1,3.528458599,8.076377664
711,N,N1,LMH,13s,NA,NA,NA,NA,NA,0,0,NA,NA,5.13190268
712,N,N1,LMH,13s,61.93210094,144.5,1,0,0,1,1,1,20.85922808,16.86846369
713,N,N1,LMH,13s,13.65721012,95.1,1,0,0,0,0,1,10.95096599,9.882285872
714,N,N1,LMH,13s,10.1787602,36,1,0,0,0,0,1,7.177735488,5.104803075
715,N,N1,LMH,13s,NA,NA,NA,NA,NA,0,0,NA,NA,10.0581107
716,N,N1,LMH,13s,66.91034719,303,1,NA,NA,NA,NA,0,27.40724524,20.0300014
717,N,N1,LMH,13s,NA,NA,NA,NA,NA,NA,NA,NA,NA,NA
718,N,N1,LMH,13s,NA,NA,NA,NA,NA,NA,NA,NA,NA,NA
719,N,N1,LMH,13s,281.4434263,280,1,0,0,NA,NA,0,43.12281018,NA
720,N,N1,LMH,13s,NA,NA,NA,NA,NA,NA,NA,0,NA,NA
721,N,N1,LMH,13s,528.8890867,330,2,0,0,NA,NA,NA,56.23346726,NA
722,N,N1,LMH,13s,222.7276094,300,1,0,0,NA,NA,NA,40.81177743,NA
723,N,N1,LMH,13s,162.634047,230,1,0,0,NA,NA,NA,33.6256199,NA
724,N,N1,LMH,13s,141.4473818,NA,1,NA,NA,2,1,1,NA,38.4341145
725,N,N1,LMH,13s,65.325021,240,1,0,0,3,1,1,25.15317423,24.2592893
726,N,N1,LMH,13s,12.5036173,90,1,0,0,1,1,1,10.43916013,9.798627891
727,N,N1,LMH,13s,33.38759009,400,1,0,0,1,1,1,23.84194347,18.79215881
728,N,N1,LMH,13s,4.227327075,40,1,0,0,NA,NA,NA,5.544432988,NA
729,N,N1,LMH,13s,NA,NA,NA,NA,NA,0,0,NA,NA,4.173698182
730,N,N1,LMH,13s,NA,NA,NA,NA,NA,0,0,NA,NA,6.803901798
731,N,N1,LMH,13s,NA,NA,NA,NA,NA,0,0,NA,NA,4.011486873
732,N,N1,LMH,13s,NA,NA,NA,NA,NA,0,0,NA,NA,4.715403599
733,N,N1,LMH,13s,NA,NA,NA,NA,NA,NA,NA,NA,NA,NA
734,N,N1,MEGA,13s,78.53981634,100,2,0,0,NA,NA,NA,19.96967895,19.10308301
735,N,N1,MEGA,13s,NA,NA,NA,NA,NA,NA,NA,NA,NA,NA
736,N,N1,MEGA,13s,6.559724001,90,1,0,0,1,1,1,8.416621224,8.373000612
737,N,N1,MEGA,13s,72.53316973,159,2,0,0,1,1,1,22.70239724,NA
738,N,N1,MEGA,13s,5.47391104,25,1,0,0,0,0,1,5.166309348,3.179111005
739,N,N1,MEGA,13s,225.11467,200,2,NA,NA,NA,NA,0,35.77200541,23.97119009
740,N,N1,MEGA,13s,46.20411001,105,3,0,0,NA,NA,NA,17.0029096,NA
741,N,N1,MEGA,13s,49.26519936,180,1,0,0,NA,NA,NA,20.79565238,NA
742,N,N1,MEGA,13s,51.27581865,110,1,0,0,4,1,1,17.88005164,19.55595333
743,N,N1,MEGA,13s,19.0116621,110,1,0,0,NA,NA,NA,12.83854535,12.40112941
744,N,N1,MEGA,13s,34.94150035,85,2,0,0,NA,NA,NA,14.43367484,15.84709046
745,N,N1,MEGA,13s,69.54551511,350,0,1,1,NA,NA,0,29.13220796,25.62878201
746,N,N1,MEGA,13s,6.201582438,110.1,1,0,0,1,1,1,8.83536025,11.58822656
747,N,N1,MEGA,13s,NA,NA,NA,NA,NA,NA,NA,NA,NA,NA
748,N,N1,MEGA,13s,25.60720026,180,1,0,0,0,0,1,16.71475502,10.04459199
749,N,N1,MEGA,13s,93.82751305,237.3,1,12,1,0,0,1,28.2781095,19.90743478
750,N,N1,MEGA,13s,39.81528865,247.8,1,3,1,0,0,1,21.54976683,23.36174753
751,N,N1,MEGA,13s,56.47829609,130.19,1,1,1,1,1,1,19.53497089,20.22002937
752,N,N1,MEGA,13s,61.93210094,90,1,0,0,NA,NA,NA,17.80944807,13.81866693
753,N,N1,MEGA,13s,8.042477193,60.7,2,0,0,0,0,1,7.899120075,7.214768868
754,N,N1,MEGA,13s,10.81029886,61.1,1,0,0,0,0,1,8.738023141,8.10153563
755,N,N1,MEGA,13s,10.00982105,90.5,1,0,0,0,0,1,9.709925649,10.00225486
756,N,N1,MEGA,13s,NA,NA,NA,NA,NA,NA,NA,NA,NA,NA
757,N,N1,MEGA,13s,23.58582101,205.3,1,0,0,0,0,1,16.99206515,15.85863785
758,N,N1,MEGA,13s,NA,NA,NA,NA,NA,NA,NA,NA,NA,NA
759,N,N1,MEGA,13s,NA,NA,NA,NA,NA,NA,NA,NA,NA,NA
760,N,N1,MEGA,13s,20.58874161,121,2,2,1,0,0,1,13.61097167,8.109162417
761,N,N1,MEGA,13s,NA,NA,NA,NA,NA,NA,NA,NA,NA,NA
762,N,N1,MEGA,13s,6.650830187,51.5,1,0,0,2,1,1,7.017798712,7.202673862
763,N,N1,MEGA,13s,7.54767635,4.01,1,0,0,0,0,1,3.121878031,5.39208802
764,N,N1,MEGA,13s,1.389290811,23.1,1,0,0,0,0,1,3.183549078,3.398675655
765,N,N1,MEGA,13s,4.047078196,23.1,1,0,0,0,0,1,4.549186234,4.659515377
766,N,N1,MEGA,13s,38.92558962,180,1,0,0,4,1,1,19.22286574,18.56628694
767,N,N1,MEGA,13s,6.245800355,26.9,1,0,0,0,0,1,5.532573788,4.027881482
768,N,N1,MEGA,13s,5.725552611,33.5,1,0,0,1,1,1,5.78270199,7.167069556
769,N,N1,MEGA,13s,110.4814099,210.5,2,0,0,0,0,1,28.69224799,22.85502824
770,N,N1,MEGA,13s,86.26059445,240.1,5,0,0,NA,1,1,27.60321884,31.79115317
771,N,N1,MEGA,13s,128.6796351,250,1,NA,NA,NA,1,1,31.97471753,28.89259666
772,N,N1,MESO,13s,444.1335508,328,3,NA,1,2,1,1,52.94082392,47.63705417
773,N,N1,MESO,13s,NA,NA,NA,NA,NA,NA,NA,NA,NA,NA
774,N,N1,MESO,13s,12.88249338,29.8,2,0,0,0,0,1,7.29016696,7.283421564
775,N,N1,MESO,13s,275.4734578,67.5,28,28,1,NA,NA,0,26.62738816,23.08405378
776,N,N1,MESO,13s,88.24733764,319.5,1,NA,1,0,0,1,30.59741524,32.88294603
777,N,N1,MESO,13s,101.4589914,289,4,NA,1,0,0,1,31.00027034,28.84009059
778,N,N1,MESO,13s,93.82751305,308,1,NA,1,0,0,1,30.85032494,27.74944704
779,N,N1,MESO,13s,NA,NA,NA,NA,NA,2,1,1,NA,28.35087303
780,N,N1,MESO,13s,258.7278265,415,2,NA,1,2,1,1,47.81421195,49.39489279
781,N,N1,MESO,13s,69.84145314,345,1,NA,1,NA,1,1,29.0337318,39.80807856
782,N,N1,MESO,13s,486.9547153,105.2,1,7,1,1,1,1,37.34757123,NA
783,N,N1,MESO,13s,NA,NA,NA,NA,NA,NA,NA,NA,NA,NA
784,N,N1,MESO,13s,488.9123202,450,1,0,0,0,0,1,60.75308694,NA
785,N,N1,MESO,13s,NA,NA,NA,NA,NA,NA,NA,NA,NA,NA
786,N,N1,MESO,13s,NA,NA,NA,NA,NA,NA,NA,NA,NA,NA
787,N,N1,MESO,13s,0.441786467,5.5,NA,0,0,NA,NA,NA,1.345004643,NA
788,N,N1,MESO,13s,497.715377,400,5,NA,1,NA,1,1,58.75955467,51.85209138
789,N,N1,MESO,13s,81.07319666,400,1,0,0,NA,1,1,32.06055238,29.93933737
790,N,N1,MESO,13s,23.24275909,69.8,1,0,0,0,0,1,11.79512161,11.83942391
791,N,N1,MESO,13s,NA,NA,NA,NA,NA,NA,NA,NA,NA,NA
792,N,N1,MESO,13s,NA,NA,NA,NA,NA,NA,NA,NA,NA,NA
793,N,N1,MESO,13s,7.793113276,32.6,1,0,0,0,0,1,6.351590983,6.044335354
794,N,N1,MESO,13s,35.15135874,326,1,NA,1,0,0,1,22.65403674,27.71958941
795,N,N1,MESO,13s,22.39609987,250,1,0,0,0,0,1,17.83622032,18.24408033
796,N,N1,MESO,13s,135.4002086,397,1,NA,1,0,0,1,37.95261009,35.9177824
797,N,N1,MESO,13s,70.73303714,420,1,NA,1,1,1,1,31.13599975,34.2365218
798,N,N1,MESO,13s,73.13824047,378,1,NA,1,0,0,1,30.39729592,26.57644947
799,N,N1,MESO,13s,61.79269276,338,1,NA,1,0,0,1,27.68076029,28.2859342
800,N,N1,MESO,13s,190.4000712,326.5,1,NA,NA,0,0,1,39.84015439,40.10461843
801,N,N1,MESO,13s,NA,NA,NA,NA,NA,NA,NA,NA,NA,42.63148202
802,N,N1,MESO,13s,NA,NA,NA,NA,NA,NA,NA,NA,NA,NA
803,N,N1,MESO,13s,112.3446099,400,1,NA,1,NA,1,1,35.74942085,36.70112939
804,N,N1p,CONT,13s,NA,NA,NA,NA,NA,NA,NA,NA,NA,NA
805,N,N1p,CONT,13s,NA,NA,NA,NA,NA,NA,NA,NA,NA,NA
806,N,N1p,CONT,13s,143.9883019,74,1,1,1,0,0,1,22.110355,19.3517262
807,N,N1p,CONT,13s,57.28034469,87,1,NA,NA,NA,NA,NA,17.15592909,NA
808,N,N1p,CONT,13s,48.76882772,NA,NA,NA,NA,NA,NA,NA,NA,NA
809,N,N1p,CONT,13s,174.3662463,145,1,4,1,0,0,1,29.50391529,24.44163549
810,N,N1p,CONT,13s,53.19729526,85,1,0,0,0,0,1,16.60811521,18.44224232
811,N,N1p,CONT,13s,69.2502054,104,1,0,0,0,0,1,19.40021416,15.00582446
812,N,N1p,CONT,13s,96.59462786,91,2,0,0,NA,NA,NA,20.73470144,NA
813,N,N1p,CONT,13s,NA,NA,NA,NA,NA,NA,NA,NA,NA,NA
814,N,N1p,CONT,13s,15.55284713,NA,NA,NA,NA,NA,NA,NA,NA,NA
815,N,N1p,CONT,13s,60.88485102,NA,NA,NA,NA,NA,NA,NA,NA,NA
816,N,N1p,CONT,13s,NA,NA,NA,NA,NA,NA,NA,NA,NA,NA
817,N,N1p,CONT,13s,NA,NA,NA,NA,NA,NA,NA,NA,NA,NA
818,N,N1p,CONT,13s,NA,NA,NA,NA,NA,1,1,1,NA,15.91635896
819,N,N1p,CONT,13s,7.306166415,80,1,0,0,0,0,1,8.388533276,3.280429365
820,N,N1p,CONT,13s,129.7352102,400,2,NA,NA,NA,1,1,37.5090821,37.71153594
821,N,N1p,CONT,13s,NA,NA,NA,NA,NA,NA,NA,NA,NA,NA
822,N,N1p,CONT,13s,55.68190235,100,1,0,0,0,0,1,17.80336704,11.34081143
823,N,N1p,CONT,13s,7.694467267,100,1,0,0,0,0,1,9.194905024,9.159564656
824,N,N1p,CONT,13s,14.93010493,110,1,0,0,0,0,1,11.84338849,10.717452
825,N,N1p,CONT,13s,NA,NA,NA,NA,NA,NA,NA,NA,NA,NA
826,N,N1p,CONT,13s,NA,NA,NA,NA,NA,0,0,NA,NA,1.584677994
827,N,N1p,CONT,13s,NA,NA,NA,NA,NA,NA,NA,NA,NA,NA
828,N,N1p,CONT,13s,NA,NA,NA,NA,NA,NA,NA,NA,NA,NA
829,N,N1p,CONT,13s,NA,NA,NA,NA,NA,NA,NA,NA,NA,NA
830,N,N1p,CONT,13s,38.70473565,33,NA,NA,NA,0,0,NA,10.8899829,12.96779002
831,N,N1p,CONT,13s,45.36459792,110,1,0,0,3,1,1,17.16364418,13.25156525
832,N,N1p,CONT,13s,43.70866443,120,1,0,0,0,0,1,17.45153639,10.56891707
833,N,N1p,CONT,13s,NA,NA,NA,NA,NA,NA,NA,NA,NA,NA
834,N,N1p,CONT,13s,NA,NA,NA,NA,NA,NA,NA,NA,NA,NA
835,N,N1p,CONT,13s,61.93210094,117,1,0,0,2,1,1,19.43973373,9.8685806
836,N,N1p,CONT,13s,NA,NA,NA,NA,NA,NA,NA,NA,NA,NA
837,N,N1p,CONT,13s,65.03882191,79,1,0,0,0,0,1,17.33189487,13.15574987
838,N,N1p,CONT,13s,72.38229474,128,1,2,1,NA,NA,0,21.10209371,NA
839,N,N1p,CONT,13s,NA,NA,NA,NA,NA,NA,NA,NA,NA,NA
840,N,N1p,CONT,13s,NA,NA,NA,NA,NA,NA,NA,NA,NA,NA
841,N,N1p,CONT,13s,NA,NA,NA,NA,NA,NA,NA,NA,NA,NA
842,N,N1p,CONT,13s,NA,NA,NA,NA,NA,NA,NA,NA,NA,NA
843,N,N1p,CONT,13s,NA,NA,NA,NA,NA,NA,NA,NA,NA,NA
844,N,N1p,CONT,13s,NA,NA,NA,NA,NA,NA,NA,NA,NA,NA
845,N,N2,CONT,13s,92.45903529,194.2,1,0,0,0,0,1,26.31837629,16.87832393
846,N,N2,CONT,13s,4.987592497,20.8,1,0,0,0,0,1,4.71003271,3.875966784
847,N,N2,CONT,13s,2.1124069,33.9,1,0,0,0,0,1,4.161807011,4.575244341
848,N,N2,CONT,13s,70.88218425,162.8,1,0,0,0,0,1,22.70689518,19.81634167
849,N,N2,CONT,13s,57.68348957,171.2,2,0,0,0,0,1,21.55646229,20.78980803
850,N,N2,CONT,13s,6.834927517,87.8,1,0,0,0,0,1,8.462686003,8.84684123
851,N,N2,CONT,13s,29.6091966,175.7,1,0,0,1,1,1,17.40397182,16.96245833
852,N,N2,CONT,13s,NA,NA,NA,NA,NA,NA,NA,NA,NA,NA
853,N,N2,CONT,13s,122.3606356,128.3,4,0,0,0,0,1,25.1643446,17.07371319
854,N,N2,CONT,13s,5.067074791,101.8,2,0,0,0,0,1,8.045750672,8.157090878
855,N,N2,CONT,13s,28.18016464,60,1,1,1,NA,NA,NA,11.95901932,NA
856,N,N2,CONT,13s,124.0967583,84,5,0,0,NA,NA,NA,21.94915169,NA
857,N,N2,CONT,13s,186.9914432,169,1,3,1,0,0,1,31.78500341,19.2880469
858,N,N2,CONT,13s,219.8940499,57,2,0,0,0,0,1,23.34220466,21.18926563
859,N,N2,CONT,13s,115.9424404,159,1,3,1,NA,NA,0,26.55086343,14.60157494
860,N,N2,CONT,13s,123.8993877,71,2,5,1,0,0,1,20.74001211,9.817320995
861,N,N2,CONT,13s,7.499060204,60,1,0,0,NA,NA,NA,7.686942718,NA
862,N,N2,CONT,13s,118.3215685,124,2,19,1,0,0,1,24.60232883,21.89951753
863,N,N2,CONT,13s,71.48034349,139,1,0,0,NA,NA,NA,21.60035561,NA
864,N,N2,CONT,13s,NA,NA,NA,NA,NA,NA,NA,NA,NA,NA
865,N,N2,CONT,13s,NA,NA,NA,NA,NA,NA,NA,NA,NA,NA
866,N,N2,CONT,13s,NA,NA,NA,NA,NA,NA,NA,NA,NA,NA
867,N,N2,CONT,13s,68.51468002,141,1,8,1,NA,NA,0,21.39874901,21.97667712
868,N,N2,CONT,13s,NA,NA,NA,NA,NA,NA,NA,NA,NA,NA
869,N,N2,LMH,13s,178.1311309,194.5,4,1,1,0,0,1,32.77629452,28.03169019
870,N,N2,LMH,13s,4.300526183,47.6,1,0,0,0,0,1,5.909728001,5.437661099
871,N,N2,LMH,13s,NA,NA,NA,NA,NA,NA,NA,NA,NA,NA
872,N,N2,LMH,13s,13.46141036,97,1,0,0,0,0,1,10.9705118,10.96623378
873,N,N2,LMH,13s,483.4409224,225.2,2,31,1,0,0,1,48.03601357,48.89337229
874,N,N2,LMH,13s,NA,NA,NA,NA,NA,NA,NA,NA,NA,NA
875,N,N2,LMH,13s,NA,NA,NA,NA,NA,1,1,1,NA,13.34308675
876,N,N2,LMH,13s,NA,NA,NA,NA,NA,0,0,1,NA,48.81278299
877,N,N2,LMH,13s,NA,NA,NA,NA,NA,NA,NA,NA,NA,8.818961726
878,N,N2,LMH,13s,7.54767635,47.8,1,0,0,0,0,1,7.14055378,5.701208405
879,N,N2,LMH,13s,5.557163245,73.1,1,0,0,0,0,1,7.429077885,9.660809971
880,N,N2,LMH,13s,1.720336137,40.2,1,0,0,NA,NA,1,4.113657826,NA
881,N,N2,LMH,13s,NA,NA,NA,NA,NA,NA,NA,NA,NA,NA
882,N,N2,LMH,13s,1.838538561,30.1,1,0,0,NA,NA,1,3.818664978,NA
883,N,N2,LMH,13s,2.630219909,25.3,1,0,0,0,0,1,4.06110247,8.177932273
884,N,N2,LMH,13s,250.2455263,219.5,3,4,1,2,1,1,38.22758168,37.06848777
885,N,N2,LMH,13s,306.0066753,250.9,4,1,1,0,0,1,42.74926917,38.80351524
886,N,N2,LMH,13s,2.460573906,58.9,1,0,0,0,0,1,5.266206741,7.278566397
887,N,N2,LMH,13s,33.1830724,212.8,1,1,1,2,1,1,19.27288424,19.57146972
888,N,N2,LMH,13s,16.25970548,127.9,1,0,0,0,0,1,12.81459002,13.88582753
889,N,N2,LMH,13s,51.27581865,138.1,1,0,0,2,1,1,19.29093874,24.27955776
890,N,N2,LMH,13s,NA,NA,NA,NA,NA,1,1,1,NA,11.19318263
891,N,N2,LMH,13s,113.4746408,243,1,5,1,5,1,1,30.3708744,31.33977873
892,N,N2,LMH,13s,106.2305208,246,1,9,1,4,1,1,29.83126824,29.91782909
893,N,N2,LMH,13s,NA,87.3,1,0,0,1,1,1,NA,NA
894,N,N2,LMH,13s,22.31229788,195.9,1,0,0,5,1,1,16.42112255,17.81561521
895,N,N2,LMH,13s,NA,219.6,1,4,1,2,1,1,NA,NA
896,N,N2,LMH,13s,103.8689071,226,2,9,1,14,1,1,28.78177426,28.39535565
897,N,N2,LMH,13s,50.26548246,198,1,1,1,2,1,1,21.61254037,20.83192202
898,N,N2,LMH,13s,NA,NA,NA,NA,NA,NA,NA,NA,NA,NA
899,N,N2,LMH,13s,NA,NA,NA,NA,NA,NA,NA,NA,NA,NA
900,N,N2,LMH,13s,NA,NA,NA,NA,NA,NA,NA,NA,NA,NA
901,N,N2,LMH,13s,NA,NA,NA,NA,NA,NA,NA,NA,NA,NA
902,N,N2,MEGA,13s,221.6707776,260,1,20,1,0,0,1,38.84614292,32.21172915
903,N,N2,MEGA,13s,10.34911306,38.1,1,0,0,0,0,1,7.355532159,6.744283535
904,N,N2,MEGA,13s,NA,NA,NA,NA,NA,NA,NA,NA,NA,NA
905,N,N2,MEGA,13s,16.04599864,470,1,NA,NA,NA,1,1,19.70093811,38.99041172
906,N,N2,MEGA,13s,23.15738631,42,4,3,1,0,0,1,9.943053889,16.40558378
907,N,N2,MEGA,13s,62.35126794,59.1,4,3,1,2,1,1,15.5113394,17.46195942
908,N,N2,MEGA,13s,13.39645793,79.1,1,1,1,0,0,1,10.23170936,8.407792345
909,N,N2,MEGA,13s,NA,NA,NA,NA,NA,NA,NA,NA,NA,NA
910,N,N2,MEGA,13s,NA,NA,NA,NA,NA,NA,NA,NA,NA,NA
911,N,N2,MEGA,13s,NA,NA,NA,NA,NA,NA,NA,NA,NA,NA
912,N,N2,MEGA,13s,410.8428788,370,3,NA,NA,NA,NA,0,53.6986764,NA
913,N,N2,MEGA,13s,152.6213985,271,1,25,1,0,0,1,34.7729286,31.74163185
914,N,N2,MEGA,13s,89.92023573,205,1,15,1,4,1,1,26.55028657,27.02785875
915,N,N2,MEGA,13s,204.8495125,225,2,73,1,15,1,1,36.05313961,36.27112932
916,N,N2,MEGA,13s,94.68791674,236.1,2,0,0,2,1,1,28.31645065,28.09754451
917,N,N2,MEGA,13s,185.7815373,205,2,5,1,NA,NA,NA,33.82828896,NA
918,N,N2,MEGA,13s,NA,NA,NA,NA,NA,NA,NA,NA,NA,NA
919,N,N2,MEGA,13s,NA,NA,NA,NA,NA,2,1,NA,NA,11.35788005
920,N,N2,MEGA,13s,NA,NA,NA,NA,NA,0,0,NA,NA,5.738766752
921,N,N2,MEGA,13s,NA,NA,NA,NA,NA,0,0,NA,NA,3.689872531
922,N,N2,MEGA,13s,NA,NA,NA,NA,NA,0,0,NA,NA,3.717667849
923,N,N2,MEGA,13s,NA,NA,NA,NA,NA,0,0,NA,NA,6.455167255
924,N,N2,MEGA,13s,NA,NA,NA,NA,NA,0,0,NA,NA,7.559420541
925,N,N2,MEGA,13s,37.82760298,NA,NA,NA,NA,NA,NA,NA,NA,NA
926,N,N2,MEGA,13s,NA,NA,NA,NA,NA,0,0,NA,NA,8.231868845
927,N,N2,MEGA,13s,NA,NA,NA,NA,NA,0,0,NA,NA,6.708473703
928,N,N2,MEGA,13s,24.27948466,101,1,0,0,1,1,1,13.53944363,11.08192512
929,N,N2,MEGA,13s,131.9167322,NA,NA,NA,NA,NA,NA,NA,NA,NA
930,N,N2,MEGA,13s,NA,NA,NA,NA,NA,NA,NA,NA,NA,NA
931,N,N2,MEGA,13s,NA,NA,NA,NA,NA,NA,NA,NA,NA,NA
932,N,N2,MEGA,13s,158.814106,300,NA,NA,NA,NA,1,1,36.45424724,37.56500624
933,N,N2,MEGA,13s,50.0144692,241.1,1,0,0,3,1,1,23.04277231,23.03066061
934,N,N2,MEGA,13s,361.7275334,500,3,NA,NA,NA,1,1,56.90632151,50.77076291
935,N,N2,MEGA,13s,23.67197918,300,1,NA,NA,NA,1,1,19.30947742,19.53422063
936,N,N2,MEGA,13s,126.6768698,470,1,NA,NA,NA,1,1,39.26988609,35.8491418
937,N,N2,MEGA,13s,NA,NA,NA,NA,NA,0,0,NA,NA,9.573008574
938,N,N2,MEGA,13s,NA,NA,NA,NA,NA,NA,NA,NA,NA,8.768747943
939,N,N2,MESO,13s,111.0333877,181,1,5,1,2,1,1,27.32722356,21.92654869
940,N,N2,MESO,13s,64.32607308,191,1,5,1,0,0,1,23.18718866,22.60664956
941,N,N2,MESO,13s,0.833228912,7,1,0,0,0,0,1,1.801698984,2.735121539
942,N,N2,MESO,13s,78.69697451,201,0,5,1,0,0,1,25.22798448,19.55918923
943,N,N2,MESO,13s,12.25417484,41,1,0,0,2,1,1,7.975323108,9.565351614
944,N,N2,MESO,13s,1.130973355,5,1,0,0,0,0,1,1.783180507,2.348291006
945,N,N2,MESO,13s,62.91235638,170,2,0,0,2,1,1,22.13800774,19.74540682
946,N,N2,MESO,13s,14.72535163,70,1,0,0,0,0,1,10.13773863,11.65564806
947,N,N2,MESO,13s,82.83822195,221,1,10,1,0,0,1,26.48936744,25.24238655
948,N,N2,MESO,13s,301.4107609,205,1,60,1,5,1,1,39.75945541,42.91564595
949,N,N2,MESO,13s,79.48512157,201,1,17,1,0,0,1,25.31205399,22.09043037
950,N,N2,MESO,13s,47.90622491,195,1,5,1,1,1,1,21.16031569,19.5508534
951,N,N2,MESO,13s,NA,NA,NA,NA,NA,NA,NA,NA,NA,NA
952,N,N2,MESO,13s,183.1335674,221,1,4,1,0,0,1,34.52191778,30.61493393
953,N,N2,MESO,13s,NA,NA,NA,NA,NA,NA,NA,NA,NA,NA
954,N,N2,MESO,13s,248.5660309,251,1,0,0,2,1,1,39.88811885,42.36817462
955,N,N2,MESO,13s,46.8084739,177,1,0,0,0,0,1,20.32913975,17.27033183
956,N,N2,MESO,13s,13.46141036,NA,NA,NA,NA,NA,NA,NA,NA,NA
957,N,N2,MESO,13s,NA,NA,NA,NA,NA,NA,NA,NA,NA,NA
958,N,N2,MESO,13s,NA,NA,NA,NA,NA,NA,NA,NA,NA,NA
959,N,N2,MESO,13s,NA,NA,NA,NA,NA,NA,NA,NA,NA,NA
960,N,N2,MESO,13s,NA,NA,NA,NA,NA,NA,NA,NA,NA,NA
961,N,N2,MESO,13s,122.718463,170,1,4,1,5,1,1,27.67022953,24.77490589
962,N,N2,MESO,13s,92.05031409,203,2,12,1,17,1,1,26.67118209,25.71518471
963,N,N2,MESO,13s,122.9148911,NA,NA,NA,NA,NA,NA,NA,NA,NA
964,N,N2,MESO,13s,21.07411768,161,1,5,1,4,1,1,15.08962057,19.86616593
965,N,N2,MESO,13s,159.0375518,176,1,4,1,0,0,1,30.52317709,29.4932114
966,N,N2,MESO,13s,22.56417508,90,1,0,0,2,1,1,12.71332003,15.39746696
967,N,N2,MESO,13s,21.15556347,60,3,0,0,0,0,1,10.86738548,11.24769341
968,N,N2,MESO,13s,265.8831964,185,1,21,1,NA,NA,NA,36.84450323,NA
969,N,N2,MESO,13s,NA,NA,NA,NA,NA,NA,NA,NA,NA,NA
970,N,N2,MESO,13s,13.8544236,56,1,2,1,0,0,1,9.220371362,11.74013526
971,N,N2,MESO,13s,65.89930414,181,1,1,1,0,0,1,22.95907914,23.37111957
972,N,N2,MESO,13s,255.0814584,400,6,NA,1,NA,NA,NA,47.00688421,NA
973,N,N2,MESO,13s,54.49791462,155.1,1,2,1,4,1,1,20.46545764,19.04833554
974,N,N2,MESO,13s,NA,NA,NA,NA,NA,0,0,1,NA,4.360334056
975,N,N2,MESO,13s,71.48034349,155,1,7,1,2,1,1,22.40049373,22.5259582
976,N,N2,MESO,13s,39.25804866,151,1,0,0,4,1,1,18.17942011,19.14341517
977,N,N2,MESO,13s,80.11846665,201,1,17,1,4,1,1,25.37920967,26.78586914
978,N,N2,MESO,13s,11.40091828,60,1,0,0,0,0,1,8.84080387,11.50611834
979,N,N2p,CONT,13s,NA,NA,NA,NA,NA,NA,NA,NA,NA,NA
980,N,N2p,CONT,13s,NA,NA,NA,NA,NA,NA,NA,NA,NA,NA
981,N,N2p,CONT,13s,NA,NA,NA,NA,NA,NA,NA,NA,NA,NA
982,N,N2p,CONT,13s,NA,NA,NA,NA,NA,NA,NA,NA,NA,NA
983,N,N2p,CONT,13s,32.37128486,130.1,1,9,1,0,0,1,16.21862459,16.02668077
984,N,N2p,CONT,13s,NA,NA,NA,NA,NA,NA,NA,NA,NA,NA
985,N,N2p,CONT,13s,36.42370377,113,1,1,1,1,1,1,16.09474071,13.87950954
986,N,N2p,CONT,13s,210.380679,90,2,0,0,3,1,1,26.78886002,19.88011003
987,N,N2p,CONT,13s,NA,NA,NA,NA,NA,NA,NA,NA,NA,NA
988,N,N2p,CONT,13s,12.94618917,85,1,3,1,0,0,1,10.36147177,6.923691294
989,N,N2p,CONT,13s,458.3070031,103,2,8,1,NA,NA,NA,36.3418636,NA
990,N,N2p,CONT,13s,NA,NA,NA,NA,NA,NA,NA,NA,NA,NA
991,N,N2p,CONT,13s,NA,NA,NA,NA,NA,NA,NA,NA,NA,NA
992,N,N2p,CONT,13s,5.227924335,70,1,2,1,0,0,1,7.174590847,12.16535573
993,N,N2p,CONT,13s,30.97484693,91,1,2,1,0,0,1,14.18388625,12.16311133
994,N,N2p,CONT,13s,NA,NA,NA,NA,NA,NA,NA,NA,NA,NA
995,N,N2p,CONT,13s,NA,NA,NA,NA,NA,NA,NA,NA,NA,NA
996,N,N2p,CONT,13s,79.327178,113.1,1,15,1,1,1,1,20.87688907,18.53036446
997,N,N2p,CONT,13s,14.93010493,98,1,4,1,0,0,1,11.3953564,8.93440544
998,N,N2p,CONT,13s,NA,NA,NA,NA,NA,NA,NA,NA,NA,NA
999,N,N2p,CONT,13s,38.26491268,82.1,1,6,1,0,0,1,14.70676961,7.241649198
1000,N,N2p,CONT,13s,50.89576448,101,1,2,1,0,0,1,17.33460315,17.96471298
1001,N,N2p,CONT,13s,52.68144575,92,1,3,1,0,0,1,16.99736348,11.03253383
1002,N,N2p,CONT,13s,195.57074,86.1,2,12,1,0,0,1,25.76009917,20.20203123
1003,N,N2p,CONT,13s,NA,NA,NA,NA,NA,NA,NA,NA,NA,NA
1004,N,N3,CONT,13s,12.69234848,56.1,2,3,1,1,1,1,8.959944525,8.219902794
1005,N,N3,CONT,13s,11.22208312,40,2,0,0,0,0,1,7.680890561,6.990817094
1006,N,N3,CONT,13s,67.05541024,64,1,15,1,0,0,1,16.32088698,9.934862965
1007,N,N3,CONT,13s,38.3746328,101,1,6,1,0,0,NA,15.77507932,11.09473467
1008,N,N3,CONT,13s,NA,NA,NA,NA,NA,NA,NA,NA,NA,NA
1009,N,N3,CONT,13s,13.01004204,50,1,1,1,NA,NA,NA,8.693601,6.412279877
1010,N,N3,CONT,13s,NA,NA,NA,NA,NA,NA,NA,NA,NA,NA
1011,N,N3,CONT,13s,NA,NA,NA,NA,NA,NA,NA,NA,NA,NA
1012,N,N3,CONT,13s,NA,NA,NA,NA,NA,NA,NA,NA,NA,NA
1013,N,N3,CONT,13s,NA,NA,NA,NA,NA,NA,NA,1,NA,NA
1014,N,N3,CONT,13s,13.8544236,77,1,0,0,0,0,1,10.25464435,10.02153455
1015,N,N3,CONT,13s,NA,NA,NA,NA,NA,NA,NA,NA,NA,NA
1016,N,N3,CONT,13s,89.24919154,125,1,0,0,0,0,1,22.45214267,18.33684713
1017,N,N3,CONT,13s,10.06597702,29,2,0,0,0,0,1,6.653069604,8.406257734
1018,N,N3,CONT,13s,102.0703453,43,2,1,1,0,0,1,16.44372477,18.94692642
1019,N,N3,CONT,13s,9.621127502,109,1,0,0,0,0,1,10.19626705,10.71867162
1020,N,N3,CONT,13s,10.12229007,99,1,0,0,0,0,1,10.04272403,9.329919898
1021,N,N3,CONT,13s,NA,NA,NA,NA,NA,NA,NA,NA,NA,NA
1022,N,N3,CONT,13s,68.31487473,150,2,8,1,0,0,1,21.82409177,22.07423755
1023,N,N3,CONT,13s,21.89564416,132.9,1,0,0,0,0,1,14.33550793,17.49601701
1024,N,N3,CONT,13s,32.27051828,92.1,1,0,0,0,0,1,14.43706039,14.51375534
1025,N,N3,CONT,13s,82.83822195,150,1,0,0,0,0,1,23.27472165,18.24364781
1026,N,N3,CONT,13s,4.561671073,25,3,0,0,0,0,1,4.861254293,4.912832424
1027,N,N3,CONT,13s,NA,NA,NA,NA,NA,NA,NA,NA,NA,NA
1028,N,N3,CONT,13s,27.33971007,11,NA,NA,NA,NA,NA,NA,6.71954117,NA
1029,N,N3,CONT,13s,NA,NA,NA,NA,NA,NA,NA,NA,NA,NA
1030,N,N3,CONT,13s,4.337361357,43,1,0,0,NA,NA,0,5.728863672,6.286411802
1031,N,N3,CONT,13s,NA,NA,NA,NA,NA,NA,NA,NA,NA,NA
1032,N,N3,CONT,13s,59.72041971,74,1,1,1,NA,NA,0,16.48151952,14.03352747
1033,N,N3,CONT,13s,39.48047342,91,1,3,1,0,0,1,15.38062383,8.451463377
1034,N,N3,CONT,13s,118.051313,124,3,0,0,NA,NA,0,24.58355437,23.45220255
1035,N,N3,CONT,13s,63.19384309,120,1,0,0,0,0,1,19.73718784,14.3229862
1036,N,N3,CONT,13s,25.07187287,92,1,0,0,0,0,1,13.26554313,10.62438038
1037,N,N3,CONT,13s,37.17635083,125,1,7,1,0,0,1,16.76032996,11.33151849
1038,N,N3,CONT,13s,46.44538433,77,1,2,1,0,0,1,15.357108,10.86004883
1039,N,N3,CONT,13s,23.32828895,151,1,3,1,0,0,1,15.27970252,12.76542391
1040,N,N3,CONT,13s,30.87627946,149,1,2,1,0,0,1,16.70417896,11.80298329
1041,N,N3,CONT,13s,55.02256059,110,1,0,0,0,0,1,18.30602094,15.00205637
1042,N,N3,CONT,13s,23.9313962,86.9,1,0,0,0,0,1,12.81463527,9.013927045
1043,N,N3,CONT,13s,161.7311533,81,NA,NA,NA,NA,NA,NA,23.68909961,22.87420595
1044,N,N3,CONT,13s,27.8985994,130,1,4,1,0,0,1,15.42919974,10.0502224
1045,N,N3,CONT,13s,NA,NA,NA,NA,NA,NA,NA,1,NA,NA
1046,N,N3,CONT,13s,NA,NA,NA,NA,NA,NA,NA,1,NA,NA
1047,N,N3,CONT,13s,39.7035265,132,1,1,1,4,1,1,17.44689844,15.59310621
1048,N,N3,CONT,13s,81.07319666,135,1,3,1,NA,NA,NA,22.30929094,NA
1049,N,N3,CONT,13s,45.12615104,109,1,2,1,0,0,1,17.0813146,14.57728767
1050,N,N3,CONT,13s,191.8703366,144,1,3,1,NA,NA,NA,30.39108148,NA
1051,N,N3,CONT,13s,41.73927854,121,1,0,0,0,0,1,17.23266238,10.71536105
1052,N,N3,CONT,13s,74.20316184,109,1,2,1,0,0,1,20.16650642,20.30447345
1053,N,N3,CONT,13s,NA,NA,NA,NA,NA,NA,NA,1,NA,NA
1054,N,N3,CONT,13s,106.413283,90,3,0,0,0,0,1,21.33691593,20.92560316
1055,N,N3,CONT,13s,NA,NA,NA,NA,NA,NA,NA,NA,NA,NA
1056,N,N3,LMH,13s,16.9093083,40,1,8,1,1,1,1,8.807530269,9.327037769
1057,N,N3,LMH,13s,25.60720026,68.1,1,11,1,21,1,1,12.08297731,16.88157111
1058,N,N3,LMH,13s,127.13782,136.1,3,18,1,10,1,1,25.99534455,29.34344788
1059,N,N3,LMH,13s,29.22466566,130,NA,NA,NA,NA,NA,NA,15.6702592,NA
1060,N,N3,LMH,13s,NA,NA,NA,NA,NA,0,0,1,NA,20.75130232
1061,N,N3,LMH,13s,66.04326762,168,NA,NA,NA,NA,NA,NA,22.41116391,NA
1062,N,N3,LMH,13s,NA,NA,NA,NA,NA,NA,NA,NA,NA,NA
1063,N,N3,LMH,13s,159.1094942,8.1,2,28,1,80,1,1,10.92270571,27.48155339
1064,N,N3,LMH,13s,NA,NA,NA,NA,NA,NA,NA,NA,NA,NA
1065,N,N3,LMH,13s,62.07166619,178,1,1,1,2,1,1,22.37975503,20.51316586
1066,N,N3,LMH,13s,198.5565097,251,1,35,1,8,1,1,37.00616251,35.64132843
1067,N,N3,LMH,13s,NA,NA,NA,NA,NA,NA,NA,NA,NA,NA
1068,N,N3,LMH,13s,50.0144692,280,1,3,1,10,1,1,24.2226593,22.91459388
1069,N,N3,LMH,13s,13.7885287,103.5,1,0,0,3,1,1,11.30087602,9.703192701
1070,N,N3,LMH,13s,NA,NA,NA,NA,NA,NA,NA,NA,NA,NA
1071,N,N3,LMH,13s,178.3677714,284,1,80,1,NA,NA,1,37.20802838,35.55787251
1072,N,N3,LMH,13s,36.21007547,152.1,2,1,1,1,1,1,17.7384045,20.02160237
1073,N,N3,LMH,13s,29.24728513,134,2,1,1,1,1,1,15.83369551,14.36539712
1074,N,N3,LMH,13s,36.21007547,158,1,11,1,3,1,1,17.96521275,19.0060802
1075,N,N3,LMH,13s,NA,NA,NA,NA,NA,NA,NA,NA,NA,NA
1076,N,N3,LMH,13s,9.676183913,109,NA,NA,NA,NA,NA,NA,10.21570933,NA
1077,N,N3,LMH,13s,8.709201694,103.1,1,1,1,1,1,1,9.68132129,11.05249966
1078,N,N3,LMH,13s,10.57844932,133.1,1,0,0,1,1,1,11.25009924,10.19308928
1079,N,N3,LMH,13s,NA,NA,NA,NA,NA,NA,NA,NA,NA,NA
1080,N,N3,LMH,13s,NA,NA,NA,NA,NA,NA,NA,NA,NA,NA
1081,N,N3,LMH,13s,16.83650189,134,1,1,1,3,1,1,13.16782656,14.67509366
1082,N,N3,LMH,13s,9.294087706,123.1,1,2,1,0,0,1,10.49699064,12.0505428
1083,N,N3,LMH,13s,11.58116716,108.9,1,2,1,0,0,1,10.84405601,9.568675395
1084,N,N3,LMH,13s,13.7885287,158.1,1,3,1,0,0,1,13.01779592,13.18680068
1085,N,N3,LMH,13s,31.56955042,176,1,2,1,0,0,1,17.79060285,18.68035762
1086,N,N3,LMH,13s,16.4029621,147,1,2,1,NA,NA,0,13.46345854,12.02830121
1087,N,N3,LMH,13s,50.89576448,182,1,3,1,0,0,0,21.10064539,21.92070638
1088,N,N3,LMH,13s,12.06874234,103,1,0,0,0,0,1,10.7918241,10.90453023
1089,N,N3,LMH,13s,NA,NA,NA,NA,NA,NA,NA,NA,NA,NA
1090,N,N3,LMH,13s,8.552985999,78.3,1,1,1,1,1,1,8.77842267,9.748484394
1091,N,N3,LMH,13s,1.814583917,21,0,0,0,0,0,1,3.371426801,4.676724121
1092,N,N3,LMH,13s,NA,NA,NA,NA,NA,NA,NA,NA,NA,NA
1093,N,N3,LMH,13s,NA,NA,NA,NA,NA,NA,NA,NA,NA,NA
1094,N,N3,LMH,13s,NA,NA,NA,NA,NA,4,1,NA,NA,9.907792704
1095,N,N3,LMH,13s,190.8895314,300,1,25,1,NA,NA,0,38.76326315,34.45282868
1096,N,N3,LMH,13s,43.9433414,71.1,1,1,1,4,1,1,14.67987394,19.51270913
1097,N,N3,LMH,13s,121.7386788,237,1,NA,NA,28,1,1,30.83363421,29.76101673
1098,N,N3,LMH,13s,63.05302119,249,1,2,1,3,1,1,25.16505778,24.62853593
1099,N,N3,LMH,13s,71.630276,243,1,32,1,14,1,1,26.04675192,26.26482831
1100,N,N3,LMH,13s,NA,NA,NA,NA,NA,NA,NA,NA,NA,NA
1101,N,N3,MEGA,13s,5.515458602,34,1,0,0,0,0,1,5.739294836,5.596708867
1102,N,N3,MEGA,13s,53.49205519,141,NA,NA,NA,NA,NA,NA,19.70160126,NA
1103,N,N3,MEGA,13s,13.52651987,127.2,1,3,1,1,1,1,12.02889158,12.00825137
1104,N,N3,MEGA,13s,9.511485918,85.3,1,0,0,0,0,1,9.359056328,9.871832406
1105,N,N3,MEGA,13s,NA,NA,NA,NA,NA,0,0,NA,NA,4.09385019
1106,N,N3,MEGA,13s,1.112202339,23.8,1,0,0,0,0,1,2.98529307,3.93134447
1107,N,N3,MEGA,13s,NA,NA,NA,NA,NA,NA,NA,NA,NA,NA
1108,N,N3,MEGA,13s,13.8544236,155.4,1,2,1,NA,NA,NA,12.96376738,NA
1109,N,N3,MEGA,13s,7.992290251,55,2,0,0,0,0,1,7.627350574,5.065789977
1110,N,N3,MEGA,13s,NA,NA,NA,NA,NA,NA,NA,NA,NA,NA
1111,N,N3,MEGA,13s,NA,NA,NA,NA,NA,NA,NA,NA,NA,NA
1112,N,N3,MEGA,13s,8.24479576,64,1,0,0,0,0,1,8.106932886,5.925023246
1113,N,N3,MEGA,13s,136.5176731,333,3,NA,1,NA,1,1,35.88766687,37.81711499
1114,N,N3,MEGA,13s,9.56622817,44.5,1,0,0,0,0,1,7.546092582,4.267854513
1115,N,N3,MEGA,13s,49.01669938,151,2,NA,1,NA,NA,1,19.57799334,18.40590598
1116,N,N3,MEGA,13s,NA,NA,NA,NA,NA,0,0,NA,NA,5.308868358
1117,N,N3,MEGA,13s,NA,NA,NA,NA,NA,0,0,NA,NA,3.175537823
1118,N,N3,MEGA,13s,22.39609987,108.2,3,0,0,2,1,1,13.48583258,14.21644442
1119,N,N3,MEGA,13s,52.28144246,196.8,4,NA,NA,NA,NA,1,21.85374122,NA
1120,N,N3,MEGA,13s,61.98063854,242.2,3,NA,NA,NA,1,1,24.79112331,NA
1121,N,N3,MEGA,13s,2.688025214,27.4,1,0,0,NA,NA,NA,4.201042786,NA
1122,N,N3,MEGA,13s,92.08275103,233.9,2,2,1,NA,1,1,27.96639326,29.56615939
1123,N,N3,MEGA,13s,193.5927933,270.4,3,76,1,0,0,1,37.61817519,35.30248703
1124,N,N3,MEGA,13s,68.51468002,140.5,1,23,1,2,1,1,21.37338589,19.52137175
1125,N,N3,MEGA,13s,NA,NA,NA,NA,NA,NA,NA,NA,NA,NA
1126,N,N3,MEGA,13s,1.814583917,15.3,1,0,0,0,0,1,3.03319424,3.002218804
1127,N,N3,MEGA,13s,2.190396938,15.6,1,0,0,NA,NA,NA,3.250920518,NA
1128,N,N3,MEGA,13s,NA,NA,NA,NA,NA,0,0,NA,NA,1.658681059
1129,N,N3,MEGA,13s,132.1764633,251,10,NA,1,NA,NA,1,32.30523854,27.7054166
1130,N,N3,MEGA,13s,1.495712262,7.8,NA,0,0,0,0,1,2.270897466,2.146088149
1131,N,N3,MEGA,13s,13.92047559,22.3,4,0,0,0,0,1,6.791058951,7.712811228
1132,N,N3,MEGA,13s,18.32247521,51.6,4,9,1,0,0,1,9.849445653,7.853919423
1133,N,N3,MEGA,13s,36.41694934,51.4,8,2,1,0,0,1,12.37206818,9.999406149
1134,N,N3,MEGA,13s,34.42085991,65.4,7,4,1,0,0,1,13.15814107,9.772529569
1135,N,N3,MEGA,13s,15.27450202,56.1,3,0,0,0,0,1,9.531365741,17.02412064
1136,N,N3,MEGA,13s,18.501546,26.8,5,0,0,0,0,1,7.940300965,4.272633107
1137,N,N3,MEGA,13s,29.59089682,31.3,4,0,0,0,0,1,9.782054046,6.918993692
1138,N,N3,MEGA,13s,15.27450202,52.8,3,0,0,0,0,1,9.340395161,8.993661158
1139,N,N3,MEGA,13s,18.020254,28.3,2,0,0,0,0,1,8.015145889,5.779128255
1140,N,N3,MEGA,13s,41.42614029,NA,4,6,1,0,0,1,NA,10.27903998
1141,N,N3,MESO,13s,8.621629799,122,3,21,1,0,0,1,10.20643595,19.23771783
1142,N,N3,MESO,13s,30.87627946,32,2,0,0,0,0,1,9.995442391,8.721135384
1143,N,N3,MESO,13s,12.25417484,21,1,0,0,0,0,1,6.378868606,4.640556097
1144,N,N3,MESO,13s,16.47482603,57,2,2,1,0,0,1,9.82722478,13.04318035
1145,N,N3,MESO,13s,34.10834998,0,10,4,1,0,0,1,0.189634657,7.375181766
1146,N,N3,MESO,13s,15.27450202,65,1,2,1,0,0,1,10.01163323,6.911330565
1147,N,N3,MESO,13s,15.07021996,47,2,1,1,0,0,1,8.944203569,8.165905555
1148,N,N3,MESO,13s,28.97593006,54,3,2,1,0,0,1,11.65351674,10.17693836
1149,N,N3,MESO,13s,22.98051464,78,2,7,1,1,1,1,12.19443917,12.76209203
1150,N,N3,MESO,13s,29.8671999,93,3,6,1,0,0,1,14.11456788,14.91073372
1151,N,N3,MESO,13s,69.54551511,198.7,1,73,1,0,0,1,24.11514834,22.64867332
1152,N,N3,MESO,13s,NA,NA,NA,NA,NA,NA,NA,NA,NA,NA
1153,N,N3,MESO,13s,7.258335667,90,1,4,1,2,1,1,8.705845034,8.213054235
1154,N,N3,MESO,13s,10.57844932,83.7,3,0,0,0,0,1,9.636107704,10.58523576
1155,N,N3,MESO,13s,34.94150035,74.1,1,1,1,0,0,1,13.78730202,12.66251009
1156,N,N3,MESO,13s,44.76965881,170,1,2,1,4,1,1,19.76112436,15.05826585
1157,N,N3,MESO,13s,64.32607308,181,2,4,1,0,0,1,22.77461931,21.27931959
1158,N,N3,MESO,13s,89.90876891,270,2,NA,NA,NA,NA,0,29.10598795,NA
1159,N,N3,MESO,13s,40.37645564,120,1,5,1,1,1,1,16.99558562,16.04975819
1160,N,N3,MESO,13s,161.2806489,99,2,15,1,2,1,1,25.30690904,19.70551556
1161,N,N3,MESO,13s,138.5115635,NA,0,NA,NA,NA,1,1,NA,NA
1162,N,N3,MESO,13s,27.33971007,140,1,2,1,1,1,1,15.70920439,13.56503475
1163,N,N3,MESO,13s,107.6970163,300,1,NA,NA,NA,1,1,32.02083962,28.62927245
1164,N,N3,MESO,13s,47.05131901,161,1,5,1,7,1,1,19.73023508,19.56773154
1165,N,N3,MESO,13s,71.33056806,235,2,NA,NA,NA,1,1,25.7212472,26.58504038
1166,N,N3,MESO,13s,38.59454429,220,1,NA,NA,NA,1,1,20.49626723,19.78660069
1167,N,N3,MESO,13s,45.84337664,315,1,NA,NA,8,1,1,24.47220936,27.84788725
1168,N,N3,MESO,13s,64.0420731,201,1,83,1,6,1,1,23.55079326,25.3520844
1169,N,N3,MESO,13s,267.0617649,203,1,51,1,NA,NA,0,38.06064925,32.82932121
1170,S,S1,CONT,13s,30.1907054,95,1,0,0,NA,NA,1,14.26640552,NA
1171,S,S1,CONT,13s,NA,NA,NA,NA,NA,NA,NA,NA,NA,NA
1172,S,S1,CONT,13s,NA,NA,NA,NA,NA,NA,NA,NA,NA,NA
1173,S,S1,CONT,13s,41.39645224,133.1,2,0,0,0,0,1,17.74089367,14.9480557
1174,S,S1,CONT,13s,NA,NA,NA,NA,NA,NA,NA,NA,NA,NA
1175,S,S1,CONT,13s,14.32008617,42,1,0,0,NA,NA,NA,8.468975755,NA
1176,S,S1,CONT,13s,11.76282975,121,1,0,0,0,0,1,11.2907939,6.478201971
1177,S,S1,CONT,13s,NA,NA,NA,NA,NA,NA,NA,NA,NA,NA
1178,S,S1,CONT,13s,36.53075354,120,1,0,0,0,0,1,16.43704986,12.99681942
1179,S,S1,CONT,13s,48.15189746,81.1,1,0,0,1,1,1,15.81476663,13.24785899
1180,S,S1,CONT,13s,28.65258164,53,1,0,0,0,0,1,11.53771487,12.46711423
1181,S,S1,CONT,13s,22.06183441,57.1,1,0,0,NA,NA,0,10.83986814,NA
1182,S,S1,CONT,13s,NA,NA,NA,NA,NA,NA,NA,NA,NA,NA
1183,S,S1,CONT,13s,7.163145409,110.1,1,0,0,0,0,1,9.270936637,10.06657464
1184,S,S1,CONT,13s,28.08615248,121,1,0,0,3,1,1,15.09776968,10.69064794
1185,S,S1,CONT,13s,11.88472355,113,1,0,0,0,0,1,11.07392532,9.99280292
1186,S,S1,CONT,13s,34.94150035,82,1,0,0,0,0,1,14.26156489,12.04677157
1187,S,S1,CONT,13s,8.866831105,57,1,0,0,0,0,1,7.991127659,6.287085912
1188,S,S1,CONT,13s,NA,NA,NA,NA,NA,NA,NA,NA,NA,NA
1189,S,S1,CONT,13s,33.38759009,62,1,0,0,1,1,1,12.79484011,9.139249434
1190,S,S1,CONT,13s,9.240130853,49.1,1,0,0,0,0,1,7.708253857,9.338874797
1191,S,S1,CONT,13s,NA,NA,NA,NA,NA,NA,NA,NA,NA,NA
1192,S,S1,CONT,13s,6.157521601,54,1,0,0,0,0,1,6.948639887,8.48078223
1193,S,S1,CONT,13s,27.61844788,121,1,0,0,0,0,1,15.01336499,13.55140501
1194,S,S1,CONT,13s,2.83528737,37,1,0,0,0,0,1,4.727605801,5.195323182
1195,S,S1,CONT,13s,25.07187287,182,1,0,0,0,0,1,16.65861715,16.24183114
1196,S,S1,CONT,13s,NA,NA,NA,NA,NA,0,0,1,NA,3.19292709
1197,S,S1,CONT,13s,14.72024654,131,2,0,0,0,0,1,12.49555443,7.962138505
1198,S,S1,CONT,13s,74.35592178,55.9,3,0,0,0,0,1,16.14759283,14.65359729
1199,S,S1,CONT,13s,32.47220853,136,1,0,0,9,1,1,16.4776705,15.55094538
1200,S,S1,CONT,13s,2.243175694,168,1,8,1,0,0,1,7.245229084,11.37248477
1201,S,S1,CONT,13s,9.897980354,84.9,3,0,0,0,0,1,9.469467356,9.514325611
1202,S,S1,LMH,13s,142.6299558,316,2,22,1,7,1,1,35.784768,31.61620315
1203,S,S1,LMH,13s,143.7756946,210,2,23,1,17,1,1,31.30479263,32.76160549
1204,S,S1,LMH,13s,140.185404,366.3,1,NA,1,NA,1,1,37.37730906,35.47120738
1205,S,S1,LMH,13s,120.9576789,241.7,1,NA,1,6,1,1,30.9698232,34.23237794
1206,S,S1,LMH,13s,NA,361,3,NA,1,NA,1,1,NA,45.24064823
1207,S,S1,LMH,13s,287.5739302,300.8,2,NA,1,NA,1,1,44.48572314,41.474536
1208,S,S1,LMH,13s,150.6570392,221,3,NA,1,9,1,1,32.34384926,33.05451506
1209,S,S1,LMH,13s,53.97578192,274,1,NA,1,NA,1,1,24.66792608,26.36474079
1210,S,S1,LMH,13s,483.9505673,400,8,NA,1,NA,1,1,58.21195686,56.8336877
1211,S,S1,LMH,13s,340.5869711,372,3,NA,NA,NA,1,1,50.53054299,53.71261851
1212,S,S1,LMH,13s,158.814106,NA,1,NA,NA,NA,1,1,NA,40.71106369
1213,S,S1,LMH,13s,175.7733656,400,1,NA,NA,NA,1,1,41.51160198,41.10299363
1214,S,S1,LMH,13s,171.336887,400,1,NA,NA,NA,1,1,41.15883169,42.08399615
1215,S,S1,LMH,13s,261.300084,450,1,NA,NA,NA,1,1,49.28683743,46.23454631
1216,S,S1,LMH,13s,134.7821788,430,1,NA,1,NA,1,1,38.91844944,38.68398135
1217,S,S1,LMH,13s,774.3711732,430,3,NA,1,NA,NA,0,69.76739379,66.23665635
1218,S,S1,LMH,13s,NA,NA,NA,NA,NA,NA,1,1,NA,71.7930747
1219,S,S1,LMH,13s,324.9314724,430,1,NA,NA,NA,1,1,52.20822821,55.77014077
1220,S,S1,LMH,13s,38.59454429,144,1,0,0,4,1,1,17.79207094,18.14444446
1221,S,S1,LMH,13s,NA,NA,NA,NA,NA,NA,NA,NA,NA,NA
1222,S,S1,LMH,13s,51.14897685,141,NA,NA,NA,NA,NA,NA,19.40918891,NA
1223,S,S1,LMH,13s,NA,NA,NA,NA,NA,NA,NA,NA,NA,NA
1224,S,S1,LMH,13s,NA,NA,NA,NA,NA,NA,NA,NA,NA,NA
1225,S,S1,LMH,13s,693.258471,179.5,6,78,1,9,1,1,50.22803187,39.43411448
1226,S,S1,LMH,13s,151.0924639,160,1,50,1,2,1,1,29.06567453,28.77939943
1227,S,S1,LMH,13s,268.3537449,330,3,NA,1,NA,1,1,44.83570412,38.15822288
1228,S,S1,LMH,13s,52.55287607,148,1,5,1,2,1,1,19.90482402,20.94746129
1229,S,S1,LMH,13s,NA,NA,NA,NA,NA,NA,NA,NA,NA,NA
1230,S,S1,LMH,13s,55.81424194,155,1,4,1,2,1,1,20.6247333,20.77877177
1231,S,S1,LMH,13s,227.5144541,112.7,3,18,1,1,1,1,29.64264554,26.48307452
1232,S,S1,LMH,13s,133.1410108,102.3,NA,NA,NA,NA,NA,NA,23.99902125,NA
1233,S,S1,LMH,13s,114.9901451,176.8,1,8,1,6,1,1,27.43268594,28.661583
1234,S,S1,LMH,13s,0.59446787,5.5,NA,0,0,NA,NA,1,1.485122331,NA
1235,S,S1,LMH,13s,248.8455541,15.6,1,0,0,0,0,1,15.78343524,5.819987999
1236,S,S1,LMH,13s,0.34211944,3.1,NA,0,0,0,0,1,1.019826549,1.984053479
1237,S,S1,LMH,13s,7.306166415,20.6,1,0,0,0,0,1,5.33303849,7.975323108
1238,S,S1,LMH,13s,NA,NA,NA,NA,NA,NA,NA,NA,NA,NA
1239,S,S1,LMH,13s,NA,NA,NA,NA,NA,NA,NA,NA,NA,NA
1240,S,S1,LMH,13s,702.1538121,236.8,1,0,0,0,0,1,55.33022984,45.47790771
1241,S,S1,MEGA,13s,89.92023573,290,1,NA,NA,0,0,1,29.80997263,29.47793582
1242,S,S1,MEGA,13s,97.11793866,240,1,NA,NA,2,1,1,28.71363698,28.50216339
1243,S,S1,MEGA,13s,153.93804,230,1,0,0,NA,NA,NA,33.01435565,NA
1244,S,S1,MEGA,13s,291.3415638,251.1,1,0,0,0,0,1,42.0652762,35.68777802
1245,S,S1,MEGA,13s,24.36689948,110,1,0,0,0,0,1,13.94755571,13.92188786
1246,S,S1,MEGA,13s,NA,NA,NA,NA,NA,NA,NA,NA,NA,NA
1247,S,S1,MEGA,13s,NA,NA,NA,NA,NA,NA,NA,NA,NA,NA
1248,S,S1,MEGA,13s,44.76965881,400,1,NA,NA,NA,1,1,26.29502336,27.96643709
1249,S,S1,MEGA,13s,63.61725124,200,1,0,0,NA,NA,0,23.45942801,NA
1250,S,S1,MEGA,13s,53.19729526,310,1,NA,NA,NA,1,1,25.58139759,26.31364138
1251,S,S1,MEGA,13s,8.193980499,95,1,0,0,0,0,1,9.230597994,NA
1252,S,S1,MEGA,13s,1.5393804,10,1,0,0,NA,NA,NA,2.491116403,NA
1253,S,S1,MEGA,13s,3.17308712,14.1,1,0,0,NA,NA,NA,3.55700589,NA
1254,S,S1,MEGA,13s,13.13821902,38.1,1,0,0,0,0,1,7.965480402,8.045324983
1255,S,S1,MEGA,13s,NA,NA,NA,NA,NA,0,0,NA,NA,3.417688385
1256,S,S1,MEGA,13s,45.24529594,82,1,0,0,0,0,1,15.5466085,15.9982152
1257,S,S1,MEGA,13s,5.725552611,20.5,1,0,0,NA,NA,NA,4.908218468,NA
1258,S,S1,MEGA,13s,154.776374,110,2,0,0,0,0,1,25.85513288,21.4051904
1259,S,S1,MEGA,13s,NA,NA,NA,NA,NA,NA,NA,NA,NA,NA
1260,S,S1,MEGA,13s,NA,NA,NA,NA,NA,NA,NA,NA,NA,NA
1261,S,S1,MEGA,13s,NA,NA,NA,NA,NA,NA,NA,NA,NA,NA
1262,S,S1,MEGA,13s,NA,NA,NA,NA,NA,NA,NA,NA,NA,NA
1263,S,S1,MEGA,13s,1.838538561,15,1,0,0,NA,NA,1,3.026429513,NA
1264,S,S1,MEGA,13s,NA,NA,NA,NA,NA,NA,NA,NA,NA,NA
1265,S,S1,MEGA,13s,NA,NA,NA,NA,NA,NA,NA,NA,NA,NA
1266,S,S1,MEGA,13s,NA,NA,NA,NA,NA,NA,NA,NA,NA,NA
1267,S,S1,MEGA,13s,32.47220853,46.3,2,0,0,NA,NA,NA,11.49922641,NA
1268,S,S1,MEGA,13s,65.13306969,55.3,3,0,0,NA,NA,NA,15.3936697,NA
1269,S,S1,MEGA,13s,NA,NA,NA,NA,NA,NA,NA,NA,NA,NA
1270,S,S1,MEGA,13s,22.7328786,46.6,3,0,0,NA,NA,NA,10.23071745,NA
1271,S,S1,MESO,13s,NA,15,1,0,0,NA,NA,NA,NA,NA
1272,S,S1,MESO,13s,65.18184292,305,1,NA,NA,NA,1,1,27.22855037,26.63837533
1273,S,S1,MESO,13s,NA,NA,NA,NA,NA,0,0,NA,NA,1.711323555
1274,S,S1,MESO,13s,NA,NA,NA,NA,NA,0,0,NA,NA,2.735121539
1275,S,S1,MESO,13s,62.49130443,230.1,1,4,1,3,1,1,24.43741387,28.3056645
1276,S,S1,MESO,13s,89.24919154,310,1,NA,NA,NA,1,1,30.40500041,30.9152344
1277,S,S1,MESO,13s,90.59379319,210,1,5,1,7,1,1,26.83150862,22.19576647
1278,S,S1,MESO,13s,83.16117767,176,2,17,1,1,1,1,24.5824355,25.74806251
1279,S,S1,MESO,13s,82.51589454,220,1,NA,NA,NA,1,1,26.41488857,29.5287736
1280,S,S1,MESO,13s,37.06835858,235,1,6,1,NA,1,1,20.67226426,21.77671651
1281,S,S1,MESO,13s,151.9651984,230,2,NA,NA,NA,1,1,32.87249496,28.16750366
1282,S,S1,MESO,13s,NA,NA,NA,NA,NA,NA,NA,NA,NA,NA
1283,S,S1,MESO,13s,52.42446347,188,1,0,0,0,0,1,21.54215913,22.723763
1284,S,S1,MESO,13s,62.35126794,230.1,1,2,1,0,0,1,24.41911808,21.1610462
1285,S,S1,MESO,13s,113.0973355,221,2,NA,NA,0,0,1,29.39105382,30.64372338
1286,S,S1,MESO,13s,38.15534964,220,1,NA,NA,1,1,1,20.4181028,18.59898951
1287,S,S1,MESO,13s,NA,NA,NA,NA,NA,NA,NA,NA,NA,NA
1288,S,S1,MESO,13s,65.89930414,320,1,7,1,8,1,1,27.76978364,29.39901419
1289,S,S1,MESO,13s,147.1962607,220.1,2,15,1,2,1,1,32.05019143,32.00629204
1290,S,S1,MESO,13s,441.895166,92,9,5,1,NA,NA,0,34.57362101,16.42348861
1291,S,S1,MESO,13s,183.6136028,230,2,NA,NA,NA,1,1,35.0156282,32.9510746
1292,S,S1,MESO,13s,26.69481964,300,1,NA,NA,NA,1,1,20.09994632,22.60154093
1293,S,S1,MESO,13s,138.7202438,330,1,NA,NA,4,1,1,35.97109619,30.03751216
1294,S,S1,MESO,13s,17.27569654,24,1,0,0,NA,NA,NA,7.479942267,NA
1295,S,S1,MESO,13s,17.64601178,105,1,0,0,0,0,1,12.33000015,9.74303321
1296,S,S1p,CONT,13s,10.57844932,85,1,0,0,0,0,1,9.685816828,8.130265395
1297,S,S1p,CONT,13s,NA,NA,NA,NA,NA,0,0,1,NA,21.55626984
1298,S,S1p,CONT,13s,NA,NA,NA,NA,NA,0,0,1,NA,8.064545723
1299,S,S1p,CONT,13s,7.793113276,29,1,0,0,0,0,1,6.108245171,6.002115384
1300,S,S1p,CONT,13s,7.645379882,92,0,0,0,0,0,1,8.923391119,9.389305336
1301,S,S1p,CONT,13s,34.83680678,37,1,0,0,0,0,1,10.92320069,11.42023051
1302,S,S1p,CONT,13s,13.52651987,24,1,0,0,0,0,1,6.893296839,7.888157101
1303,S,S1p,CONT,13s,13.59178646,52,1,0,0,0,0,1,8.937759635,8.321235971
1304,S,S1p,CONT,13s,3.83596317,28,1,0,0,0,0,1,4.764943436,5.015374197
1305,S,S1p,CONT,13s,NA,NA,NA,NA,NA,NA,NA,1,NA,NA
1306,S,S1p,CONT,13s,NA,NA,NA,NA,NA,1,1,NA,NA,48.85884867
1307,S,S1p,CONT,13s,9.025874234,70,1,0,0,1,1,1,8.609396617,4.459719007
1308,S,S1p,CONT,13s,50.76939392,180,1,3,1,0,0,1,21.00550821,18.8746319
1309,S,S1p,CONT,13s,NA,NA,NA,NA,NA,0,0,1,NA,7.154257799
1310,S,S1p,CONT,13s,31.66921744,66,1,10,1,NA,NA,NA,12.83626079,NA
1311,S,S1p,CONT,13s,59.44678699,203,1,0,0,2,1,1,23.04864592,20.47047686
1312,S,S1p,CONT,13s,59.72041971,129,1,0,0,0,0,1,19.84149193,20.61494688
1313,S,S1p,CONT,13s,NA,NA,NA,NA,NA,0,0,NA,NA,4.081028405
1314,S,S1p,CONT,13s,33.90163318,55,2,1,1,NA,NA,NA,12.35606867,NA
1315,S,S1p,CONT,13s,NA,NA,NA,NA,NA,0,0,NA,NA,2.837761224
1316,S,S1p,CONT,13s,21.23716634,134.5,1,0,0,2,1,1,14.24691972,15.33745693
1317,S,S1p,CONT,13s,NA,NA,NA,NA,NA,NA,NA,NA,NA,NA
1318,S,S1p,CONT,13s,10.23538741,50,2,0,0,1,1,1,8.024559484,9.988566298
1319,S,S1p,CONT,13s,21.48291742,51.4,NA,NA,NA,NA,NA,NA,10.37339034,NA
1320,S,S1p,CONT,13s,8.398184021,83,1,0,0,0,0,1,8.896518794,9.418234809
1321,S,S1p,CONT,13s,43.47461578,164.9,1,0,0,4,1,1,19.37044042,22.37090474
1322,S,S1p,CONT,13s,25.42812948,142.4,1,0,0,2,1,1,15.42088351,18.52907756
1323,S,S1p,CONT,13s,15.13627194,48.9,1,0,0,0,0,1,9.076567389,5.191713019
1324,S,S1p,CONT,13s,8.709201694,170.2,1,1,1,0,0,1,11.44494775,13.36371464
1325,S,S1p,CONT,13s,9.402472653,102.6,1,0,0,0,0,1,9.91596153,12.05268242
1326,S,S1p,CONT,13s,32.87747398,58.1,1,0,0,1,1,1,12.45612075,13.33142518
1327,S,S1p,CONT,13s,1.606060704,33.4,1,0,0,0,0,1,3.77915158,4.140246404
1328,S,S1p,CONT,13s,2.86521104,54.4,1,5,1,0,0,1,5.395712456,6.393026941
1329,S,S1p,CONT,13s,3.596809429,90,1,0,0,0,0,1,6.886743106,7.015692422
1330,S,S1p,CONT,13s,2.1382465,13,1,0,0,NA,NA,NA,3.034436417,NA
1331,S,S2,CONT,13s,4.337361357,51,1,0,0,NA,NA,NA,6.064671169,NA
1332,S,S2,CONT,13s,40.82821667,40,1,0,0,NA,NA,NA,11.82123921,NA
1333,S,S2,CONT,13s,33.69554471,154,1,0,0,3,1,1,17.38919219,14.95604783
1334,S,S2,CONT,13s,146.5518415,101,1,6,1,NA,NA,0,24.67481329,19.14013504
1335,S,S2,CONT,13s,57.49271636,342,2,12,1,NA,NA,1,27.12852652,22.4512825
1336,S,S2,CONT,13s,85.45862438,319,2,8,1,NA,NA,1,30.25533064,25.58446442
1337,S,S2,CONT,13s,105.234636,231,2,17,1,NA,NA,0,29.11952454,27.40325509
1338,S,S2,CONT,13s,NA,NA,NA,NA,NA,NA,NA,NA,NA,NA
1339,S,S2,CONT,13s,NA,NA,NA,NA,NA,NA,NA,NA,NA,NA
1340,S,S2,CONT,13s,12.62928101,70.6,1,1,1,0,0,1,9.658621864,9.585913118
1341,S,S2,CONT,13s,NA,NA,NA,NA,NA,NA,NA,NA,NA,NA
1342,S,S2,CONT,13s,NA,NA,NA,NA,NA,0,0,NA,NA,1.658681059
1343,S,S2,CONT,13s,NA,NA,NA,NA,NA,NA,NA,0,NA,5.247007275
1344,S,S2,CONT,13s,8.919688402,21.3,1,0,0,NA,NA,0,5.76435923,7.672990069
1345,S,S2,CONT,13s,3.63050301,94,1,0,0,0,0,1,7.009234837,7.546417692
1346,S,S2,CONT,13s,NA,NA,NA,NA,NA,NA,NA,NA,NA,NA
1347,S,S2,CONT,13s,2.08672438,326,1,0,0,NA,NA,NA,8.824451426,NA
1348,S,S2,CONT,13s,24.19222693,43,3,0,0,0,0,1,10.16880701,12.09427317
1349,S,S2,CONT,13s,69.2502054,91.6,1,1,1,0,0,1,18.59511266,12.76267258
1350,S,S2,CONT,13s,5.391287153,83.4,1,1,1,0,0,1,7.685172706,8.51307714
1351,S,S2,CONT,13s,3.529893506,31.9,1,0,0,0,0,1,4.840701122,5.341925315
1352,S,S2,CONT,13s,39.25804866,117.9,2,3,1,0,0,1,16.73800082,17.32723623
1353,S,S2,CONT,13s,3.596809429,33.1,1,0,0,0,0,1,4.931569048,5.133470151
1354,S,S2,CONT,13s,40.03928421,190,1,0,0,NA,NA,NA,19.75819581,18.14639324
1355,S,S2,CONT,13s,28.42277414,81,1,1,1,0,0,1,13.25715207,6.77653752
1356,S,S2,CONT,13s,32.27051828,186,1,0,0,1,1,1,18.25522649,20.8333877
1357,S,S2,CONT,13s,39.59192142,108,1,2,1,1,1,1,16.30103275,16.17398587
1358,S,S2,CONT,13s,65.03882191,49,4,0,0,0,0,1,14.7773123,12.41862833
1359,S,S2,CONT,13s,NA,NA,NA,NA,NA,NA,NA,NA,NA,NA
1360,S,S2,CONT,13s,NA,NA,NA,NA,NA,NA,NA,NA,NA,NA
1361,S,S2,CONT,13s,3.63050301,28,1,0,0,0,0,1,4.67817234,4.92006457
1362,S,S2,CONT,13s,NA,NA,NA,NA,NA,NA,NA,NA,NA,NA
1363,S,S2,CONT,13s,12.19220693,65,1,0,0,0,0,1,9.285947619,7.359441719
1364,S,S2,CONT,13s,20.10902042,154,1,3,1,0,0,1,14.63648057,16.05900236
1365,S,S2,CONT,13s,10.86865394,66,2,0,0,NA,NA,NA,8.982114642,9.747698297
1366,S,S2,CONT,13s,55.7971988,100,4,3,1,1,1,1,17.81566561,17.18489327
1367,S,S2,CONT,13s,25.07187287,96,1,0,0,1,1,1,13.45537168,14.62375863
1368,S,S2,CONT,13s,14.93010493,114,0,0,0,NA,NA,0,11.98545963,12.09662416
1369,S,S2,CONT,13s,58.22321519,72,3,0,0,2,1,1,16.19360226,18.02458808
1370,S,S2,LMH,13s,NA,NA,NA,NA,NA,NA,NA,NA,NA,NA
1371,S,S2,LMH,13s,NA,NA,NA,NA,NA,0,0,NA,NA,10.9897124
1372,S,S2,LMH,13s,209.9778483,162.1,7,17,1,12,1,1,32.58278763,30.43860817
1373,S,S2,LMH,13s,NA,NA,NA,NA,NA,NA,NA,NA,NA,NA
1374,S,S2,LMH,13s,245.7615311,226,4,9,1,44,1,1,38.36952967,47.58413765
1375,S,S2,LMH,13s,92.80021225,198.2,1,32,1,14,1,1,26.53072753,27.47460728
1376,S,S2,LMH,13s,549.0511215,265.2,3,71,1,42,1,1,52.93263957,53.13208162
1377,S,S2,LMH,13s,198.4452188,320,3,76,1,NA,1,1,40.12415362,45.87353574
1378,S,S2,LMH,13s,NA,NA,NA,NA,NA,0,0,NA,NA,4.179063161
1379,S,S2,LMH,13s,90.59379319,220,2,21,1,NA,1,1,27.25147214,28.53653061
1380,S,S3,LMH,13s,NA,NA,NA,NA,NA,NA,NA,NA,NA,NA
1381,S,S2,LMH,13s,101.1769549,100,1,0,0,NA,NA,NA,21.73159924,NA
1382,S,S2,LMH,13s,141.0260942,132,1,10,1,4,1,1,26.63741727,19.39388528
1383,S,S2,LMH,13s,NA,NA,NA,NA,NA,1,1,NA,NA,5.418531432
1384,S,S2,LMH,13s,45.72344634,153,1,7,1,9,1,1,19.2128597,18.84749084
1385,S,S2,LMH,13s,100.11007,193,1,8,1,3,1,1,26.97041731,23.40875327
1386,S,S2,LMH,13s,20.02961666,190,1,2,1,NA,1,1,15.67909542,18.65855328
1387,S,S2,LMH,13s,117.0903783,136,2,13,1,38,1,1,25.2844044,25.2348061
1388,S,S2,LMH,13s,NA,NA,NA,NA,NA,NA,NA,NA,NA,NA
1389,S,S2,LMH,13s,118.4367864,158,1,5,1,6,1,1,26.68394571,27.33687725
1390,S,S2,LMH,13s,312.9038849,296,1,25,1,NA,NA,1,45.51218909,44.94916661
1391,S,S2,LMH,13s,104.2305044,159,3,5,1,NA,NA,1,25.62352907,25.36702941
1392,S,S2,LMH,13s,187.9110659,138,3,20,1,8,1,1,29.75447765,29.06445673
1393,S,S2,LMH,13s,139.4242747,145,3,24,1,14,1,1,27.38135359,28.0338138
1394,S,S2,LMH,13s,50.0144692,142,2,13,1,1,1,1,19.30989577,17.55968756
1395,S,S2,LMH,13s,123.0007351,280,4,20,1,NA,NA,1,32.71100988,33.22215992
1396,S,S2,LMH,13s,8.814130889,59,1,0,0,NA,NA,0,8.067590751,7.959200237
1397,S,S2,LMH,13s,9.402472653,48,1,0,0,2,1,1,7.69477756,12.8156302
1398,S,S2,LMH,13s,NA,NA,NA,NA,NA,6,1,1,NA,11.97098157
1399,S,S2,LMH,13s,92.48605299,120,2,0,0,NA,1,1,22.41322543,29.10646171
1400,S,S2,LMH,13s,NA,NA,NA,NA,NA,NA,NA,NA,NA,NA
1401,S,S2,LMH,13s,25.07187287,100,1,0,0,NA,1,1,13.64000176,15.30898347
1402,S,S2,LMH,13s,6.650830187,43,1,0,0,1,1,1,6.607658689,8.815703345
1403,S,S2,LMH,13s,3.204738666,28,1,0,0,0,0,1,4.487352965,3.824877273
1404,S,S2,LMH,13s,47.68764861,315,2,6,1,NA,1,1,24.79657959,29.78266528
1405,S,S2,LMH,13s,60.32690417,136,1,0,0,5,1,1,20.26286626,19.26914492
1406,S,S2,LMH,13s,20.26829916,210,1,0,0,NA,1,1,16.2760687,25.9420573
1407,S,S2,LMH,13s,33.52911883,200,2,0,0,NA,1,1,18.94333562,20.30080191
1408,S,S2,LMH,13s,122.1499133,480,2,0,0,NA,NA,1,39.06932858,39.72252873
1409,S,S2,LMH,13s,2.955924528,25,1,0,0,0,0,1,4.205726254,12.90465037
1410,S,S2,LMH,13s,78.09009735,400,1,0,0,NA,NA,1,31.66179241,24.45705364
1411,S,S2,MEGA,13s,118.2439712,210,2,NA,1,2,1,1,29.32681564,19.85277993
1412,S,S2,MEGA,13s,0.282743339,3.2,NA,0,0,NA,NA,NA,0.967145286,NA
1413,S,S2,MEGA,13s,0.985203456,3.5,NA,0,0,NA,NA,NA,1.51173303,NA
1414,S,S2,MEGA,13s,0.785398163,3.5,NA,0,0,NA,NA,NA,1.401562104,NA
1415,S,S2,MEGA,13s,0.754296396,4.2,NA,0,0,NA,NA,NA,1.469564263,NA
1416,S,S2,MEGA,13s,NA,NA,NA,NA,NA,0,0,NA,NA,5.089345541
1417,S,S2,MEGA,13s,NA,NA,NA,NA,NA,NA,NA,NA,NA,NA
1418,S,S2,MEGA,13s,NA,NA,NA,NA,NA,0,0,NA,NA,2.71623984
1419,S,S2,MEGA,13s,5.939573611,71.2,2,0,0,0,0,1,7.529488789,5.093949321
1420,S,S2,MEGA,13s,NA,NA,NA,NA,NA,NA,NA,NA,NA,NA
1421,S,S2,MEGA,13s,NA,NA,NA,NA,NA,0,0,NA,NA,1.229208673
1422,S,S2,MEGA,13s,NA,NA,NA,NA,NA,NA,NA,NA,NA,NA
1423,S,S2,MEGA,13s,NA,NA,NA,NA,NA,0,0,NA,NA,2.86774416
1424,S,S2,MEGA,13s,124.6898124,400,1,NA,1,NA,1,1,37.01563981,38.00279208
1425,S,S2,MEGA,13s,NA,NA,NA,NA,NA,NA,NA,NA,NA,NA
1426,S,S2,MEGA,13s,21.48291742,58.3,3,0,0,0,0,1,10.81892386,9.303586555
1427,S,S2,MEGA,13s,187.2338956,400,2,NA,1,NA,NA,1,42.3962491,43.2718026
1428,S,S2,MEGA,13s,3.17308712,23.7,1,0,0,NA,NA,NA,4.230359233,NA
1429,S,S2,MEGA,13s,NA,NA,NA,NA,NA,0,0,NA,NA,1.308275092
1430,S,S2,MEGA,13s,NA,NA,NA,NA,NA,0,0,NA,NA,3.553581144
1431,S,S2,MEGA,13s,NA,NA,NA,NA,NA,0,0,NA,NA,1.230988279
1432,S,S2,MEGA,13s,NA,NA,NA,NA,NA,0,0,NA,NA,1.253418059
1433,S,S2,MEGA,13s,NA,NA,NA,NA,NA,0,0,NA,NA,1.47104543
1434,S,S2,MEGA,13s,NA,NA,NA,NA,NA,0,0,NA,NA,1.609793375
1435,S,S2,MEGA,13s,24.71812954,NA,NA,NA,NA,NA,NA,1,NA,21.87200064
1436,S,S2,MEGA,13s,12.62928101,102.7,1,0,0,0,0,1,10.94597146,10.79123008
1437,S,S2,MEGA,13s,NA,NA,0,0,0,NA,NA,NA,NA,NA
1438,S,S2,MEGA,13s,22.39609987,30.6,NA,NA,NA,NA,NA,NA,8.846261015,NA
1439,S,S2,MEGA,13s,32.16990877,45.6,3,0,0,NA,NA,NA,11.40522188,NA
1440,S,S2,MEGA,13s,21.48291742,292,1,NA,1,NA,NA,1,18.52605046,20.17567868
1441,S,S2,MEGA,13s,18.4293679,18.7,8,0,0,0,0,1,7.032211691,9.517221974
1442,S,S2,MEGA,13s,42.31379729,22.4,13,0,0,0,0,1,9.857748752,9.268975769
1443,S,S2,MEGA,13s,72.081016,400,1,NA,1,NA,NA,1,30.8266182,30.93395145
1444,S,S2,MEGA,13s,15.55284713,87.4,2,0,0,0,0,1,11.11873983,11.41705189
1445,S,S2,MEGA,13s,93.31315579,400,1,NA,NA,NA,1,1,33.60142311,26.91922136
1446,S,S2,MEGA,13s,16.25970548,55.4,6,0,0,0,0,1,9.69163737,9.850081421
1447,S,S2,MEGA,13s,6.201582438,55.7,1,0,0,0,0,1,7.037650212,6.796890628
1448,S,S2,MEGA,13s,NA,NA,NA,NA,NA,NA,NA,NA,NA,NA
1449,S,S2,MEGA,13s,14.58963482,45.6,4,0,0,NA,NA,0,8.759075206,8.945329179
1450,S,S2,MEGA,13s,NA,NA,NA,NA,NA,NA,NA,NA,NA,NA
1451,S,S2,MEGA,13s,20.58874161,40.5,3,0,0,NA,NA,0,9.444971766,8.653214173
1452,S,S2,MEGA,13s,7.743711732,33.2,3,0,0,0,0,1,6.376828543,6.128243925
1453,S,S2,MEGA,13s,11.76282975,65.1,3,0,0,0,0,1,9.180174158,8.696029585
1454,S,S2,MESO,13s,9.897980354,127.4,1,1,1,0,0,1,10.8435209,12.11074958
1455,S,S2,MESO,13s,27.33971007,210,1,3,1,0,0,1,17.98630882,18.55241796
1456,S,S2,MESO,13s,44.53278272,204.2,NA,0,0,0,0,1,20.97099903,21.14516589
1457,S,S2,MESO,13s,25.42812948,143.2,1,1,1,5,1,1,15.44975227,16.83696972
1458,S,S2,MESO,13s,72.83539094,141.9,1,3,1,5,1,1,21.88656137,22.85886515
1459,S,S2,MESO,13s,25.24968702,129.9,1,0,0,1,1,1,14.91994978,17.4691351
1460,S,S2,MESO,13s,14.65741468,63.8,2,0,0,3,1,1,9.813503306,13.19478736
1461,S,S2,MESO,13s,1.266768698,4.4,NA,0,0,NA,NA,NA,1.774603289,NA
1462,S,S2,MESO,13s,4.869547153,34.9,1,0,0,0,0,1,5.553766971,5.152907756
1463,S,S2,MESO,13s,13.92047559,31.2,1,0,0,0,0,1,7.596774902,9.390277459
1464,S,S2,MESO,13s,NA,NA,NA,NA,NA,0,0,NA,NA,2.36460627
1465,S,S2,MESO,13s,NA,NA,NA,NA,NA,0,0,NA,NA,5.954216554
1466,S,S2,MESO,13s,31.56955042,50,5,0,0,1,1,1,11.687673,16.35909401
1467,S,S2,MESO,13s,10.00982105,36.7,1,0,0,0,0,1,7.183779808,8.177494193
1468,S,S2,MESO,13s,17.12867001,134.7,1,3,1,4,1,1,13.26673255,14.40366751
1469,S,S2,MESO,13s,12.25417484,124.1,1,0,0,2,1,1,11.54318161,10.26912784
1470,S,S2,MESO,13s,12.37858191,52,1,0,0,0,0,1,8.663083972,5.035704828
1471,S,S2,MESO,13s,5.939573611,34.2,3,0,0,0,0,1,5.894541678,5.019027223
1472,S,S2,MESO,13s,1.697166891,11.9,1,0,0,0,0,1,2.727491011,3.321310692
1473,S,S2,MESO,13s,14.0530508,47.8,2,0,0,0,0,1,8.787327868,7.631917394
1474,S,S2,MESO,13s,21.81278465,191.8,1,2,1,2,1,1,16.18278875,18.30222776
1475,S,S2,MESO,13s,NA,152.7,NA,0,0,NA,NA,NA,NA,NA
1476,S,S2,MESO,13s,19.2442185,57.1,3,0,0,0,0,1,10.35649891,7.69067216
1477,S,S2,MESO,13s,3.463605901,55.8,1,0,0,1,1,1,5.79739196,6.98059511
1478,S,S2,MESO,13s,83.80897408,258.2,1,4,1,NA,NA,0,28.01024641,28.23444807
1479,S,S2,MESO,13s,13.01004204,73.6,NA,NA,NA,NA,NA,NA,9.891348986,NA
1480,S,S2,MESO,13s,7.068583471,82.9,NA,NA,NA,NA,NA,NA,8.395677102,NA
1481,S,S2,MESO,13s,NA,NA,NA,NA,NA,NA,NA,NA,NA,NA
1482,S,S2,MESO,13s,8.761587752,45,NA,NA,NA,NA,NA,NA,7.355346822,NA
1483,S,S2,MESO,13s,NA,NA,NA,NA,NA,NA,NA,NA,NA,NA
1484,S,S2,MESO,13s,71.630276,252,1,12,1,9,1,1,26.36492079,24.34793491
1485,S,S2,MESO,13s,209.6978539,304.2,2,NA,1,NA,NA,0,40.18473314,35.55787251
1486,S,S2p,CONT,13s,9.676183913,33.5,1,0,0,0,0,1,6.88986186,9.324850874
1487,S,S2p,CONT,13s,NA,NA,NA,NA,NA,NA,NA,NA,NA,NA
1488,S,S2p,CONT,13s,NA,NA,NA,NA,NA,1,1,NA,NA,11.50480418
1489,S,S2p,CONT,13s,11.04466167,110,1,0,0,0,0,1,10.70956129,12.84596092
1490,S,S2p,CONT,13s,77.13246137,80,1,0,0,0,0,1,18.42451989,13.89176919
1491,S,S2p,CONT,13s,42.31379729,64,1,0,0,0,0,1,13.99555358,10.94475474
1492,S,S2p,CONT,13s,NA,NA,NA,NA,NA,NA,NA,NA,NA,NA
1493,S,S2p,CONT,13s,32.97918304,170,1,0,0,1,1,1,17.84412522,17.96325774
1494,S,S2p,CONT,13s,16.69136031,80,1,0,0,0,0,1,11.0527846,9.484980756
1495,S,S2p,CONT,13s,24.27948466,69,1,0,0,0,0,1,11.92224645,11.66369095
1496,S,S2p,CONT,13s,102.9676627,140,1,0,0,0,0,1,24.45794896,20.72969443
1497,S,S2p,CONT,13s,NA,NA,NA,NA,NA,NA,NA,NA,NA,NA
1498,S,S2p,CONT,13s,NA,NA,NA,NA,NA,NA,NA,NA,NA,NA
1499,S,S2p,CONT,13s,NA,NA,NA,NA,NA,NA,NA,NA,NA,NA
1500,S,S2p,CONT,13s,NA,NA,NA,NA,NA,0,0,NA,NA,12.18599094
1501,S,S2p,CONT,13s,NA,NA,NA,NA,NA,NA,NA,NA,NA,NA
1502,S,S2p,CONT,13s,NA,NA,NA,NA,NA,NA,NA,NA,NA,NA
1503,S,S2p,CONT,13s,NA,NA,NA,NA,NA,NA,NA,NA,NA,NA
1504,S,S2p,CONT,13s,NA,NA,NA,NA,NA,NA,NA,NA,NA,NA
1505,S,S2p,CONT,13s,NA,NA,NA,NA,NA,NA,NA,NA,NA,NA
1506,S,S2p,CONT,13s,NA,NA,NA,NA,NA,NA,NA,NA,NA,NA
1507,S,S2p,CONT,13s,NA,NA,NA,NA,NA,0,0,NA,NA,11.19808961
1508,S,S2p,CONT,13s,NA,NA,NA,NA,NA,NA,NA,NA,NA,NA
1509,S,S2p,CONT,13s,NA,NA,NA,NA,NA,NA,NA,NA,NA,NA
1510,S,S2p,CONT,13s,11.46084416,31.3,1,0,0,0,0,1,7.126952687,7.32978894
1511,S,S2p,CONT,13s,NA,NA,NA,NA,NA,NA,NA,NA,NA,NA
1512,S,S2p,CONT,13s,6.113617844,34.1,1,0,0,0,0,1,5.945836326,5.966443769
1513,S,S2p,CONT,13s,31.47004047,72,1,0,0,NA,NA,0,13.18680068,12.95441356
1514,S,S2p,CONT,13s,33.1830724,116.9,1,0,0,0,0,1,15.77951219,16.75377874
1515,S,S2p,CONT,13s,8.398184021,44.3,1,0,0,0,0,1,7.214198546,7.643125813
1516,S,S2p,CONT,13s,7.1157859,12.3,2,0,0,NA,NA,NA,4.450175074,NA
1517,S,S2p,CONT,13s,NA,NA,NA,NA,NA,NA,NA,NA,NA,NA
1518,S,S2p,CONT,13s,NA,NA,NA,NA,NA,NA,NA,NA,NA,9.938109881
1519,S,S2p,CONT,13s,NA,NA,NA,NA,NA,0,0,NA,NA,11.031829
1520,S,S2p,CONT,13s,NA,NA,NA,NA,NA,0,0,NA,NA,11.02280338
1521,S,S3,CONT,13s,NA,NA,NA,NA,NA,NA,NA,NA,NA,NA
1522,S,S3,CONT,13s,NA,NA,NA,NA,NA,NA,NA,NA,NA,NA
1523,S,S3,CONT,13s,NA,NA,NA,NA,NA,NA,NA,NA,NA,NA
1524,S,S3,CONT,13s,5.432520556,51,1,0,0,0,0,1,6.538070245,8.677694419
1525,S,S3,CONT,13s,5.47391104,83.1,1,0,0,0,0,1,7.715006764,4.542173391
1526,S,S3,CONT,13s,20.99282897,92.1,1,0,0,1,1,1,12.50655008,10.8973312
1527,S,S3,CONT,13s,NA,NA,NA,NA,NA,NA,NA,NA,NA,NA
1528,S,S3,CONT,13s,49.26519936,191,1,4,1,0,0,1,21.21156841,11.24480957
1529,S,S3,CONT,13s,4.948086969,56.1,1,0,0,0,0,1,6.542236201,16.69846327
1530,S,S3,CONT,13s,50.3912247,40,1,0,0,0,0,1,12.68162628,12.44542372
1531,S,S3,CONT,13s,44.29653496,169,1,0,0,5,1,1,19.65241244,18.19224997
1532,S,S3,CONT,13s,18.78051942,89,1,0,0,1,1,1,11.91316805,8.819477225
1533,S,S3,CONT,13s,20.18858125,146,1,4,1,3,1,1,14.39708633,13.36890086
1534,S,S3,CONT,13s,53.32665034,201,1,5,1,6,1,1,22.15427405,20.04912659
1535,S,S3,CONT,13s,11.70211848,99,1,0,0,0,0,1,10.54093738,9.175071405
1536,S,S3,CONT,13s,33.59273609,121,1,0,0,0,0,1,16.0276771,14.99724036
1537,S,S3,CONT,13s,48.64512751,127.1,1,0,0,0,0,1,18.43667196,12.72920021
1538,S,S3,CONT,13s,NA,NA,NA,NA,NA,NA,NA,1,NA,NA
1539,S,S3,CONT,13s,13.33166258,65,1,0,0,NA,NA,1,9.56709809,NA
1540,S,S3,CONT,13s,8.919688402,65,1,0,0,1,1,1,8.365888074,7.997510363
1541,S,S3,CONT,13s,NA,NA,NA,NA,NA,NA,NA,NA,NA,NA
1542,S,S3,CONT,13s,72.53316973,121,1,0,0,2,1,1,20.72398774,22.164129
1543,S,S3,CONT,13s,67.20063036,107,1,0,0,3,1,1,19.38981824,18.90902541
1544,S,S3,CONT,13s,59.17378259,110,1,0,0,2,1,1,18.75597949,16.67774912
1545,S,S3,CONT,13s,17.12867001,NA,NA,NA,NA,NA,NA,NA,NA,NA
1546,S,S3,CONT,13s,26.14818251,78,1,0,0,0,0,1,12.73164906,14.11047833
1547,S,S3,CONT,13s,19.71357244,130,1,0,0,0,0,1,13.74020791,12.26280248
1548,S,S3,CONT,13s,4.752915526,97,1,0,0,4,1,1,7.749678304,13.88261388
1549,S,S3,CONT,13s,NA,NA,NA,NA,NA,NA,NA,NA,NA,NA
1550,S,S3,CONT,13s,NA,NA,NA,NA,NA,NA,NA,NA,NA,NA
1551,S,S3,CONT,13s,42.6603935,121,1,0,0,0,0,1,17.35870166,12.02570898
1552,S,S3,CONT,13s,7.942260388,39.1,1,0,0,0,0,NA,6.791904408,7.954543437
1553,S,S3,CONT,13s,21.31892629,56,1,0,0,0,0,1,10.64724347,14.64072272
1554,S,S3,CONT,13s,NA,NA,NA,NA,NA,NA,NA,NA,NA,NA
1555,S,S3,CONT,13s,27.61844788,32,1,0,0,0,0,1,9.630196755,18.27264568
1556,S,S3,CONT,13s,114.2311363,121,1,8,1,NA,NA,1,24.11705543,NA
1557,S,S3,CONT,13s,NA,NA,NA,NA,NA,NA,NA,NA,NA,NA
1558,S,S3,CONT,13s,NA,NA,NA,NA,NA,NA,NA,NA,NA,NA
1559,S,S3,CONT,13s,NA,NA,NA,NA,NA,NA,NA,NA,NA,NA
1560,S,S3,CONT,13s,NA,NA,NA,NA,NA,NA,NA,NA,NA,NA
1561,S,S3,CONT,13s,NA,NA,NA,NA,NA,NA,NA,NA,NA,NA
1562,S,S3,CONT,13s,NA,NA,NA,NA,NA,NA,NA,NA,NA,NA
1563,S,S3,CONT,13s,0.59446787,27,1,0,0,NA,NA,1,2.526109127,NA
1564,S,S3,LMH,13s,20.50839538,131,1,3,1,1,1,1,13.95838905,14.6816216
1565,S,S3,LMH,13s,7.499060204,31,1,0,0,1,1,1,6.166081993,6.838016364
1566,S,S3,LMH,13s,NA,NA,NA,NA,NA,NA,NA,1,NA,NA
1567,S,S3,LMH,13s,NA,NA,NA,NA,NA,NA,NA,NA,NA,NA
1568,S,S3,LMH,13s,32.16990877,55,1,0,0,0,0,1,12.14166684,16.90776731
1569,S,S3,LMH,13s,63.61725124,NA,NA,NA,NA,NA,NA,NA,NA,NA
1570,S,S3,LMH,13s,5.027255104,17.5,1,0,0,0,0,1,4.457847918,5.164650769
1571,S,S3,LMH,13s,NA,NA,NA,NA,NA,NA,NA,NA,NA,NA
1572,S,S3,LMH,13s,NA,NA,NA,NA,NA,NA,NA,NA,NA,NA
1573,S,S3,LMH,13s,NA,NA,NA,NA,NA,NA,NA,NA,NA,NA
1574,S,S3,LMH,13s,NA,NA,NA,NA,NA,NA,NA,NA,NA,NA
1575,S,S3,LMH,13s,5.768042652,21.3,1,0,0,0,0,1,4.983636704,4.755511979
1576,S,S3,LMH,13s,NA,NA,NA,NA,NA,0,0,NA,NA,3.043248244
1577,S,S3,LMH,13s,16.47482603,119.5,1,2,1,0,0,1,12.58232674,NA
1578,S,S3,LMH,13s,67.49154184,151,1,5,1,1,1,1,21.78419618,21.67422318
1579,S,S3,LMH,13s,10.86865394,87.6,NA,NA,NA,NA,NA,NA,9.87253539,10.47943009
1580,S,S3,LMH,13s,105.8152023,NA,2,NA,NA,NA,1,1,NA,31.35904273
1581,S,S3,LMH,13s,NA,NA,NA,NA,NA,NA,NA,NA,NA,NA
1582,S,S3,LMH,13s,3.529893506,31.2,1,0,0,0,0,1,4.804976546,5.843970478
1583,S,S3,LMH,13s,58.22321519,170.6,0,5,1,0,0,1,21.59825989,20.5920488
1584,S,S3,LMH,13s,NA,NA,NA,NA,NA,0,0,NA,NA,2.770002156
1585,S,S3,LMH,13s,24.6300864,NA,NA,NA,NA,NA,NA,NA,NA,17.43461606
1586,S,S3,LMH,13s,21.48291742,155,1,1,1,1,1,1,14.99537549,15.47830631
1587,S,S3,LMH,13s,45.36459792,250,1,1,1,NA,1,1,22.575761,NA
1588,S,S3,LMH,13s,44.88833247,221,2,5,1,0,0,1,21.5891391,14.73327171
1589,S,S3,LMH,13s,NA,NA,NA,NA,NA,0,0,NA,NA,2.253502763
1590,S,S3,LMH,13s,51.65728654,220,1,0,0,NA,NA,NA,22.59133661,NA
1591,S,S3,LMH,13s,NA,NA,NA,NA,NA,NA,NA,NA,NA,NA
1592,S,S3,LMH,13s,NA,NA,NA,NA,NA,NA,NA,NA,NA,NA
1593,S,S3,LMH,13s,35.25652355,144,1,4,1,1,1,1,17.26278151,19.55261519
1594,S,S3,LMH,13s,NA,NA,NA,NA,NA,NA,NA,NA,NA,NA
1595,S,S3,LMH,13s,NA,NA,NA,NA,NA,NA,NA,NA,NA,NA
1596,S,S3,LMH,13s,14.93010493,NA,NA,NA,NA,NA,NA,NA,NA,NA
1597,S,S3,LMH,13s,14.52201204,NA,NA,NA,NA,NA,NA,NA,NA,8.112450513
1598,S,S3,LMH,13s,18.8574099,NA,NA,NA,NA,NA,NA,NA,NA,NA
1599,S,S3,LMH,13s,NA,NA,NA,NA,NA,NA,NA,NA,NA,NA
1600,S,S3,LMH,13s,NA,NA,NA,NA,NA,0,0,NA,NA,2.309570724
1601,S,S3,LMH,13s,NA,NA,NA,NA,NA,0,0,NA,NA,2.00406471
1602,S,S3,LMH,13s,NA,NA,NA,NA,NA,NA,NA,NA,NA,NA
1603,S,S3,LMH,13s,21.23716634,211.2,2,6,1,NA,NA,NA,16.56326195,NA
1604,S,S3,LMH,13s,46.32466863,191.8,1,3,1,1,1,1,20.80921566,18.6327181
1605,S,S3,LMH,13s,53.06809726,225,1,0,0,0,0,1,22.96713963,24.01985242
1606,S,S3,LMH,13s,58.35853929,158,1,0,0,6,1,1,21.06836671,17.28595267
1607,S,S3,LMH,13s,NA,NA,NA,NA,NA,NA,NA,NA,NA,NA
1608,S,S3,LMH,13s,NA,NA,NA,NA,NA,NA,NA,NA,NA,NA
1609,S,S3,LMH,13s,40.94154962,NA,NA,NA,NA,NA,NA,NA,NA,NA
1610,S,S3,LMH,13s,NA,NA,NA,NA,NA,NA,NA,NA,NA,NA
1611,S,S3,LMH,13s,28.3686602,NA,NA,NA,NA,NA,NA,NA,NA,NA
1612,S,S3,LMH,13s,90.9315144,NA,NA,NA,NA,NA,NA,NA,NA,NA
1613,S,S3,LMH,13s,458.4985617,300,4,0,0,NA,1,1,51.93599407,51.26703174
1614,S,S3,LMH,13s,6.92791866,59,1,0,0,0,0,1,7.444423107,6.494989081
1615,S,S3,LMH,13s,9.731397404,99,1,1,1,4,1,1,9.911548774,9.900101178
1616,S,S3,LMH,13s,32.06945635,226,2,0,0,0,0,1,19.44120367,NA
1617,S,S3,LMH,13s,24.71812954,NA,NA,NA,NA,NA,NA,NA,NA,NA
1618,S,S3,LMH,13s,21.31892629,161,1,2,1,2,1,1,15.14791574,14.56333885
1619,S,S3,LMH,13s,9.56622817,88.1,1,0,0,0,0,1,9.478660988,10.73306019
1620,S,S3,LMH,13s,86.9203289,194,1,2,1,4,1,1,25.7723014,24.10734367
1621,S,S3,LMH,13s,NA,NA,NA,NA,NA,NA,NA,NA,NA,NA
1622,S,S3,LMH,13s,139.9756242,235,1,1,1,2,1,1,32.21329749,26.01106649
1623,S,S3,MEGA,13s,134.9880317,363.5,2,NA,1,2,1,1,36.81440996,20.78087311
1624,S,S3,MEGA,13s,5.309291585,102.5,1,0,0,NA,NA,1,8.190875804,NA
1625,S,S3,MEGA,13s,NA,NA,NA,NA,NA,NA,NA,NA,NA,NA
1626,S,S3,MEGA,13s,7.596449576,50.5,2,0,0,0,0,1,7.288406631,7.255614877
1627,S,S3,MEGA,13s,8.449627601,44.4,2,0,0,0,0,1,7.234365352,11.04990162
1628,S,S3,MEGA,13s,2.06119894,26.1,1,0,0,0,0,1,3.78279049,4.004755204
1629,S,S3,MEGA,13s,7.182701824,35.9,3,0,0,0,0,1,6.383179873,7.441589701
1630,S,S3,MEGA,13s,10.69405993,34.5,4,0,0,0,0,1,7.1941102,7.530758385
1631,S,S3,MEGA,13s,48.02898265,190.5,1,NA,NA,1,1,1,21.0139692,21.92028344
1632,S,S3,MEGA,13s,NA,NA,NA,NA,NA,NA,NA,NA,NA,NA
1633,S,S3,MEGA,13s,6.788667565,51.1,2,0,0,0,0,1,7.047653418,8.087446576
1634,S,S3,MEGA,13s,1.862650284,16.4,1,0,0,0,0,1,3.131534343,4.136703996
1635,S,S3,MEGA,13s,NA,NA,NA,NA,NA,NA,NA,NA,NA,NA
1636,S,S3,MEGA,13s,101.9022701,271.5,2,NA,1,3,1,1,30.40471312,25.78255588
1637,S,S3,MEGA,13s,249.9652177,150.9,4,0,0,0,0,1,33.71956855,19.31360683
1638,S,S3,MEGA,13s,0.875876032,6.4,NA,0,0,NA,NA,NA,1.777979552,NA
1639,S,S3,MEGA,13s,12.37858191,138.8,2,0,0,0,0,1,12.02322624,11.54538192
1640,S,S3,MEGA,13s,4.011499659,72.6,1,0,0,0,0,1,6.647903328,7.478202049
1641,S,S3,MEGA,13s,38.70889826,146.5,4,NA,1,1,1,1,17.91228645,16.97146895
1642,S,S3,MEGA,13s,6.650830187,122,5,0,0,1,1,1,9.359331804,14.84092103
1643,S,S3,MEGA,13s,24.24343489,117.1,1,0,0,0,0,1,14.21773232,8.794114715
1644,S,S3,MEGA,13s,7.54767635,30.2,1,0,0,0,0,1,6.125696114,6.312322189
1645,S,S3,MEGA,13s,29.64446098,184.6,1,0,0,0,0,1,17.70049138,11.70099105
1646,S,S3,MEGA,13s,9.676183913,66.5,1,0,0,0,0,1,8.662095242,5.18995829
1647,S,S3,MEGA,13s,16.9093083,21.5,2,0,0,0,0,1,7.158817972,5.945709118
1648,S,S3,MEGA,13s,NA,NA,NA,NA,NA,0,0,NA,NA,2.345880216
1649,S,S3,MEGA,13s,19.0116621,115.6,2,1,1,NA,NA,0,13.05314969,NA
1650,S,S3,MEGA,13s,8.193980499,10,1,0,0,0,0,1,4.353293866,3.691824508
1651,S,S3,MEGA,13s,9.186331078,29.4,2,0,0,NA,NA,NA,6.482608978,NA
1652,S,S3,MEGA,13s,59.02652043,82.9,2,0,0,0,0,1,17.0517558,24.4432908
1653,S,S3,MEGA,13s,NA,NA,NA,NA,NA,NA,NA,NA,NA,NA
1654,S,S3,MEGA,13s,NA,NA,NA,NA,NA,0,0,NA,NA,3.716808731
1655,S,S3,MEGA,13s,NA,NA,NA,NA,NA,NA,NA,NA,NA,NA
1656,S,S3,MEGA,13s,NA,NA,NA,NA,NA,NA,NA,NA,NA,NA
1657,S,S3,MEGA,13s,NA,NA,NA,NA,NA,NA,NA,NA,NA,NA
1658,S,S3,MEGA,13s,68.51468002,310,1,NA,NA,NA,1,1,27.83634914,26.06196388
1659,S,S3,MEGA,13s,1.130973355,19,1,0,0,0,0,1,2.784552214,2.343696926
1660,S,S3,MEGA,13s,160.6060704,97,1,0,0,NA,NA,NA,25.09992025,NA
1661,S,S3,MEGA,13s,8.761587752,180,1,1,1,NA,NA,1,11.68423172,NA
1662,S,S3,MEGA,13s,23.84476678,121,1,0,0,1,1,1,14.29474535,10.75155679
1663,S,S3,MEGA,13s,6.424242817,108,1,0,0,0,0,1,8.882730143,8.906669346
1664,S,S3,MEGA,13s,25.1607014,78,1,0,0,1,1,1,12.56906927,10.96974446
1665,S,S3,MEGA,13s,26.69481964,125,1,0,0,0,0,1,15.0058925,14.16869348
1666,S,S3,MEGA,13s,32.27051828,86,1,0,0,0,0,1,14.11052067,9.986611102
1667,S,S3,MEGA,13s,11.76282975,66,1,0,0,0,0,1,9.222350908,10.4859041
1668,S,S3,MEGA,13s,16.61902514,41,1,0,0,0,0,1,8.829246698,7.875070889
1669,S,S3,MEGA,13s,24.10512627,84,1,0,0,0,0,1,12.70088252,11.39373025
1670,S,S3,MEGA,13s,4.486272849,32,1,0,0,0,0,1,5.249570435,5.308071697
1671,S,S3,MEGA,13s,42.89224304,159,2,1,1,0,0,1,19.05028502,16.98778088
1672,S,S3,MEGA,13s,23.49981991,132,2,0,0,0,0,1,14.64466062,14.94759607
1673,S,S3,MEGA,13s,6.834927517,105,1,1,1,0,0,1,8.983519966,8.556782283
1674,S,S3,MEGA,13s,16.4029621,161.1,1,0,0,0,0,1,13.88150467,16.5404473
1675,S,S3,MEGA,13s,46.08370848,204,1,0,0,0,0,1,21.20511197,15.38813301
1676,S,S3,MEGA,13s,42.89224304,159,2,1,1,NA,NA,NA,19.05028502,NA
1677,S,S3,MESO,13s,11.58116716,111.6,1,0,0,0,0,1,10.9330837,4.902965209
1678,S,S3,MESO,13s,8.042477193,86.9,1,0,0,0,0,1,8.904360542,4.917988238
1679,S,S3,MESO,13s,13.59178646,54.3,2,0,0,0,0,1,9.06784014,2.699176705
1680,S,S3,MESO,13s,23.24275909,170.4,1,0,0,0,0,1,15.88937986,18.17630808
1681,S,S3,MESO,13s,14.58963482,103.5,1,1,1,2,1,1,11.51596274,12.03803747
1682,S,S3,MESO,13s,8.972702778,45,1,0,0,0,0,1,7.414046542,7.538685848
1683,S,S3,MESO,13s,26.87828865,173.6,1,0,0,2,1,1,16.7832089,16.6714995
1684,S,S3,MESO,13s,2.688025214,11,0,0,0,NA,NA,NA,3.097658253,NA
1685,S,S3,MESO,13s,NA,NA,NA,NA,NA,NA,NA,NA,NA,NA
1686,S,S3,MESO,13s,0.229022104,5.6,NA,0,0,NA,NA,NA,1.086619547,NA
1687,S,S3,MESO,13s,NA,NA,NA,NA,NA,NA,NA,NA,NA,NA
1688,S,S3,MESO,13s,NA,NA,NA,NA,NA,NA,NA,NA,NA,NA
1689,S,S3,MESO,13s,26.25091259,4.4,1,0,0,NA,NA,0,4.881975109,9.044521681
1690,S,S3,MESO,13s,109.8779099,161.2,NA,NA,NA,NA,NA,NA,26.19881532,NA
1691,S,S3,MESO,13s,8.193980499,107.9,1,1,1,2,1,1,9.631434035,25.15389146
1692,S,S3,MESO,13s,45.24529594,277,1,NA,NA,NA,NA,1,23.34157428,23.08818615
1693,S,S3,MESO,13s,29.80240455,188,1,0,0,1,1,1,17.84028953,20.35149562
1694,S,S3,MESO,13s,46.8084739,288.3,7,NA,NA,NA,1,1,23.92500328,23.7296968
1695,S,S3,MESO,13s,NA,NA,NA,NA,NA,NA,1,NA,NA,21.30152556
1696,S,S3,MESO,13s,NA,NA,NA,NA,NA,NA,NA,NA,NA,NA
1697,S,S3,MESO,13s,NA,NA,NA,NA,NA,NA,NA,NA,NA,21.52656894
1698,S,S3,MESO,13s,NA,NA,NA,NA,NA,NA,NA,NA,NA,NA
1699,S,S3,MESO,13s,NA,NA,NA,NA,NA,NA,NA,NA,NA,NA
1700,S,S3,MESO,13s,NA,NA,NA,NA,NA,NA,NA,NA,NA,NA
1701,S,S3,MESO,13s,1.002874915,20.2,1,0,0,0,0,1,2.730273918,5.061551037
1702,S,S3,MESO,13s,11.76282975,45.3,4,0,0,0,0,1,8.133462731,7.990613882
1703,S,S3,MESO,13s,NA,NA,NA,NA,NA,0,0,NA,NA,3.345894351
1704,S,S3,MESO,13s,57.95303822,36.5,13,0,0,NA,NA,0,12.88755331,13.27320218
1705,S,S3,MESO,13s,NA,NA,NA,NA,NA,0,0,NA,NA,2.08655688
1706,S,S3,MESO,13s,NA,NA,NA,NA,NA,NA,NA,NA,NA,NA
1707,S,S3,MESO,13s,NA,NA,NA,NA,NA,0,0,NA,NA,3.353608547
1708,S,S3,MESO,13s,NA,NA,NA,NA,NA,0,0,NA,NA,4.142864146
1709,S,S3,MESO,13s,0.650388219,10.3,0,0,0,0,0,1,1.886958769,3.316854164
1710,S,S3,MESO,13s,NA,NA,NA,NA,NA,NA,NA,NA,NA,NA
1711,S,S3,MESO,13s,71.48034349,182,3,1,1,5,1,1,23.63415625,25.99816716
1712,S,S3,MESO,13s,10.40621151,147.8,1,0,0,NA,NA,0,11.58684337,10.43145119
1713,S,S3,MESO,13s,30.3857983,209,1,1,1,1,1,1,18.60226689,18.68871972
1714,S,S3,MESO,13s,27.80505848,205,1,0,0,0,0,1,17.94300815,8.062377036
1715,S,S3,MESO,13s,NA,NA,NA,NA,NA,NA,NA,NA,NA,NA
1716,S,S3,MESO,13s,10.81029886,26.8,3,0,0,0,0,1,6.636308442,7.999623098
1717,C,C3,MEGA,13s,NA,NA,NA,NA,NA,NA,NA,NA,NA,NA
1718,N,N2,LMH,13s,NA,NA,NA,NA,NA,NA,NA,NA,NA,NA
1719,S,S1,MESO,13s,NA,NA,NA,NA,NA,NA,NA,NA,NA,NA
1,C,C1,CONT,14w,39.1470719,68,NA,NA,NA,NA,NA,NA,13.91559069,NA
2,C,C1,CONT,14w,NA,NA,NA,NA,NA,0,0,1,NA,15.91698451
3,C,C1,CONT,14w,NA,NA,NA,NA,NA,NA,NA,NA,NA,NA
4,C,C1,CONT,14w,NA,NA,NA,NA,NA,NA,NA,NA,NA,NA
5,C,C1,LMH,14w,NA,NA,NA,NA,NA,NA,NA,NA,NA,NA
6,C,C1,LMH,14w,NA,NA,NA,NA,NA,NA,NA,NA,NA,NA
7,C,C1,LMH,14w,NA,NA,NA,NA,NA,NA,NA,NA,NA,NA
8,C,C1,LMH,14w,NA,NA,NA,NA,NA,0,0,NA,NA,5.064439585
9,C,C1,LMH,14w,NA,NA,NA,NA,NA,NA,NA,NA,NA,NA
10,C,C1,LMH,14w,106.0479158,400,3,NA,1,NA,NA,NA,35.06760158,NA
11,C,C1,LMH,14w,NA,NA,NA,NA,NA,NA,NA,NA,NA,NA
12,C,C1,MEGA,14w,NA,NA,NA,NA,NA,NA,NA,NA,NA,NA
13,C,C1,MEGA,14w,57.68348957,192,2,1,1,NA,NA,NA,22.39764277,NA
14,C,C1,MESO,14w,0.865901475,7,1,0,0,NA,NA,NA,1.824983295,NA
15,C,C1,MESO,14w,1.790786352,25,NA,NA,NA,NA,NA,NA,3.557778901,NA
16,C,C1,MESO,14w,1.410260942,18,1,0,0,NA,NA,NA,2.943843179,NA
17,C,C1,MESO,14w,NA,NA,NA,NA,NA,NA,NA,NA,NA,NA
18,C,C1,MESO,14w,NA,NA,NA,NA,NA,NA,NA,NA,NA,NA
19,C,C2,LMH,14w,NA,NA,NA,NA,NA,NA,NA,NA,NA,NA
20,C,C2,LMH,14w,0.801184666,14,NA,NA,NA,NA,NA,NA,2.241272812,NA
21,C,C2,LMH,14w,NA,NA,NA,NA,NA,NA,NA,NA,NA,NA
22,C,C2,LMH,14w,NA,NA,NA,NA,NA,NA,NA,NA,NA,NA
23,C,C2,LMH,14w,NA,NA,NA,NA,NA,NA,NA,NA,NA,NA
24,C,C2,LMH,14w,NA,NA,NA,NA,NA,NA,NA,NA,NA,NA
25,C,C2,LMH,14w,4.486272849,22,1,0,0,NA,NA,NA,4.632308282,NA
26,C,C2,MEGA,14w,1.286796351,3,1,0,0,NA,NA,NA,1.569806347,NA
27,C,C2,MEGA,14w,1.22718463,6.5,1,0,0,NA,NA,NA,2.000196276,NA
28,C,C3,CONT,14w,NA,NA,NA,NA,NA,NA,NA,NA,NA,NA
29,C,C3,CONT,14w,17.4233514,110,2,5,1,NA,NA,NA,12.47001068,NA
30,C,C3,CONT,14w,1.130973355,8,1,0,0,NA,NA,NA,2.08612592,NA
31,C,C3,LMH,14w,NA,NA,NA,NA,NA,NA,NA,NA,NA,NA
32,C,C3,LMH,14w,NA,NA,NA,NA,NA,NA,NA,NA,NA,NA
33,C,C3,LMH,14w,7.499060204,23,1,0,0,NA,NA,NA,5.58124629,NA
34,C,C3,LMH,14w,NA,NA,NA,NA,NA,NA,NA,NA,NA,NA
35,C,C3,LMH,14w,2.010619298,15,1,0,0,0,0,1,3.118192774,3.285151103
36,C,C3,LMH,14w,NA,NA,NA,NA,NA,NA,NA,NA,NA,NA
37,C,C3,MEGA,14w,3.430697718,24,NA,NA,NA,NA,NA,NA,4.360322947,NA
38,C,C3,MEGA,14w,NA,NA,NA,NA,NA,NA,NA,NA,NA,NA
39,C,C3,MEGA,14w,NA,NA,NA,NA,NA,NA,NA,NA,NA,NA
40,C,C3,MEGA,14w,NA,NA,NA,NA,NA,NA,NA,NA,NA,NA
41,C,C3,MESO,14w,NA,NA,NA,NA,NA,NA,NA,NA,NA,NA
42,C,C3,MESO,14w,12.00724566,13.3,2,0,0,NA,NA,NA,5.439605499,NA
43,N,N1,CONT,14w,NA,NA,NA,NA,NA,NA,NA,NA,NA,NA
44,N,N1,CONT,14w,NA,NA,NA,NA,NA,NA,NA,NA,NA,NA
45,N,N1,CONT,14w,6.650830187,47,1,0,0,NA,NA,NA,6.806815538,NA
46,N,N1,CONT,14w,NA,NA,NA,NA,NA,NA,NA,NA,NA,NA
47,N,N1,CONT,14w,NA,NA,NA,NA,NA,NA,NA,NA,NA,NA
48,N,N1,LMH,14w,NA,NA,NA,NA,NA,NA,NA,NA,NA,NA
49,N,N1,LMH,14w,NA,NA,NA,NA,NA,NA,NA,NA,NA,NA
50,N,N1,LMH,14w,NA,NA,NA,NA,NA,NA,NA,NA,NA,NA
51,N,N1,LMH,14w,NA,NA,NA,NA,NA,NA,NA,NA,NA,NA
52,N,N1,LMH,14w,NA,NA,NA,NA,NA,NA,NA,NA,NA,NA
53,N,N1,LMH,14w,9.842295624,54,1,0,0,NA,NA,NA,8.126464099,NA
54,N,N1,MEGA,14w,2.1124069,3.5,1,0,0,NA,NA,NA,1.950127777,NA
55,N,N1,MEGA,14w,NA,NA,NA,NA,NA,NA,NA,NA,NA,NA
56,N,N1,MEGA,14w,NA,NA,NA,NA,NA,NA,NA,NA,NA,NA
57,N,N1,MEGA,14w,NA,NA,NA,NA,NA,NA,NA,NA,NA,NA
58,N,N1,MEGA,14w,NA,NA,NA,NA,NA,NA,NA,NA,NA,NA
59,N,N1,MEGA,14w,NA,NA,NA,NA,NA,NA,NA,NA,NA,NA
60,N,N1,MEGA,14w,NA,NA,NA,NA,NA,NA,NA,NA,NA,NA
61,N,N1,MEGA,14w,34.00491304,174,NA,NA,NA,NA,NA,NA,18.16803785,NA
62,N,N1,MESO,14w,NA,NA,NA,NA,NA,NA,NA,NA,NA,NA
63,N,N1,MESO,14w,NA,NA,NA,NA,NA,NA,NA,NA,NA,NA
64,N,N1,MESO,14w,NA,NA,NA,NA,NA,NA,NA,NA,NA,NA
65,N,N1,MESO,14w,NA,NA,NA,NA,NA,NA,NA,NA,NA,NA
66,N,N1,MESO,14w,0.441786467,5,1,0,0,NA,NA,NA,1.302881404,NA
67,N,N1,MESO,14w,0.138544236,5,0,0,0,NA,NA,NA,0.884648276,NA
68,N,N1,MESO,14w,0.282743339,5,1,0,0,NA,NA,NA,1.122530894,NA
69,N,N1,MESO,14w,NA,NA,NA,NA,NA,NA,NA,NA,NA,NA
70,N,N1p,CONT,14w,NA,NA,NA,NA,NA,NA,NA,NA,NA,NA
71,N,N1p,CONT,14w,3.732526232,NA,NA,NA,NA,NA,NA,NA,NA,NA
72,N,N1p,CONT,14w,15.13627194,NA,NA,NA,NA,NA,NA,NA,NA,NA
73,N,N1p,CONT,14w,NA,NA,NA,NA,NA,NA,NA,NA,NA,NA
74,N,N1p,CONT,14w,156.8101626,109.5,2,3,1,NA,NA,NA,25.92859596,NA
75,N,N1p,CONT,14w,14.18625433,39.2,1,0,0,NA,NA,NA,8.250234727,NA
76,N,N1p,CONT,14w,NA,NA,NA,NA,NA,NA,NA,NA,NA,NA
77,N,N1p,CONT,14w,92.80021225,60.8,2,0,0,NA,NA,NA,17.88207581,NA
78,N,N1p,CONT,14w,26.97025877,19.5,1,0,0,NA,NA,NA,8.097962942,NA
79,N,N2,CONT,14w,NA,NA,NA,NA,NA,NA,NA,NA,NA,NA
80,N,N2,CONT,14w,NA,NA,NA,NA,NA,NA,NA,NA,NA,NA
81,N,N2,CONT,14w,NA,NA,NA,NA,NA,NA,NA,NA,NA,NA
82,N,N2,CONT,14w,NA,NA,NA,NA,NA,NA,NA,NA,NA,NA
83,N,N2,CONT,14w,NA,NA,NA,NA,NA,NA,NA,NA,NA,NA
84,N,N2,CONT,14w,NA,NA,NA,NA,NA,NA,NA,NA,NA,NA
85,N,N2,CONT,14w,NA,NA,NA,NA,NA,NA,NA,NA,NA,NA
86,N,N2,LMH,14w,14.25309171,80,NA,NA,NA,NA,NA,NA,10.48516985,NA
87,N,N2,LMH,14w,NA,NA,NA,NA,NA,NA,NA,NA,NA,NA
88,N,N2,LMH,14w,1.130973355,9,1,0,0,NA,NA,NA,2.16979012,NA
89,N,N2,MEGA,14w,NA,NA,NA,NA,NA,NA,NA,NA,NA,NA
90,N,N2,MEGA,14w,91.26986393,NA,NA,NA,NA,NA,NA,NA,NA,NA
91,N,N2,MEGA,14w,NA,NA,NA,NA,NA,NA,NA,NA,NA,NA
92,N,N2,MESO,14w,NA,NA,NA,NA,NA,NA,NA,NA,NA,NA
93,N,N2,MESO,14w,NA,NA,NA,NA,NA,NA,NA,NA,NA,NA
94,N,N2,MESO,14w,224.093731,284,3,5,1,0,0,1,40.15369549,39.25797174
95,N,N2p,CONT,14w,NA,NA,NA,NA,NA,NA,NA,NA,NA,NA
96,N,N2p,CONT,14w,NA,NA,NA,NA,NA,NA,NA,NA,NA,NA
97,N,N2p,CONT,14w,NA,NA,NA,NA,NA,NA,NA,NA,NA,NA
98,N,N2p,CONT,14w,NA,NA,NA,NA,NA,NA,NA,NA,NA,NA
99,N,N2p,CONT,14w,NA,NA,NA,NA,NA,NA,NA,NA,NA,NA
100,N,N2p,CONT,14w,29.41661697,NA,NA,NA,NA,NA,NA,NA,NA,NA
101,N,N3,CONT,14w,NA,NA,NA,NA,NA,NA,NA,NA,NA,NA
102,N,N3,CONT,14w,22.6484483,19,NA,NA,NA,NA,NA,NA,7.573355031,NA
103,N,N3,CONT,14w,NA,NA,NA,NA,NA,NA,NA,NA,NA,NA
104,N,N3,CONT,14w,NA,NA,NA,NA,NA,NA,NA,NA,NA,NA
105,N,N3,CONT,14w,NA,NA,NA,NA,NA,NA,NA,NA,NA,NA
106,N,N3,CONT,14w,NA,NA,NA,NA,NA,NA,NA,NA,NA,NA
107,N,N3,CONT,14w,NA,NA,NA,NA,NA,NA,NA,NA,NA,NA
108,N,N3,CONT,14w,NA,NA,NA,NA,NA,NA,NA,NA,NA,NA
109,N,N3,CONT,14w,NA,NA,NA,NA,NA,NA,NA,NA,NA,NA
110,N,N3,CONT,14w,NA,NA,NA,NA,NA,NA,NA,NA,NA,NA
111,N,N3,CONT,14w,NA,NA,NA,NA,NA,NA,NA,NA,NA,NA
112,N,N3,LMH,14w,NA,NA,NA,NA,NA,NA,NA,NA,NA,NA
113,N,N3,LMH,14w,NA,NA,NA,NA,NA,NA,NA,NA,NA,NA
114,N,N3,MEGA,14w,NA,NA,NA,NA,NA,NA,NA,NA,NA,NA
115,N,N3,MEGA,14w,NA,NA,NA,NA,NA,NA,NA,NA,NA,NA
116,N,N3,MESO,14w,NA,NA,NA,NA,NA,NA,NA,NA,NA,NA
117,N,N3,MESO,14w,29.32056278,118,NA,NA,NA,NA,NA,NA,15.18829537,NA
118,N,N3,MESO,14w,NA,NA,NA,NA,NA,NA,NA,NA,NA,NA
119,N,N3,MESO,14w,32.87747398,146,NA,NA,NA,NA,NA,NA,16.94264958,NA
120,S,S1,CONT,14w,NA,NA,NA,NA,NA,NA,NA,NA,NA,NA
121,S,S1,CONT,14w,NA,NA,NA,NA,NA,NA,NA,NA,NA,NA
122,S,S1,CONT,14w,NA,NA,NA,NA,NA,NA,NA,NA,NA,NA
123,S,S1,CONT,14w,35.36184545,NA,NA,NA,NA,NA,NA,NA,NA,NA
124,S,S1,CONT,14w,NA,NA,NA,NA,NA,NA,NA,NA,NA,NA
125,S,S1,CONT,14w,4.448809357,NA,NA,NA,NA,NA,NA,NA,NA,NA
126,S,S1,CONT,14w,NA,NA,NA,NA,NA,NA,NA,NA,NA,NA
127,S,S1,LMH,14w,NA,NA,NA,NA,NA,NA,NA,NA,NA,NA
128,S,S1,LMH,14w,138.3030402,400,1,NA,1,NA,NA,NA,38.31851841,NA
129,S,S1,LMH,14w,NA,NA,NA,NA,NA,NA,NA,NA,NA,NA
130,S,S1,LMH,14w,NA,NA,NA,NA,NA,NA,NA,NA,NA,NA
131,S,S1,MEGA,14w,NA,NA,NA,NA,NA,NA,NA,NA,NA,NA
132,S,S1,MEGA,14w,NA,NA,NA,NA,NA,NA,NA,NA,NA,NA
133,S,S1p,CONT,14w,NA,NA,NA,NA,NA,NA,NA,NA,NA,NA
134,S,S1p,CONT,14w,1.020703453,10,1,0,0,NA,NA,NA,2.171800433,NA
135,S,S1p,CONT,14w,0.622113885,7,1,0,0,NA,NA,NA,1.634250694,NA
136,S,S1p,CONT,14w,NA,NA,NA,NA,NA,NA,NA,NA,NA,NA
137,S,S1p,CONT,14w,NA,NA,NA,NA,NA,NA,NA,NA,NA,NA
138,S,S1p,CONT,14w,19.32205146,37,1,0,0,NA,NA,NA,8.972006773,NA
139,S,S1p,CONT,14w,NA,NA,NA,NA,NA,NA,NA,NA,NA,NA
140,S,S1p,CONT,14w,NA,NA,NA,NA,NA,NA,NA,NA,NA,NA
141,S,S1p,CONT,14w,NA,NA,NA,NA,NA,NA,NA,NA,NA,NA
142,S,S1p,CONT,14w,NA,NA,NA,NA,NA,NA,NA,NA,NA,NA
143,S,S2,CONT,14w,25.69697127,64.5,NA,NA,NA,NA,NA,NA,11.87973445,NA
144,S,S2,CONT,14w,2.08672438,26,1,0,0,NA,NA,NA,3.793500898,NA
145,S,S2,CONT,14w,2.37787148,23,1,0,0,NA,NA,NA,3.803656086,NA
146,S,S2,CONT,14w,NA,NA,NA,NA,NA,NA,NA,NA,NA,NA
147,S,S2,CONT,14w,NA,NA,NA,NA,NA,NA,NA,NA,NA,NA
148,S,S2,CONT,14w,NA,NA,NA,NA,NA,NA,NA,NA,NA,NA
149,S,S2,LMH,14w,0.785398163,1.2,0,0,0,NA,NA,NA,0.980416128,NA
150,S,S2,LMH,14w,NA,NA,NA,NA,NA,NA,NA,NA,NA,NA
151,S,S2,LMH,14w,NA,NA,NA,NA,NA,NA,NA,NA,NA,NA
152,S,S2,MEGA,14w,NA,NA,NA,NA,NA,NA,NA,NA,NA,NA
153,S,S2,MEGA,14w,NA,NA,NA,NA,NA,NA,NA,NA,NA,NA
154,S,S2,MEGA,14w,NA,NA,NA,NA,NA,NA,NA,NA,NA,NA
155,S,S2,MEGA,14w,NA,NA,NA,NA,NA,NA,NA,NA,NA,NA
156,S,S2,MEGA,14w,NA,NA,NA,NA,NA,NA,NA,NA,NA,NA
157,S,S2,MEGA,14w,NA,NA,NA,NA,NA,NA,NA,NA,NA,NA
158,S,S2,MEGA,14w,0.453645979,3.1,NA,0,0,NA,NA,NA,1.120562066,NA
159,S,S2,MEGA,14w,NA,NA,NA,NA,NA,NA,NA,NA,NA,NA
160,S,S2,MEGA,14w,67.34600756,41.6,3,0,0,NA,NA,NA,14.15507205,NA
161,S,S2,MEGA,14w,NA,NA,NA,NA,NA,NA,NA,NA,NA,NA
162,S,S2,MEGA,14w,0.331830724,6,NA,0,0,NA,NA,NA,1.258471664,NA
163,S,S2,MEGA,14w,8.653988203,5.9,NA,NA,NA,NA,NA,NA,3.717376557,NA
164,S,S2,MEGA,14w,NA,NA,NA,NA,NA,NA,NA,NA,NA,NA
165,S,S2,MESO,14w,NA,NA,NA,NA,NA,NA,NA,NA,NA,NA
166,S,S2,MESO,14w,NA,NA,NA,NA,NA,NA,NA,NA,NA,NA
167,S,S2,MESO,14w,NA,NA,NA,NA,NA,NA,NA,NA,NA,NA
168,S,S2,MESO,14w,NA,NA,NA,NA,NA,NA,NA,NA,NA,NA
169,S,S2p,CONT,14w,NA,NA,NA,NA,NA,NA,NA,NA,NA,NA
170,S,S2p,CONT,14w,NA,NA,NA,NA,NA,NA,NA,NA,NA,NA
171,S,S2p,CONT,14w,NA,NA,NA,NA,NA,NA,NA,NA,NA,NA
172,S,S2p,CONT,14w,NA,NA,NA,NA,NA,NA,NA,NA,NA,NA
173,S,S2p,CONT,14w,NA,NA,NA,NA,NA,NA,NA,NA,NA,NA
174,S,S2p,CONT,14w,NA,NA,NA,NA,NA,NA,NA,NA,NA,NA
175,S,S2p,CONT,14w,NA,NA,NA,NA,NA,NA,NA,NA,NA,NA
176,S,S2p,CONT,14w,NA,NA,NA,NA,NA,NA,NA,NA,NA,NA
177,S,S2p,CONT,14w,NA,NA,NA,NA,NA,NA,NA,NA,NA,NA
178,S,S2p,CONT,14w,NA,NA,NA,NA,NA,NA,NA,NA,NA,NA
179,S,S2p,CONT,14w,28.84264799,6,NA,NA,NA,NA,NA,NA,5.587478141,NA
180,S,S2p,CONT,14w,NA,NA,NA,NA,NA,NA,NA,NA,NA,NA
181,S,S2p,CONT,14w,NA,NA,NA,NA,NA,NA,NA,NA,NA,NA
182,S,S2p,CONT,14w,NA,NA,NA,NA,NA,NA,NA,NA,NA,NA
183,S,S2p,CONT,14w,5.067074791,5.5,NA,NA,NA,NA,NA,NA,3.037047464,NA
184,S,S2p,CONT,14w,NA,NA,NA,NA,NA,NA,NA,NA,NA,NA
185,S,S2p,CONT,14w,NA,NA,NA,NA,NA,NA,NA,NA,NA,NA
186,S,S2p,CONT,14w,NA,NA,NA,NA,NA,NA,NA,NA,NA,NA
187,S,S3,CONT,14w,NA,NA,NA,NA,NA,NA,NA,NA,NA,NA
188,S,S3,CONT,14w,NA,NA,NA,NA,NA,NA,NA,NA,NA,NA
189,S,S3,CONT,14w,NA,NA,NA,NA,NA,NA,NA,NA,NA,NA
190,S,S3,CONT,14w,NA,NA,NA,NA,NA,NA,NA,NA,NA,NA
191,S,S3,CONT,14w,NA,NA,NA,NA,NA,NA,NA,NA,NA,NA
192,S,S3,CONT,14w,NA,NA,NA,NA,NA,NA,NA,NA,NA,NA
193,S,S3,LMH,14w,NA,NA,NA,NA,NA,NA,NA,NA,NA,NA
194,S,S3,LMH,14w,NA,NA,NA,NA,NA,NA,NA,NA,NA,NA
195,S,S3,LMH,14w,NA,NA,NA,NA,NA,NA,NA,NA,NA,NA
196,S,S3,LMH,14w,23.49981991,75.3,NA,NA,NA,NA,NA,NA,12.14210545,NA
197,S,S3,LMH,14w,NA,NA,NA,NA,NA,NA,NA,NA,NA,NA
198,S,S3,LMH,14w,NA,NA,NA,NA,NA,NA,NA,NA,NA,NA
199,S,S3,LMH,14w,NA,NA,NA,NA,NA,NA,NA,NA,NA,NA
200,S,S3,LMH,14w,NA,NA,NA,NA,NA,NA,NA,NA,NA,NA
201,S,S3,LMH,14w,NA,NA,NA,NA,NA,NA,NA,NA,NA,NA
202,S,S3,LMH,14w,NA,NA,NA,NA,NA,NA,NA,NA,NA,NA
203,S,S3,LMH,14w,13.01004204,NA,NA,NA,NA,NA,NA,NA,NA,NA
204,S,S3,LMH,14w,NA,NA,NA,NA,NA,NA,NA,NA,NA,NA
205,S,S3,LMH,14w,NA,NA,NA,NA,NA,NA,NA,NA,NA,NA
206,S,S3,LMH,14w,NA,NA,NA,NA,NA,NA,NA,NA,NA,NA
207,S,S3,MEGA,14w,NA,NA,NA,NA,NA,NA,NA,NA,NA,NA
208,S,S3,MEGA,14w,NA,NA,NA,NA,NA,NA,NA,NA,NA,NA
209,S,S3,MEGA,14w,NA,NA,NA,NA,NA,NA,NA,NA,NA,NA
210,S,S3,MEGA,14w,NA,NA,NA,NA,NA,NA,NA,NA,NA,NA
211,S,S3,MESO,14w,NA,NA,NA,NA,NA,NA,NA,NA,NA,NA
212,S,S3,MESO,14w,NA,NA,NA,NA,NA,NA,NA,NA,NA,NA
213,S,S3,MESO,14w,NA,NA,NA,NA,NA,NA,NA,NA,NA,NA
214,S,S3,MESO,14w,NA,NA,NA,NA,NA,NA,NA,NA,NA,NA
215,S,S3,MESO,14w,NA,NA,NA,NA,NA,NA,NA,NA,NA,NA
216,S,S3,MESO,14w,NA,NA,NA,NA,NA,NA,NA,NA,NA,NA
217,S,S3,NA,14w,NA,NA,NA,NA,NA,NA,NA,NA,NA,NA
218,C,C1,CONT,14w,36.21007547,65,2,0,0,NA,NA,1,13.35525803,NA
219,C,C1,CONT,14w,78.60374775,49,3,0,0,0,0,1,15.74205367,15.52385348
220,C,C1,CONT,14w,33.1830724,27,2,0,0,0,0,1,9.67420431,9.434214109
221,C,C1,CONT,14w,NA,NA,NA,NA,NA,NA,NA,NA,NA,NA
222,C,C1,CONT,14w,19.40004149,151,1,3,1,0,0,1,14.3674671,14.12107852
223,C,C1,CONT,14w,39.25804866,13.5,2,0,0,0,0,1,8.118798429,8.364782781
224,C,C1,CONT,14w,53.58583173,50,2,0,0,0,0,NA,13.94570123,15.85206
225,C,C1,CONT,14w,55.12214908,81,2,0,0,0,0,1,16.53807953,17.40521845
226,C,C1,CONT,14w,NA,NA,NA,NA,NA,NA,NA,NA,NA,NA
227,C,C1,CONT,14w,31.76904155,17,1,0,0,0,0,1,8.170077317,8.411512652
228,C,C1,CONT,14w,29.03334267,79,2,0,0,0,0,1,13.24057814,17.96237318
229,C,C1,CONT,14w,79.95989476,18,3,0,0,0,0,1,11.33294614,10.48423233
230,C,C1,CONT,14w,NA,NA,NA,NA,NA,NA,NA,NA,NA,NA
231,C,C1,CONT,14w,26.14818251,71,1,2,1,0,0,1,12.33819201,10.72847043
232,C,C1,CONT,14w,NA,NA,NA,NA,NA,NA,NA,NA,NA,NA
233,C,C1,CONT,14w,NA,NA,NA,NA,NA,NA,NA,NA,NA,NA
234,C,C1,CONT,14w,45.60367312,51,2,0,0,0,0,1,13.30225763,13.0702683
235,C,C1,CONT,14w,33.69554471,89,2,0,0,0,0,1,14.48037318,14.82518574
236,C,C1,CONT,14w,NA,NA,NA,NA,NA,NA,NA,NA,NA,NA
237,C,C1,CONT,14w,15.83370551,41.5,1,0,0,0,0,1,8.722934566,6.567811581
238,C,C1,CONT,14w,19.71357244,21,NA,NA,NA,NA,NA,NA,7.476135733,7.751981858
239,C,C1,CONT,14w,24.36689948,155,1,1,1,0,0,1,15.63944062,16.80770845
240,C,C1,CONT,14w,NA,NA,NA,NA,NA,NA,NA,NA,NA,NA
241,C,C1,CONT,14w,55.41769441,57.5,2,0,0,0,0,1,14.77671653,12.82858782
242,C,C1,CONT,14w,11.58116716,88,1,0,0,0,0,1,10.09940168,11.60623819
243,C,C1,CONT,14w,NA,NA,NA,NA,NA,NA,NA,NA,NA,NA
244,C,C1,CONT,14w,NA,NA,NA,NA,NA,NA,NA,NA,NA,NA
245,C,C1,CONT,14w,NA,NA,NA,NA,NA,NA,NA,NA,NA,NA
246,C,C1,CONT,14w,38.92558962,75.5,2,0,0,0,0,1,14.38296585,15.59266583
247,C,C1,CONT,14w,18.17105045,84,2,0,0,0,0,1,11.55741861,11.98148189
248,C,C1,CONT,14w,34.62789086,141,1,0,0,0,0,1,17.03922187,16.08599662
249,C,C1,CONT,14w,NA,NA,NA,NA,NA,NA,NA,NA,NA,NA
250,C,C1,CONT,14w,NA,NA,NA,NA,NA,NA,NA,NA,NA,NA
251,C,C1,CONT,14w,5.027255104,57,1,0,0,0,0,1,6.612035868,5.718604634
252,C,C1,CONT,14w,3.17308712,NA,2,0,0,0,0,1,NA,5.915218059
253,C,C1,CONT,14w,NA,NA,NA,NA,NA,NA,NA,NA,NA,NA
254,C,C1,CONT,14w,2.190396938,27,1,0,0,0,0,1,3.904291283,3.295355574
255,C,C1,CONT,14w,6.113617844,54,1,0,0,0,0,1,6.932060074,9.592060262
256,C,C1,CONT,14w,NA,NA,NA,NA,NA,0,0,1,NA,5.545766996
257,C,C1,CONT,14w,NA,NA,NA,NA,NA,NA,NA,NA,NA,NA
258,C,C1,CONT,14w,NA,NA,NA,NA,NA,NA,NA,NA,NA,NA
259,C,C1,CONT,14w,46.8084739,100,1,2,1,NA,NA,0,16.80093393,17.60642083
260,C,C1,CONT,14w,NA,NA,NA,NA,NA,NA,NA,NA,NA,NA
261,C,C1,CONT,14w,13.26702432,22,1,0,0,0,0,1,6.65277438,6.302283162
262,C,C1,CONT,14w,17.72054606,40.5,2,0,0,0,0,1,8.983581506,9.155651458
263,C,C1,CONT,14w,26.51197894,69.5,2,2,1,0,0,1,12.30718897,12.22105528
264,C,C1,CONT,14w,NA,NA,NA,NA,NA,NA,NA,NA,NA,NA
265,C,C1,CONT,14w,10.34911306,62,1,0,0,0,0,1,8.653902686,6.836826324
266,C,C1,CONT,14w,13.8544236,37,1,0,0,0,0,1,8.02897678,8.432261524
267,C,C1,CONT,14w,26.51197894,118,1,0,0,0,0,1,14.68621136,18.45501468
268,C,C1,CONT,14w,11.76282975,96,1,0,0,0,0,1,10.45124325,9.387220295
269,C,C1,CONT,14w,9.731397404,156,1,0,0,0,0,1,11.53647483,12.3905325
270,C,C1,CONT,14w,33.69554471,153,1,4,1,0,0,1,17.35141321,14.38062575
271,C,C1,CONT,14w,63.90030873,46,1,0,0,0,0,1,14.38383532,14.51027871
272,C,C1,LMH,14w,NA,NA,NA,NA,NA,NA,NA,NA,NA,NA
273,C,C1,LMH,14w,13.20254313,106,NA,NA,NA,NA,NA,NA,11.22732065,NA
274,C,C1,LMH,14w,105.1393672,358,NA,NA,NA,NA,NA,NA,33.69571861,NA
275,C,C1,LMH,14w,279.3658126,221,3,1,1,0,0,1,39.7488487,39.04935502
276,C,C1,LMH,14w,13.07405199,91,1,1,1,1,1,1,10.63495915,6.203105625
277,C,C1,LMH,14w,52.04016815,249,0,1,1,0,0,1,23.6029284,24.17917643
278,C,C1,LMH,14w,9.025874234,65,1,0,0,0,0,1,8.399006114,8.263725789
279,C,C1,LMH,14w,NA,NA,NA,NA,NA,NA,NA,NA,NA,NA
280,C,C1,LMH,14w,NA,NA,NA,NA,NA,NA,NA,NA,NA,NA
281,C,C1,LMH,14w,NA,NA,NA,NA,NA,NA,NA,NA,NA,NA
282,C,C1,LMH,14w,NA,NA,NA,NA,NA,NA,NA,NA,NA,NA
283,C,C1,LMH,14w,55.15411479,211,1,0,0,1,1,1,22.7710264,22.65933193
284,C,C1,LMH,14w,NA,NA,NA,NA,NA,NA,NA,NA,NA,NA
285,C,C1,LMH,14w,17.12867001,149,1,0,0,0,0,1,13.72122183,12.94817054
286,C,C1,LMH,14w,61.65344167,200,1,0,0,10,1,1,23.2151347,24.56144068
287,C,C1,LMH,14w,52.16810951,207,NA,NA,NA,NA,NA,NA,22.20943713,NA
288,C,C1,LMH,14w,NA,NA,NA,NA,NA,NA,NA,NA,NA,NA
289,C,C1,LMH,14w,58.62965874,208,3,0,0,0,0,1,23.12951487,21.30896758
290,C,C1,LMH,14w,72.83539094,229,1,5,1,0,0,1,25.67846375,23.23595448
291,C,C1,LMH,14w,30.87627946,181,1,0,0,0,0,1,17.82513343,20.16436707
292,C,C1,LMH,14w,52.68144575,305,2,2,1,1,1,1,25.36026996,26.84927004
293,C,C1,LMH,14w,17.79523743,157,2,1,1,1,1,1,14.14200162,14.84073672
294,C,C1,LMH,14w,41.16868677,354,1,0,0,0,0,1,24.54725535,22.24069025
295,C,C1,LMH,14w,36.53075354,71,1,0,0,0,0,1,13.79532978,12.00556211
296,C,C1,LMH,14w,43.59156156,154,1,1,1,3,1,1,18.95019575,18.12598234
297,C,C1,LMH,14w,69.2502054,148,2,2,1,0,0,1,21.82537094,16.9813032
298,C,C1,LMH,14w,NA,NA,NA,NA,NA,NA,NA,NA,NA,NA
299,C,C1,LMH,14w,NA,NA,NA,NA,NA,0,0,NA,NA,2.860006449
300,C,C1,LMH,14w,127.6762889,278,1,0,0,0,0,1,33.04180792,10.35939058
301,C,C1,LMH,14w,44.29653496,249,1,0,0,0,0,1,22.36695396,22.04631707
302,C,C1,LMH,14w,33.7985104,NA,NA,NA,NA,0,0,1,NA,14.7642538
303,C,C1,LMH,14w,35.57296047,250,1,0,0,0,0,1,20.8156007,23.38545033
304,C,C1,LMH,14w,3.766848131,28,1,0,0,0,0,1,4.736107739,4.423401348
305,C,C1,LMH,14w,22.98711199,179,1,0,0,0,0,1,16.09319294,16.20160001
306,C,C1,LMH,14w,2.805520779,8,1,0,0,0,0,1,2.82529808,3.000571731
307,C,C1,LMH,14w,5.107051557,26,1,0,0,0,0,1,5.114567797,3.98469775
308,C,C1,LMH,14w,39.3691825,126,3,1,1,0,0,1,17.12960052,17.07425808
309,C,C1,LMH,14w,10.81029886,56,1,0,0,0,0,1,8.487425022,7.537172651
310,C,C1,LMH,14w,6.469246132,27,1,0,0,0,0,1,5.604819118,4.979758683
311,C,C1,LMH,14w,1.985565097,58,1,0,0,0,0,1,4.877155234,6.458580835
312,C,C1,LMH,14w,27.8985994,183,1,1,1,0,0,1,17.29507825,12.047456
313,C,C1,LMH,14w,24.36689948,218,1,0,0,0,0,1,17.52558408,21.08374362
314,C,C1,LMH,14w,29.6091966,117,1,2,1,0,0,1,15.19481374,15.67723173
315,C,C1,LMH,14w,NA,NA,NA,NA,NA,0,0,1,NA,2.123539636
316,C,C1,MEGA,14w,NA,NA,NA,NA,NA,0,0,NA,NA,9.772630983
317,C,C1,MEGA,14w,32.16990877,49,1,0,0,0,0,1,11.68235097,13.28392772
318,C,C1,MEGA,14w,63.19384309,59,1,0,0,NA,NA,0,15.57219844,14.56757986
319,C,C1,MEGA,14w,39.59192142,81,1,1,1,1,1,1,14.80827506,19.88129435
320,C,C1,MEGA,14w,55.20359487,52.5,3,0,0,0,0,1,14.31616951,14.83843475
321,C,C1,MEGA,14w,59.31020625,227,3,3,1,0,0,1,23.90636462,24.7336995
322,C,C1,MEGA,14w,21.23716634,60,1,0,0,NA,NA,0,10.88136199,9.882394141
323,C,C1,MEGA,14w,18.55079046,151,1,0,0,0,0,1,14.15435588,15.03794339
324,C,C1,MEGA,14w,20.26829916,126,1,0,0,NA,NA,0,13.72415377,14.18416491
325,C,C1,MEGA,14w,60.13204689,236,1,2,1,0,0,1,24.33023052,17.41512059
326,C,C1,MEGA,14w,34.31569509,222,1,6,1,1,1,1,19.76740015,19.85453652
327,C,C1,MEGA,14w,21.07411768,76,2,0,0,0,0,1,11.74463461,13.23270708
328,C,C1,MEGA,14w,8.50122826,46,NA,NA,NA,NA,NA,NA,7.335269074,7.818687673
329,C,C1,MEGA,14w,9.676183913,157,1,0,0,0,0,1,11.53917074,12.21085202
330,C,C1,MEGA,14w,51.5299735,216,1,1,1,NA,1,1,22.43487907,22.97159781
331,C,C1,MEGA,14w,44.13521417,110,3,0,0,0,0,1,17.00693596,11.3204597
332,C,C1,MEGA,14w,NA,NA,NA,NA,NA,NA,NA,NA,NA,NA
333,C,C1,MEGA,14w,7.596449576,46.5,2,0,0,0,0,1,7.090354989,7.235683704
334,C,C1,MEGA,14w,36.20135755,217,2,0,0,0,0,1,19.97113288,12.66406014
335,C,C1,MEGA,14w,15.7632553,179,1,0,0,0,0,1,14.18877594,14.01909139
336,C,C1,MEGA,14w,58.98575827,243,4,3,1,NA,1,1,24.41145179,23.05300848
337,C,C1,MEGA,14w,3.766848131,61,1,0,0,0,0,1,6.142141597,7.929207088
338,C,C1,MEGA,14w,17.05539236,135,1,0,0,NA,NA,0,13.25760048,NA
339,C,C1,MEGA,14w,NA,NA,NA,NA,NA,NA,NA,NA,NA,NA
340,C,C1,MEGA,14w,41.73927854,177,2,1,1,2,1,1,19.5659149,20.80115157
341,C,C1,MEGA,14w,71.51348729,221,2,6,1,1,1,1,25.22073514,25.82569468
342,C,C1,MEGA,14w,NA,NA,NA,NA,NA,NA,NA,NA,NA,NA
343,C,C1,MEGA,14w,7.068583471,84,1,0,0,0,0,1,8.432705432,8.020191
344,C,C1,MEGA,14w,7.992290251,108,1,0,0,0,0,1,9.554584231,10.80962392
345,C,C1,MEGA,14w,8.24479576,102,1,0,0,0,0,1,9.471839227,9.643775274
346,C,C1,MEGA,14w,64.32607308,164,2,2,1,2,1,1,22.03691538,23.1049872
347,C,C1,MEGA,14w,73.28990086,152,2,3,1,0,0,1,22.44133091,22.8891119
348,C,C1,MEGA,14w,47.29479244,347,2,NA,1,NA,NA,1,25.53996896,24.32780726
349,C,C1,MEGA,14w,13.92047559,137,1,0,0,0,0,1,12.44942053,12.25053067
350,C,C1,MEGA,14w,NA,NA,NA,NA,NA,NA,NA,NA,NA,NA
351,C,C1,MEGA,14w,NA,NA,NA,NA,NA,NA,NA,NA,NA,NA
352,C,C1,MEGA,14w,52.55287607,265,1,5,1,NA,1,1,24.17780108,23.94336461
353,C,C1,MEGA,14w,96.59462786,223,2,1,1,5,1,1,27.96745377,29.03453222
354,C,C1,MEGA,14w,40.15151761,229,2,3,1,NA,1,1,21.0485518,21.30090621
355,C,C1,MEGA,14w,64.0420731,334,3,NA,1,NA,NA,1,27.90204466,NA
356,C,C1,MEGA,14w,12.56637061,99,NA,NA,NA,NA,NA,NA,10.79469333,NA
357,C,C1,MEGA,14w,11.94590607,45,3,0,0,0,0,1,8.157391692,8.294414559
358,C,C1,MEGA,14w,24.36689948,337,2,1,1,NA,NA,1,20.26878966,NA
359,C,C1,MEGA,14w,31.47004047,313,1,2,1,NA,NA,1,21.53801619,22.29905543
360,C,C1,MEGA,14w,NA,NA,NA,NA,NA,NA,NA,NA,NA,NA
361,C,C1,MEGA,14w,41.85386813,400,1,NA,1,NA,NA,1,25.7104152,27.0798747
362,C,C1,MESO,14w,42.42917228,188,1,2,1,NA,NA,NA,20.07329786,NA
363,C,C1,MESO,14w,NA,NA,NA,NA,NA,NA,NA,NA,NA,NA
364,C,C1,MESO,14w,28.17191796,35,2,0,0,0,0,1,9.988602581,9.807509638
365,C,C1,MESO,14w,NA,NA,NA,NA,NA,0,0,NA,NA,2.354914922
366,C,C1,MESO,14w,36.53075354,193,1,2,1,8,1,1,19.26292677,19.15090671
367,C,C1,MESO,14w,25.87698453,278,1,2,1,NA,NA,1,19.39281945,24.74905007
368,C,C1,MESO,14w,16.04599864,57,1,0,0,NA,NA,1,9.741076565,NA
369,C,C1,MESO,14w,6.334707427,46,1,0,0,0,0,1,6.649135101,6.833823753
370,C,C1,MESO,14w,54.89116348,226,2,2,1,0,0,1,23.26200145,24.54487448
371,C,C1,MESO,14w,111.4072372,238,1,4,1,2,1,1,29.97622562,29.6854768
372,C,C1,MESO,14w,149.0536488,204,2,1,1,0,0,1,31.37870981,32.65134971
373,C,C1,MESO,14w,21.48291742,161,1,0,0,0,0,1,15.18671723,14.17687375
374,C,C1,MESO,14w,44.88833247,172,1,0,0,NA,NA,0,19.85597725,16.99475634
375,C,C1,MESO,14w,46.20411001,192,NA,NA,NA,NA,NA,NA,20.79835559,NA
376,C,C1,MESO,14w,NA,NA,NA,NA,NA,NA,NA,NA,NA,NA
377,C,C1,MESO,14w,33.1830724,259,1,7,1,0,0,1,20.57943325,15.30555148
378,C,C1,MESO,14w,27.80505848,13,1,0,0,NA,NA,0,7.145089175,6.70454033
379,C,C1,MESO,14w,24.98320142,204,1,5,1,NA,NA,0,17.28504033,17.58415241
380,C,C1,MESO,14w,NA,NA,NA,NA,NA,NA,NA,NA,NA,NA
381,C,C1,MESO,14w,21.56514861,174,1,8,1,0,0,1,15.60545137,19.78731747
382,C,C1,MESO,14w,1.306981084,44.5,1,0,0,NA,NA,0,3.882570752,4.155099793
383,C,C1,MESO,14w,NA,NA,NA,NA,NA,0,0,NA,NA,4.738334342
384,C,C1,MESO,14w,NA,NA,NA,NA,NA,0,0,NA,NA,4.075420617
385,C,C1,MESO,14w,NA,NA,NA,NA,NA,0,0,NA,NA,4.503324672
386,C,C1,MESO,14w,NA,NA,NA,NA,NA,0,0,NA,NA,1.809834697
387,C,C1,MESO,14w,47.53889419,73,1,0,0,0,0,1,15.20368707,12.76912101
388,C,C1,MESO,14w,NA,NA,NA,NA,NA,0,0,NA,NA,4.062940736
389,C,C1,MESO,14w,14.86169675,92,1,0,0,0,0,1,11.14042699,10.0533941
390,C,C1,MESO,14w,NA,NA,NA,NA,NA,NA,NA,NA,NA,NA
391,C,C1,MESO,14w,1.606060704,14,1,0,0,0,0,1,2.82700679,2.596128251
392,C,C1,MESO,14w,5.725552611,37.5,1,0,0,0,0,1,6.004611072,6.095373392
393,C,C1,MESO,14w,16.54684705,49.5,1,0,0,0,0,1,9.388766468,9.794170629
394,C,C1,MESO,14w,11.34114948,43,1,0,0,NA,NA,NA,7.896369866,NA
395,C,C1,MESO,14w,179.0786352,307,2,0,0,0,0,1,38.23878839,36.59069394
396,C,C1,MESO,14w,83.16117767,377,1,NA,1,NA,1,1,31.70090545,29.16914432
397,C,C1,MESO,14w,79.16939151,200,3,3,1,0,0,1,25.23638716,26.10176811
398,C,C1,MESO,14w,52.29620795,229,1,0,0,0,0,1,22.98991988,24.07394529
399,C,C1,MESO,14w,15.7632553,219,1,3,1,NA,NA,0,15.17704105,12.87558677
400,C,C1,MESO,14w,9.731397404,96,1,0,0,0,0,1,9.810247855,7.310255103
401,C,C1,MESO,14w,16.47482603,200,1,0,0,NA,NA,0,14.94274135,14.99724149
402,C,C1,MESO,14w,57.8756765,138,3,1,1,0,0,1,20.08182909,19.96992935
403,C,C2,CONT,14w,NA,NA,NA,NA,NA,NA,NA,NA,NA,NA
404,C,C2,CONT,14w,NA,NA,NA,NA,NA,NA,NA,NA,NA,NA
405,C,C2,LMH,14w,162.634047,400,1,NA,1,NA,NA,1,40.44873101,42.57939352
406,C,C2,LMH,14w,50.3912247,400,1,NA,1,NA,1,1,27.35418317,29.23763483
407,C,C2,LMH,14w,11.70211848,163,1,1,1,0,0,1,12.4501618,12.41430889
408,C,C2,LMH,14w,46.47672172,157,2,2,1,0,0,1,19.48511757,23.88474315
409,C,C2,LMH,14w,153.4633454,400,2,NA,1,NA,NA,1,39.67250638,45.26364812
410,C,C2,LMH,14w,NA,NA,NA,NA,NA,NA,NA,NA,NA,NA
411,C,C2,LMH,14w,2.89529179,72,1,0,0,0,0,1,5.945709118,5.798665843
412,C,C2,LMH,14w,26.238896,41,1,0,0,NA,NA,0,10.28345915,10.06902197
413,C,C2,LMH,14w,2.89529179,22,1,0,0,0,0,1,4.002226234,3.347046164
414,C,C2,LMH,14w,2.805520779,28,1,0,0,0,0,1,4.292405455,4.596799697
415,C,C2,LMH,14w,4.263848089,64,1,0,0,0,0,1,6.505033935,6.941765665
416,C,C2,LMH,14w,35.57296047,6,1,0,0,0,0,1,5.992725914,1.186304081
417,C,C2,LMH,14w,23.07217061,18,1,3,1,3,1,1,7.484049725,15.39785498
418,C,C2,LMH,14w,20.83072279,112,1,3,1,1,1,1,13.3160936,12.74325067
419,C,C2,LMH,14w,3.17308712,10,1,0,0,NA,NA,0,3.171523711,1.855827259
420,C,C2,LMH,14w,NA,NA,NA,NA,NA,NA,NA,NA,NA,NA
421,C,C2,LMH,14w,3.698361412,20,1,0,0,0,0,1,4.207039042,4.512269683
422,C,C2,LMH,14w,3.236547292,17.5,2,0,0,0,0,1,3.848371682,2.784244686
423,C,C2,LMH,14w,NA,NA,NA,NA,NA,NA,NA,NA,NA,NA
424,C,C2,LMH,14w,1.606060704,14,1,0,0,0,0,1,2.82700679,2.819487571
425,C,C2,LMH,14w,NA,NA,NA,NA,NA,NA,NA,NA,NA,NA
426,C,C2,LMH,14w,122.9148911,NA,NA,NA,NA,NA,NA,NA,NA,NA
427,C,C2,LMH,14w,103.5079381,324,NA,NA,NA,NA,NA,NA,32.42193842,NA
428,C,C2,LMH,14w,NA,NA,NA,NA,NA,0,0,NA,NA,0.859628694
429,C,C2,LMH,14w,NA,NA,NA,NA,NA,NA,NA,NA,NA,NA
430,C,C2,LMH,14w,NA,NA,NA,NA,NA,NA,NA,NA,NA,NA
431,C,C2,LMH,14w,2.460573906,27,1,0,0,0,0,1,4.058879074,3.659030554
432,C,C2,LMH,14w,NA,NA,NA,NA,NA,NA,NA,NA,NA,NA
433,C,C2,LMH,14w,NA,NA,NA,NA,NA,NA,NA,NA,NA,NA
434,C,C2,LMH,14w,30.09339457,184,1,1,1,0,0,1,17.77020924,17.23794895
435,C,C2,LMH,14w,281.4434263,407,1,NA,1,NA,NA,1,48.85806293,47.88812829
436,C,C2,LMH,14w,2.544690049,17,1,0,0,0,0,1,3.517261171,3.570925604
437,C,C2,LMH,14w,23.07217061,185,1,2,1,5,1,1,16.29138495,15.8102602
438,C,C2,LMH,14w,1.767145868,31,1,0,0,0,0,1,3.805755693,3.720576362
439,C,C2,LMH,14w,111.0333877,180,2,5,1,2,1,1,27.27672632,24.91410264
440,C,C2,LMH,14w,26.32976657,180,1,5,1,5,1,1,16.87075618,15.56473807
441,C,C2,LMH,14w,45.96346402,195,1,3,1,4,1,1,20.86987314,20.44686618
442,C,C2,LMH,14w,10.12229007,97,1,1,1,0,0,1,9.974530743,8.844670448
443,C,C2,LMH,14w,49.14087083,187,1,5,1,0,0,1,21.0444587,20.78443303
444,C,C2,LMH,14w,NA,NA,NA,NA,NA,NA,NA,NA,NA,NA
445,C,C2,LMH,14w,25.96722678,18.5,3,0,0,NA,NA,0,7.856842376,6.162633304
446,C,C2,LMH,14w,34.73227028,184,3,4,1,6,1,1,18.64140462,17.94613244
447,C,C2,LMH,14w,134.1655627,400,1,NA,1,NA,NA,1,37.93193688,38.49184768
448,C,C2,LMH,14w,NA,NA,NA,NA,NA,NA,NA,NA,NA,NA
449,C,C2,LMH,14w,37.93669479,400,1,NA,1,NA,NA,1,24.88064998,26.68888495
450,C,C2,MEGA,14w,11.82369811,52.5,1,0,0,0,0,1,8.558753767,6.764284656
451,C,C2,MEGA,14w,2.925529619,4,1,0,0,0,0,1,2.273206129,NA
452,C,C2,MEGA,14w,54.04395448,43.5,2,0,0,1,1,1,13.35006004,12.67350103
453,C,C2,MEGA,14w,25.20224897,44,2,0,0,0,0,1,10.38803805,6.67537133
454,C,C2,MEGA,14w,22.98711199,49.5,1,0,0,2,1,1,10.4778421,8.826950334
455,C,C2,MEGA,14w,115.18029,111,2,1,1,1,1,1,23.49726148,22.54814354
456,C,C2,MEGA,14w,64.9675863,75,6,0,0,4,1,1,17.02760557,18.44318394
457,C,C2,MEGA,14w,10.92716611,49,2,0,0,0,0,1,8.146563195,5.324329888
458,C,C2,MEGA,14w,5.227924335,6.5,1,0,0,0,0,1,3.244916466,NA
459,C,C2,MEGA,14w,3.63050301,5.5,4,0,0,0,0,1,2.71714891,NA
460,C,C2,MEGA,14w,3.397946614,5,3,0,0,0,0,1,2.57452021,NA
461,C,C2,MEGA,14w,0.119459061,5,4,0,0,0,0,1,0.841939723,NA
462,C,C2,MEGA,14w,4.263848089,5,3,0,0,0,0,1,2.777210808,NA
463,C,C2,MEGA,14w,117.2822511,67,3,0,0,4,1,1,19.97301369,20.2551811
464,C,C2,MEGA,14w,10.1787602,9,1,0,0,NA,NA,0,4.518460022,NA
465,C,C2,MEGA,14w,73.81721718,161,3,5,1,7,1,1,22.93128365,23.77507422
466,C,C2,MEGA,14w,9.456900746,36,1,0,0,0,0,1,7.003615555,6.991355718
467,C,C2,MEGA,14w,13.52651987,64,1,0,0,0,0,1,9.563924313,8.30414829
468,C,C2,MEGA,14w,NA,NA,NA,NA,NA,NA,NA,NA,NA,NA
469,C,C2,MEGA,14w,197.3096901,183.5,2,11,1,17,1,1,33.26172198,28.86272235
470,C,C2,MEGA,14w,4.752915526,40,1,0,0,0,0,1,5.765647954,5.048809556
471,C,C2,MEGA,14w,9.402472653,53,1,0,0,0,0,1,7.953588724,7.896617803
472,C,C2,MEGA,14w,149.7880747,209,1,2,1,5,1,1,31.68535075,28.41019235
473,C,C2,MEGA,14w,5.107051557,55,1,0,0,0,0,1,6.568100373,6.572037324
474,C,C2,MEGA,14w,313.8451846,214,3,3,1,1,1,1,40.88192199,30.30562501
475,C,C2,MESO,14w,26.71107738,145,2,2,1,3,1,1,15.77136663,14.61460664
476,C,C2,MESO,14w,27.15467026,141,1,4,1,9,1,1,15.71091571,16.54284108
477,C,C2,MESO,14w,52.93905635,127,2,0,0,0,0,1,18.95976552,18.29081971
478,C,C2,MESO,14w,191.134497,162,2,5,1,0,0,1,31.56939432,24.89774305
479,C,C2,MESO,14w,143.5044967,191,3,3,1,0,0,1,30.31008921,31.34771809
480,C,C2,MESO,14w,8.972702778,39.5,1,0,0,0,0,1,7.098299483,5.766792793
481,C,C2,MESO,14w,31.56955042,116,1,1,1,1,1,1,15.47910256,13.86383314
482,C,C2,MESO,14w,NA,NA,NA,NA,NA,0,0,NA,NA,4.932345939
483,C,C2,MESO,14w,68.66147094,345,1,NA,1,NA,1,1,28.86903885,29.25422628
484,C,C2,MESO,14w,NA,NA,NA,NA,NA,0,0,NA,NA,5.07431256
485,C,C2,MESO,14w,74.50883881,381,1,NA,1,NA,1,1,30.66712277,29.5467286
486,C,C2,MESO,14w,74.20316184,116.5,1,0,0,0,0,1,20.61952745,11.08434265
487,C,C2,MESO,14w,39.3691825,121,1,0,0,0,0,1,16.89960078,16.60169869
488,C,C2,MESO,14w,36.42370377,164,3,2,1,1,1,1,18.22590787,13.39783486
489,C,C2,MESO,14w,335.0095446,340,2,NA,1,10,1,1,48.76615428,33.41808738
490,C,C2,MESO,14w,46.44538433,149,2,0,0,0,0,1,19.14354668,23.58351853
491,C,C2,MESO,14w,NA,NA,NA,NA,NA,NA,NA,NA,NA,NA
492,C,C2,MESO,14w,66.76544123,192,1,5,1,6,1,1,23.51807541,22.75801392
493,C,C2,MESO,14w,1.474113813,25,1,0,0,0,0,1,3.333991373,3.371223572
494,C,C2,MESO,14w,19.87128039,117,1,1,1,2,1,1,13.30063914,12.56919219
495,C,C2,MESO,14w,3.698361412,26,1,0,0,0,0,1,4.592153471,4.123804282
496,C,C2,MESO,14w,10.69405993,33,2,0,0,0,0,1,7.088136676,6.11235273
497,C,C2,MESO,14w,3.430697718,52,1,0,0,NA,NA,0,5.644460611,6.194422705
498,C,C2,MESO,14w,103.5079381,268,2,NA,1,NA,1,1,30.43171477,29.97396468
499,C,C2,MESO,14w,74.05055898,NA,1,NA,1,NA,1,1,NA,28.23416539
500,C,C2,MESO,14w,NA,NA,NA,NA,NA,1,1,NA,NA,14.97398306
501,C,C3,CONT,14w,3.766848131,15,1,0,0,0,0,1,3.845264838,3.35825173
502,C,C3,CONT,14w,10.63617609,21,3,0,0,0,0,1,6.084325475,5.008767037
503,C,C3,CONT,14w,11.40091828,39.5,1,0,0,0,0,1,7.689181622,5.597187007
504,C,C3,CONT,14w,1.720336137,14,1,0,0,0,0,1,2.8926287,1.903854347
505,C,C3,CONT,14w,126.8764394,97,5,1,1,0,0,1,23.20024527,21.41438098
506,C,C3,CONT,14w,NA,NA,NA,NA,NA,NA,NA,NA,NA,NA
507,C,C3,CONT,14w,0.738981132,6,1,0,0,0,0,1,1.644100126,1.925575823
508,C,C3,CONT,14w,1.960667975,17,1,0,0,0,0,1,3.224056462,2.704327009
509,C,C3,CONT,14w,NA,NA,NA,NA,NA,NA,NA,NA,NA,NA
510,C,C3,CONT,14w,NA,NA,NA,NA,NA,NA,NA,NA,NA,NA
511,C,C3,CONT,14w,NA,NA,NA,NA,NA,NA,NA,NA,NA,NA
512,C,C3,CONT,14w,NA,NA,NA,NA,NA,NA,NA,NA,NA,NA
513,C,C3,CONT,14w,1.862650284,17,1,0,0,0,0,1,3.169326003,2.961397458
514,C,C3,CONT,14w,NA,NA,NA,NA,NA,NA,NA,NA,NA,NA
515,C,C3,CONT,14w,NA,NA,NA,NA,NA,NA,NA,NA,NA,NA
516,C,C3,CONT,14w,NA,NA,NA,NA,NA,NA,NA,NA,NA,NA
517,C,C3,CONT,14w,NA,NA,NA,NA,NA,NA,NA,NA,NA,NA
518,C,C3,CONT,14w,NA,NA,NA,NA,NA,NA,NA,NA,NA,NA
519,C,C3,CONT,14w,16.9093083,70,NA,NA,NA,NA,NA,NA,10.61676258,NA
520,C,C3,CONT,14w,3.698361412,6,1,0,0,NA,NA,0,2.814583263,NA
521,C,C3,CONT,14w,17.83953388,35,2,0,0,NA,NA,0,8.575474196,NA
522,C,C3,CONT,14w,68.73309925,134,5,3,1,0,0,1,21.06041984,29.28650205
523,C,C3,CONT,14w,29.51282825,74.5,2,1,1,0,0,1,13.05504812,13.17083367
524,C,C3,CONT,14w,2.010619298,13,1,0,0,0,0,1,2.972726515,2.051207136
525,C,C3,CONT,14w,NA,NA,NA,NA,NA,NA,NA,NA,NA,NA
526,C,C3,CONT,14w,NA,NA,NA,NA,NA,NA,NA,NA,NA,NA
527,C,C3,CONT,14w,NA,NA,NA,NA,NA,NA,NA,NA,NA,NA
528,C,C3,CONT,14w,NA,NA,NA,NA,NA,NA,NA,NA,NA,NA
529,C,C3,CONT,14w,NA,NA,NA,NA,NA,NA,NA,NA,NA,NA
530,C,C3,CONT,14w,101.6516496,104,4,7,1,18,1,1,22.05245294,23.03451734
531,C,C3,CONT,14w,NA,NA,NA,NA,NA,NA,NA,NA,NA,NA
532,C,C3,CONT,14w,NA,NA,NA,NA,NA,NA,NA,NA,NA,NA
533,C,C3,CONT,14w,NA,NA,NA,NA,NA,NA,NA,NA,NA,NA
534,C,C3,CONT,14w,213.2319885,237,4,NA,NA,NA,1,1,37.17846461,45.89272745
535,C,C3,CONT,14w,216.3801,241,2,NA,NA,NA,1,1,37.57015876,41.11000467
536,C,C3,CONT,14w,113.6962016,15,3,0,0,0,0,1,11.99347339,8.397272653
537,C,C3,LMH,14w,107.9693924,197,4,9,1,0,0,1,27.84965251,29.56863726
538,C,C3,LMH,14w,7.992290251,21,1,0,0,0,0,1,5.530660978,5.374302402
539,C,C3,LMH,14w,4.047078196,47.5,1,0,0,0,0,1,5.787028787,6.852890641
540,C,C3,LMH,14w,3.300635782,26,2,0,0,0,0,1,4.420998239,4.521272453
541,C,C3,LMH,14w,2.08672438,11,1,0,0,0,0,1,2.846562575,3.086672926
542,C,C3,LMH,14w,6.157521601,16,3,0,0,0,0,1,4.629522918,4.643806514
543,C,C3,LMH,14w,92.11848665,217,1,0,0,0,0,1,27.27841289,23.27791605
544,C,C3,LMH,14w,NA,NA,NA,NA,NA,NA,NA,NA,NA,NA
545,C,C3,LMH,14w,25.24968702,204,1,0,0,NA,NA,0,17.34637546,18.38698575
546,C,C3,LMH,14w,1.075131546,7,1,0,0,0,0,1,1.961726169,2.074502278
547,C,C3,LMH,14w,2.432849351,24,1,0,0,0,0,1,3.887639344,4.276338904
548,C,C3,LMH,14w,55.68190235,400,NA,NA,NA,NA,NA,1,28.28128583,30.86957379
549,C,C3,LMH,14w,4.448809357,19,1,0,0,0,0,1,4.398714435,4.951831583
550,C,C3,LMH,14w,128.09954,195,4,4,1,2,1,1,29.38512444,29.73372331
551,C,C3,LMH,14w,6.97464985,91,1,0,0,0,0,1,8.622487276,9.414078165
552,C,C3,LMH,14w,5.309291585,48,4,2,1,0,0,1,6.358182083,3.264386203
553,C,C3,LMH,14w,65.61184841,181,3,0,0,5,1,1,22.92559597,20.34396559
554,C,C3,LMH,14w,82.51589454,214,2,0,0,1,1,1,26.17216344,29.30421421
555,C,C3,LMH,14w,25.42812948,93,2,1,1,0,0,1,13.37636778,16.51869228
556,C,C3,LMH,14w,93.65590355,210,1,0,0,0,0,1,27.13093567,28.29638955
557,C,C3,LMH,14w,98.87251815,192,2,0,0,0,0,1,26.81210853,22.35740032
558,C,C3,LMH,14w,81.55268223,305,1,1,1,0,0,1,29.34349812,28.59635689
559,C,C3,LMH,14w,NA,NA,NA,NA,NA,0,0,1,NA,4.023165251
560,C,C3,LMH,14w,41.62484602,265,1,1,1,0,0,1,22.36745966,22.2175411
561,C,C3,LMH,14w,NA,NA,NA,NA,NA,NA,NA,NA,NA,NA
562,C,C3,LMH,14w,5.641043769,163,1,0,0,0,0,1,9.758355473,10.70819326
563,C,C3,LMH,14w,NA,NA,NA,NA,NA,NA,NA,NA,NA,NA
564,C,C3,LMH,14w,NA,NA,NA,NA,NA,NA,NA,NA,NA,NA
565,C,C3,MEGA,14w,144.1939977,148,5,0,0,1,1,1,27.88054093,18.21812837
566,C,C3,MEGA,14w,65.78997671,206,2,2,1,0,0,1,23.95919597,26.45878703
567,C,C3,MEGA,14w,7.992290251,57,1,0,0,0,0,1,7.718846888,6.383297548
568,C,C3,MEGA,14w,6.379396582,54,1,0,0,0,0,1,7.031245827,5.655942388
569,C,C3,MEGA,14w,7.499060204,27,1,0,0,0,0,1,5.888152624,3.707927072
570,C,C3,MEGA,14w,61.09800809,163,2,0,0,0,0,1,21.61718628,21.68698841
571,C,C3,MEGA,14w,NA,169,1,1,1,2,1,1,NA,16.95979392
572,C,C3,MEGA,14w,3.664353671,38,1,0,0,0,0,1,5.196353738,4.349264268
573,C,C3,MEGA,14w,NA,NA,NA,NA,NA,0,0,NA,NA,3.208631122
574,C,C3,MEGA,14w,NA,NA,NA,NA,NA,NA,NA,NA,NA,NA
575,C,C3,MEGA,14w,3.801327111,27,2,0,0,0,0,1,4.693207543,4.906619312
576,C,C3,MEGA,14w,41.73927854,182,1,0,0,8,1,1,19.74872688,20.29094833
577,C,C3,MEGA,14w,NA,NA,NA,NA,NA,NA,NA,NA,NA,NA
578,C,C3,MEGA,14w,16.61902514,78,1,2,1,0,0,1,10.94387714,10.47881757
579,C,C3,MEGA,14w,NA,NA,NA,NA,NA,NA,NA,NA,NA,NA
580,C,C3,MEGA,14w,18.55079046,113,1,0,0,6,1,1,12.84869578,13.00708211
581,C,C3,MEGA,14w,6.334707427,27,1,0,0,0,0,1,5.565632489,4.650378634
582,C,C3,MEGA,14w,0.636172512,11,1,0,0,0,0,1,1.914658898,2.62015607
583,C,C3,MEGA,14w,10.29217169,36,1,0,0,0,0,1,7.204336286,5.490763298
584,C,C3,MEGA,14w,90.71992814,232,2,3,1,8,1,1,27.75185524,27.51924487
585,C,C3,MEGA,14w,126.6768698,215,2,0,0,0,0,1,30.24577792,32.75299935
586,C,C3,MEGA,14w,28.65258164,7.3,2,1,1,0,0,1,5.952394039,12.79484011
587,C,C3,MEGA,14w,16.11707717,125.1,1,1,1,1,1,1,12.68288089,10.5429639
588,C,C3,MEGA,14w,51.78475666,283,NA,NA,NA,NA,NA,NA,24.59292696,NA
589,C,C3,MEGA,14w,37.50127005,13.8,1,0,0,NA,NA,0,8.054537826,NA
590,C,C3,MEGA,14w,NA,NA,NA,NA,NA,NA,NA,NA,NA,NA
591,C,C3,MEGA,14w,NA,NA,NA,NA,NA,NA,NA,NA,NA,NA
592,C,C3,MEGA,14w,1.207628216,12.8,1,0,0,0,0,1,2.494560478,2.996206902
593,C,C3,MEGA,14w,NA,NA,NA,NA,NA,NA,NA,NA,NA,NA
594,C,C3,MEGA,14w,NA,NA,NA,NA,NA,NA,NA,NA,NA,NA
595,C,C3,MEGA,14w,24.94777996,32.2,60,0,0,0,0,1,9.328102258,4.085179108
596,C,C3,MEGA,14w,21.73008223,40.4,4,0,0,0,0,1,9.60870422,6.998655508
597,C,C3,MESO,14w,80.91368229,194,2,16,1,2,1,1,25.16348023,23.66789211
598,C,C3,MESO,14w,104.9056327,177.3,3,0,0,6,1,1,26.62992663,19.79651367
599,C,C3,MESO,14w,34.53018733,145.5,2,1,1,1,1,1,17.2026393,17.34788615
600,C,C3,MESO,14w,211.199221,153,6,7,1,28,1,1,32.02228742,33.7492603
601,C,C3,MESO,14w,4.599605804,3.4,1,0,0,0,0,1,2.504275359,4.147590858
602,C,C3,MESO,14w,1.862650284,25.3,1,0,0,0,0,1,3.619204475,3.591148653
603,C,C3,MESO,14w,105.4693129,158,0,11,1,8,1,1,25.67067311,25.55892709
604,C,C3,MESO,14w,NA,NA,NA,NA,NA,NA,NA,NA,NA,NA
605,C,C3,MESO,14w,70.65897409,186.5,3,NA,1,0,0,1,23.73589969,27.58575763
606,C,C3,MESO,14w,109.797171,47.3,7,1,1,1,1,1,17.39399292,13.74449313
607,C,C3,MESO,14w,35.1258333,36.9,5,0,0,0,0,1,10.94348053,9.939189747
608,C,C3,MESO,14w,16.54684705,40.2,5,0,0,0,0,1,8.758617637,7.134340846
609,C,C3,MESO,14w,54.46052967,167.5,3,17,1,3,1,1,20.99295244,19.51337109
610,C,C3,MESO,14w,NA,NA,NA,NA,NA,NA,NA,NA,NA,NA
611,C,C3,MESO,14w,20.66924493,32.3,5,0,0,0,0,1,8.769301345,8.039473027
612,C,C3,MESO,14w,436.4737981,35.7,5,13,1,19,1,1,25.10170899,52.20550513
613,C,C3,MESO,14w,9.786767974,37.4,4,0,0,0,0,1,7.175051719,7.284231892
614,C,C3,MESO,14w,0.899202357,9.6,NA,NA,NA,0,0,1,2.053645288,1.255777686
615,C,C3,MESO,14w,23.07217061,84.9,2,1,1,0,0,1,12.56113729,12.04653239
616,C,C3,MESO,14w,135.6673226,212.5,6,NA,1,0,0,1,30.82551152,35.58253152
617,C,C3,MESO,14w,61.80494497,103.8,3,3,1,2,1,1,18.66534498,13.62780242
618,C,C3,MESO,14w,27.52537819,119.2,1,4,1,0,0,1,14.92160602,10.05104463
619,C,C3,MESO,14w,3.905706527,27.5,NA,NA,NA,0,0,1,4.764942855,12.23751695
620,C,C3,MESO,14w,49.28232104,100.9,3,2,1,0,0,1,17.14350315,16.15072269
621,C,C3,MESO,14w,26.60332075,129,3,1,1,1,1,1,15.14715138,21.13143735
622,C,C3,MESO,14w,22.47731004,71.5,2,1,1,0,0,1,11.75807081,6.660029533
623,C,C3,MESO,14w,18.55079046,78.8,2,1,1,1,1,1,11.39185042,11.74942788
624,N,N1,CONT,14w,NA,NA,NA,NA,NA,NA,NA,NA,NA,NA
625,N,N1,CONT,14w,NA,NA,NA,NA,NA,NA,NA,NA,NA,NA
626,N,N1,CONT,14w,59.47427592,54,3,1,1,0,0,1,14.8154634,15.55407766
627,N,N1,CONT,14w,NA,NA,NA,NA,NA,NA,NA,NA,NA,NA
628,N,N1,CONT,14w,7.596449576,72,2,0,0,0,0,1,8.204630687,8.791456033
629,N,N1,CONT,14w,67.78308163,173,NA,NA,NA,NA,NA,NA,22.82898789,22.46011248
630,N,N1,CONT,14w,NA,NA,NA,NA,NA,NA,NA,NA,NA,NA
631,N,N1,CONT,14w,57.14627723,88,1,0,0,4,1,1,17.20804461,17.99361983
632,N,N1,CONT,14w,22.39609987,92,1,1,1,7,1,1,12.77502162,14.88797348
633,N,N1,CONT,14w,83.80897408,99,1,1,1,9,1,1,20.33895562,16.85925224
634,N,N1,CONT,14w,32.47220853,92,1,0,0,0,0,1,14.46187553,14.47530439
635,N,N1,CONT,14w,66.64323328,108,NA,NA,NA,NA,NA,NA,19.39611956,NA
636,N,N1,CONT,14w,29.99624082,81,2,0,0,0,0,1,13.4977824,12.72503343
637,N,N1,CONT,14w,145.3911801,135,4,0,0,3,1,1,27.11253396,25.87384459
638,N,N1,CONT,14w,89.75223906,88,NA,NA,NA,NA,NA,NA,20.00714104,NA
639,N,N1,CONT,14w,37.59983752,89,3,0,0,NA,NA,0,15.02019115,16.63720517
640,N,N1,CONT,14w,20.34817416,87.5,2,0,0,0,0,1,12.16708965,10.82134631
641,N,N1,CONT,14w,47.41676478,118,1,0,0,NA,NA,NA,17.83212837,NA
642,N,N1,CONT,14w,53.19729526,49,5,0,0,0,0,1,13.81834683,10.54405245
643,N,N1,CONT,14w,15.62282611,96,2,0,0,NA,NA,NA,11.48984267,NA
644,N,N1,CONT,14w,64.32607308,88,4,2,1,1,1,1,17.90156707,18.09642346
645,N,N1,CONT,14w,NA,NA,NA,NA,NA,NA,NA,NA,NA,NA
646,N,N1,CONT,14w,17.64601178,145.5,3,0,0,NA,NA,1,13.74866957,12.13835648
647,N,N1,CONT,14w,6.290175351,40,2,0,0,0,0,1,6.331088831,6.461968651
648,N,N1,CONT,14w,9.025874234,74,3,0,0,0,0,1,8.770608295,7.585244795
649,N,N1,CONT,14w,5.557163245,38,1,0,0,0,0,1,5.971414108,5.916880902
650,N,N1,CONT,14w,6.834927517,35,1,0,0,0,0,1,6.225298479,5.386558809
651,N,N1,CONT,14w,16.61902514,40.5,1,0,0,0,0,1,8.79315294,6.277945818
652,N,N1,CONT,14w,4.752915526,10,1,0,0,0,0,1,3.62953606,3.337963713
653,N,N1,CONT,14w,145.4809511,62,3,0,0,1,1,1,20.9140454,17.16028392
654,N,N1,CONT,14w,NA,NA,NA,NA,NA,NA,NA,NA,NA,NA
655,N,N1,CONT,14w,NA,NA,NA,NA,NA,NA,NA,NA,NA,NA
656,N,N1,CONT,14w,21.89564416,99,1,0,0,0,0,1,12.99323321,9.692849151
657,N,N1,CONT,14w,11.52092712,48,1,0,0,0,0,1,8.234868607,9.417358269
658,N,N1,CONT,14w,NA,NA,NA,NA,NA,NA,NA,NA,NA,NA
659,N,N1,CONT,14w,24.19222693,69,3,0,0,7,1,1,11.90792481,14.2476327
660,N,N1,CONT,14w,NA,NA,NA,NA,NA,NA,NA,NA,NA,NA
661,N,N1,CONT,14w,5.067074791,72,2,0,0,1,1,1,7.167217911,7.629814334
662,N,N1,CONT,14w,7.40229915,NA,NA,NA,NA,NA,NA,NA,NA,6.313127147
663,N,N1,CONT,14w,25.42812948,142,1,1,1,NA,NA,NA,15.4064086,NA
664,N,N1,CONT,14w,36.31681108,58,1,0,0,0,0,1,12.86940313,11.90110304
665,N,N1,CONT,14w,50.51712403,129,3,0,0,5,1,1,18.76328091,20.03970127
666,N,N1,CONT,14w,15.97507718,112,1,0,0,2,1,1,12.18700439,12.6036469
667,N,N1,CONT,14w,NA,NA,NA,NA,NA,NA,NA,NA,NA,NA
668,N,N1,CONT,14w,44.06091551,153,2,0,0,NA,1,1,18.97675306,18.88892745
669,N,N1,CONT,14w,NA,NA,NA,NA,NA,NA,NA,NA,NA,NA
670,N,N1,CONT,14w,76.20129331,134,3,0,0,5,1,1,21.79828137,15.98625316
671,N,N1,CONT,14w,42.31379729,72,NA,NA,NA,NA,NA,NA,14.55684606,14.5038303
672,N,N1,LMH,14w,41.16868677,208,1,0,0,8,1,1,20.5543583,20.7643844
673,N,N1,LMH,14w,NA,NA,NA,NA,NA,0,0,NA,NA,2.489970229
674,N,N1,LMH,14w,NA,NA,NA,NA,NA,0,0,NA,NA,2.533872325
675,N,N1,LMH,14w,36.85284532,194,NA,NA,NA,NA,NA,NA,19.35282341,NA
676,N,N1,LMH,14w,1.561450089,16,1,0,0,NA,NA,0,2.92821619,2.873289011
677,N,N1,LMH,14w,2.630219909,20,1,0,0,0,0,1,3.754578149,4.329335207
678,N,N1,LMH,14w,NA,NA,NA,NA,NA,0,0,NA,NA,2.055086475
679,N,N1,LMH,14w,NA,NA,NA,NA,NA,0,0,NA,NA,2.129198442
680,N,N1,LMH,14w,NA,NA,NA,NA,NA,NA,NA,NA,NA,NA
681,N,N1,LMH,14w,38.81508409,173,1,0,0,NA,NA,NA,18.95199471,NA
682,N,N1,LMH,14w,1.790786352,10,1,0,0,0,0,1,2.62015607,3.182621019
683,N,N1,LMH,14w,NA,NA,NA,NA,NA,NA,NA,NA,NA,NA
684,N,N1,LMH,14w,NA,NA,NA,NA,NA,NA,NA,NA,NA,NA
685,N,N1,LMH,14w,55.94673861,244,1,0,0,NA,NA,0,24.01705429,22.73885268
686,N,N1,LMH,14w,55.54971984,141,NA,NA,NA,NA,NA,NA,19.95143655,NA
687,N,N1,LMH,14w,2.035830579,8,1,0,0,NA,NA,0,2.538449525,2.135487682
688,N,N1,LMH,14w,NA,NA,NA,NA,NA,NA,NA,NA,NA,NA
689,N,N1,LMH,14w,50.13989729,308,1,0,0,NA,NA,NA,25.02671637,NA
690,N,N1,LMH,14w,20.42820623,187,1,0,0,NA,NA,0,15.69894201,15.0321963
691,N,N1,LMH,14w,NA,NA,NA,NA,NA,NA,NA,NA,NA,NA
692,N,N1,LMH,14w,NA,NA,NA,NA,NA,NA,NA,NA,NA,NA
693,N,N1,LMH,14w,NA,NA,NA,NA,NA,NA,NA,NA,NA,NA
694,N,N1,LMH,14w,NA,NA,NA,NA,NA,NA,NA,NA,NA,NA
695,N,N1,LMH,14w,NA,NA,NA,NA,NA,0,0,NA,NA,2.610075669
696,N,N1,LMH,14w,NA,NA,NA,NA,NA,NA,NA,NA,NA,NA
697,N,N1,LMH,14w,76.04664841,229,2,3,1,12,1,1,26.05101031,28.15748281
698,N,N1,LMH,14w,44.4145803,135,2,1,1,2,1,1,18.24877869,18.31783057
699,N,N1,LMH,14w,NA,NA,NA,NA,NA,NA,NA,NA,NA,NA
700,N,N1,LMH,14w,6.290175351,99,1,0,0,1,1,1,8.567872922,8.844777912
701,N,N1,LMH,14w,NA,NA,NA,NA,NA,NA,NA,NA,NA,NA
702,N,N1,LMH,14w,7.892387604,108,1,0,0,0,0,1,9.514545127,9.141896584
703,N,N1,LMH,14w,20.99282897,200,1,1,1,0,0,1,16.20197318,15.76913941
704,N,N1,LMH,14w,8.295768101,158,2,0,0,2,1,1,10.98444717,12.83757528
705,N,N1,LMH,14w,NA,NA,NA,NA,NA,NA,NA,NA,NA,NA
706,N,N1,LMH,14w,23.84476678,112,1,1,1,3,1,1,13.93060584,11.73554591
707,N,N1,LMH,14w,12.31629984,116,1,0,0,0,0,1,11.30504633,11.6401929
708,N,N1,LMH,14w,7.163145409,81,1,0,0,0,0,1,8.367983206,8.424325448
709,N,N1,LMH,14w,154.5984813,139,3,2,1,2,1,1,27.94515071,20.85206186
710,N,N1,LMH,14w,8.552985999,61,1,0,0,NA,NA,0,8.076377664,8.373965536
711,N,N1,LMH,14w,3.529893506,38,1,0,0,0,0,1,5.13190268,4.802926136
712,N,N1,LMH,14w,46.44538433,102,2,1,1,1,1,1,16.86846369,12.65356257
713,N,N1,LMH,14w,11.10364507,86,1,0,0,0,0,1,9.882285872,6.450515921
714,N,N1,LMH,14w,3.300635782,40,1,0,0,0,0,1,5.104803075,5.499127172
715,N,N1,LMH,14w,29.6091966,34,1,0,0,0,0,1,10.0581107,4.783145504
716,N,N1,LMH,14w,26.32976657,301,NA,NA,NA,NA,NA,NA,20.0300014,NA
717,N,N1,LMH,14w,NA,NA,NA,NA,NA,NA,NA,NA,NA,NA
718,N,N1,LMH,14w,NA,NA,NA,NA,NA,NA,NA,NA,NA,NA
719,N,N1,LMH,14w,206.3744415,NA,NA,NA,NA,NA,NA,NA,NA,NA
720,N,N1,LMH,14w,5.939573611,NA,NA,NA,NA,NA,NA,NA,NA,NA
721,N,N1,LMH,14w,637.4920598,NA,NA,NA,NA,NA,NA,NA,NA,NA
722,N,N1,LMH,14w,222.7276094,NA,NA,NA,NA,NA,NA,NA,NA,NA
723,N,N1,LMH,14w,159.2611546,NA,NA,NA,NA,NA,NA,NA,NA,NA
724,N,N1,LMH,14w,139.5565357,400,1,2,1,NA,NA,1,38.4341145,35.74942085
725,N,N1,LMH,14w,54.10607948,260,1,3,1,0,0,1,24.2592893,24.52037014
726,N,N1,LMH,14w,10.57844932,88,1,1,1,0,0,1,9.798627891,9.925046489
727,N,N1,LMH,14w,21.89564416,299,1,1,1,NA,1,1,18.79215881,15.41998986
728,N,N1,LMH,14w,NA,NA,NA,NA,NA,NA,NA,NA,NA,NA
729,N,N1,LMH,14w,3.801327111,19,1,0,0,1,1,1,4.173698182,5.520921004
730,N,N1,LMH,14w,12.00724566,26,6,0,0,0,0,1,6.803901798,6.878147565
731,N,N1,LMH,14w,3.563272928,18,1,0,0,NA,NA,0,4.011486873,4.155601781
732,N,N1,LMH,14w,4.337361357,24,1,0,0,0,0,1,4.715403599,5.129004304
733,N,N1,LMH,14w,NA,NA,NA,NA,NA,0,0,NA,NA,9.091693784
734,N,N1,MEGA,14w,82.35496646,83.5,NA,NA,NA,NA,NA,NA,19.10308301,17.43859829
735,N,N1,MEGA,14w,NA,NA,NA,NA,NA,NA,NA,NA,NA,NA
736,N,N1,MEGA,14w,6.605198554,88,1,1,1,0,0,1,8.373000612,8.261744061
737,N,N1,MEGA,14w,40.15151761,NA,2,1,1,0,0,1,NA,19.96331008
738,N,N1,MEGA,14w,1.452672443,22,1,0,0,0,0,1,3.179111005,3.194880772
739,N,N1,MEGA,14w,66.21008619,205,NA,NA,NA,NA,NA,NA,23.97119009,22.08330125
740,N,N1,MEGA,14w,NA,NA,NA,NA,NA,NA,NA,NA,NA,NA
741,N,N1,MEGA,14w,NA,NA,NA,NA,NA,NA,NA,NA,NA,NA
742,N,N1,MEGA,14w,46.68728696,158,1,4,1,0,0,1,19.55595333,19.75711977
743,N,N1,MEGA,14w,16.98227179,111,NA,NA,NA,NA,NA,NA,12.40112941,11.61424338
744,N,N1,MEGA,14w,115.561051,34,NA,NA,NA,NA,NA,NA,15.84709046,9.861349716
745,N,N1,MEGA,14w,68.80841894,241,NA,NA,NA,NA,NA,NA,25.62878201,25.24351431
746,N,N1,MEGA,14w,10.12229007,152,1,1,1,0,0,1,11.58822656,11.29449242
747,N,N1,MEGA,14w,NA,NA,NA,NA,NA,NA,NA,NA,NA,NA
748,N,N1,MEGA,14w,12.37858191,81,1,0,0,0,0,1,10.04459199,7.178947391
749,N,N1,MEGA,14w,92.62954523,84,1,0,0,0,0,1,19.90743478,21.92128549
750,N,N1,MEGA,14w,48.89268501,257,1,0,0,0,0,1,23.36174753,7.969936126
751,N,N1,MEGA,14w,52.93905635,154,1,1,1,0,0,1,20.22002937,19.66064189
752,N,N1,MEGA,14w,27.15467026,96,NA,NA,NA,NA,NA,NA,13.81866693,8.778261129
753,N,N1,MEGA,14w,5.432520556,68.5,2,0,0,0,0,1,7.214768868,7.613597231
754,N,N1,MEGA,14w,7.021538121,75,1,0,0,0,0,1,8.10153563,8.423394805
755,N,N1,MEGA,14w,8.761587752,113,1,0,0,0,0,1,10.00225486,9.79782275
756,N,N1,MEGA,14w,NA,NA,NA,NA,NA,NA,NA,NA,NA,NA
757,N,N1,MEGA,14w,26.97025877,146,1,0,0,0,0,1,15.85863785,16.23231419
758,N,N1,MEGA,14w,NA,NA,NA,NA,NA,NA,NA,NA,NA,NA
759,N,N1,MEGA,14w,NA,NA,NA,NA,NA,NA,NA,NA,NA,NA
760,N,N1,MEGA,14w,13.20254313,40,1,0,0,0,0,1,8.109162417,8.530259679
761,N,N1,MEGA,14w,NA,NA,NA,NA,NA,0,0,NA,NA,5.045275106
762,N,N1,MEGA,14w,6.069871166,61,1,2,1,0,0,1,7.202673862,6.70909435
763,N,N1,MEGA,14w,5.982849049,26,1,0,0,NA,NA,1,5.39208802,5.682786596
764,N,N1,MEGA,14w,1.561450089,25,1,0,0,0,0,1,3.398675655,3.542029617
765,N,N1,MEGA,14w,3.463605901,29,1,0,0,0,0,1,4.659515377,4.787262527
766,N,N1,MEGA,14w,31.56955042,200,2,4,1,0,0,1,18.56628694,18.89387222
767,N,N1,MEGA,14w,2.164243179,30,1,0,0,0,0,1,4.027881482,4.34574448
768,N,N1,MEGA,14w,6.514406526,56,1,1,1,0,0,1,7.167069556,7.8232975
769,N,N1,MEGA,14w,49.85841059,236,3,0,0,3,1,1,22.85502824,26.01106649
770,N,N1,MEGA,14w,93.82751305,337,4,NA,1,1,1,1,31.79115317,29.19417667
771,N,N1,MEGA,14w,73.74582449,322,1,NA,1,0,0,1,28.89259666,29.18154986
772,N,N1,MESO,14w,341.4302531,311,2,2,1,NA,1,1,47.63705417,45.56321371
773,N,N1,MESO,14w,NA,NA,NA,NA,NA,NA,NA,NA,NA,NA
774,N,N1,MESO,14w,12.19220693,31.4,1,0,0,0,0,1,7.283421564,5.038078943
775,N,N1,MESO,14w,62.49130443,194,NA,NA,NA,NA,NA,NA,23.08405378,NA
776,N,N1,MESO,14w,108.9884465,321,1,0,0,NA,1,1,32.88294603,32.85422266
777,N,N1,MESO,14w,88.78619932,266,2,0,0,0,0,1,28.84009059,37.27140487
778,N,N1,MESO,14w,82.51589454,255,1,0,0,0,0,1,27.74944704,29.42580383
779,N,N1,MESO,14w,74.05055898,303,1,2,1,NA,1,1,28.35087303,12.9816922
780,N,N1,MESO,14w,295.8972658,400,2,2,1,NA,1,1,49.39489279,49.49679058
781,N,N1,MESO,14w,155.039561,400,1,NA,1,NA,NA,1,39.80807856,37.9125564
782,N,N1,MESO,14w,392.3240541,NA,1,1,1,NA,NA,0,NA,NA
783,N,N1,MESO,14w,NA,NA,NA,NA,NA,NA,NA,NA,NA,NA
784,N,N1,MESO,14w,585.7783031,NA,1,0,0,NA,NA,0,NA,NA
785,N,N1,MESO,14w,235.3336426,NA,NA,NA,NA,NA,NA,NA,NA,NA
786,N,N1,MESO,14w,NA,NA,NA,NA,NA,NA,NA,NA,NA,NA
787,N,N1,MESO,14w,NA,NA,NA,NA,NA,NA,NA,NA,NA,NA
788,N,N1,MESO,14w,342.2125882,400,3,NA,1,NA,NA,1,51.85209138,45.81704459
789,N,N1,MESO,14w,66.04326762,400,1,NA,1,NA,1,1,29.93933737,30.41704148
790,N,N1,MESO,14w,32.16990877,51,3,0,0,0,0,1,11.83942391,10.29346674
791,N,N1,MESO,14w,NA,NA,NA,NA,NA,NA,NA,NA,NA,NA
792,N,N1,MESO,14w,NA,NA,NA,NA,NA,NA,NA,NA,NA,28.79088232
793,N,N1,MESO,14w,2.460573906,89,1,0,0,0,0,1,6.044335354,4.743556072
794,N,N1,MESO,14w,60.2695701,348,1,0,0,NA,1,1,27.71958941,22.62988635
795,N,N1,MESO,14w,24.45447137,245,1,0,0,0,0,1,18.24408033,18.3966792
796,N,N1,MESO,14w,120.5681214,378,2,0,0,NA,NA,1,35.9177824,33.77532671
797,N,N1,MESO,14w,98.69635334,400,1,1,1,NA,1,1,34.2365218,31.29750808
798,N,N1,MESO,14w,48.39819832,382,1,0,0,NA,1,1,26.57644947,26.62327839
799,N,N1,MESO,14w,62.07166619,359,1,0,0,0,0,1,28.2859342,25.30399914
800,N,N1,MESO,14w,165.1299639,384,1,0,0,NA,1,1,40.10461843,40.59632921
801,N,N1,MESO,14w,485.0010374,157,NA,NA,NA,NA,NA,NA,42.63148202,43.1746536
802,N,N1,MESO,14w,NA,NA,NA,NA,NA,NA,NA,NA,NA,NA
803,N,N1,MESO,14w,121.5431932,400,1,NA,1,NA,NA,1,36.70112939,NA
804,N,N1p,CONT,14w,NA,NA,NA,NA,NA,NA,NA,NA,NA,NA
805,N,N1p,CONT,14w,NA,NA,NA,NA,NA,NA,NA,NA,NA,NA
806,N,N1p,CONT,14w,148.9216234,48,1,0,0,6,1,1,19.3517262,18.50894715
807,N,N1p,CONT,14w,NA,NA,NA,NA,NA,NA,NA,NA,NA,NA
808,N,N1p,CONT,14w,31.3706876,NA,NA,NA,NA,NA,NA,NA,NA,NA
809,N,N1p,CONT,14w,169.2551892,85,2,0,0,2,1,1,24.44163549,24.75181705
810,N,N1p,CONT,14w,95.20604391,65,3,0,0,5,1,1,18.44224232,22.52726194
811,N,N1p,CONT,14w,77.60016598,43,2,0,0,0,0,1,15.00582446,17.92378963
812,N,N1p,CONT,14w,NA,NA,NA,NA,NA,NA,NA,NA,NA,NA
813,N,N1p,CONT,14w,NA,NA,NA,NA,NA,NA,NA,NA,NA,NA
814,N,N1p,CONT,14w,55.9078614,NA,NA,NA,NA,NA,NA,NA,NA,15.424683
815,N,N1p,CONT,14w,60.08877145,NA,NA,NA,NA,NA,NA,NA,NA,NA
816,N,N1p,CONT,14w,NA,NA,NA,NA,NA,NA,NA,NA,NA,NA
817,N,N1p,CONT,14w,NA,NA,NA,NA,NA,NA,NA,NA,NA,NA
818,N,N1p,CONT,14w,25.51758633,156,1,1,1,0,0,1,15.91635896,16.10302589
819,N,N1p,CONT,14w,7.021538121,5,1,0,0,0,0,1,3.280429365,3.241241737
820,N,N1p,CONT,14w,131.8440043,400,4,NA,1,1,1,1,37.71153594,30.17600376
821,N,N1p,CONT,14w,NA,NA,NA,NA,NA,NA,NA,NA,NA,NA
822,N,N1p,CONT,14w,38.15534964,37.8,1,0,0,NA,NA,NA,11.34081143,NA
823,N,N1p,CONT,14w,11.88472355,64,1,0,0,0,0,1,9.159564656,8.780335276
824,N,N1p,CONT,14w,11.22208312,108.5,1,0,0,0,0,1,10.717452,10.67804602
825,N,N1p,CONT,14w,NA,NA,NA,NA,NA,NA,NA,NA,NA,NA
826,N,N1p,CONT,14w,0.502654825,7.9,NA,0,0,0,0,1,1.584677994,2.055761493
827,N,N1p,CONT,14w,NA,NA,NA,NA,NA,NA,NA,NA,NA,NA
828,N,N1p,CONT,14w,NA,NA,NA,NA,NA,NA,NA,NA,NA,NA
829,N,N1p,CONT,14w,NA,NA,NA,NA,NA,NA,NA,NA,NA,NA
830,N,N1p,CONT,14w,48.64512751,44.3,5,0,0,NA,NA,NA,12.96779002,10.51930355
831,N,N1p,CONT,14w,36.21007547,63.5,2,3,1,0,0,1,13.25156525,12.30534286
832,N,N1p,CONT,14w,22.98711199,50.8,3,0,0,0,0,1,10.56891707,11.04709927
833,N,N1p,CONT,14w,NA,NA,NA,NA,NA,NA,NA,NA,NA,NA
834,N,N1p,CONT,14w,NA,NA,NA,NA,NA,NA,NA,NA,NA,NA
835,N,N1p,CONT,14w,51.40281754,18.5,5,2,1,0,0,1,9.8685806,16.35454807
836,N,N1p,CONT,14w,NA,NA,NA,NA,NA,NA,NA,NA,NA,NA
837,N,N1p,CONT,14w,38.92558962,57.8,1,0,0,0,0,1,13.15574987,14.11611394
838,N,N1p,CONT,14w,NA,NA,NA,NA,NA,NA,NA,NA,NA,NA
839,N,N1p,CONT,14w,NA,NA,NA,NA,NA,NA,NA,NA,NA,NA
840,N,N1p,CONT,14w,NA,NA,NA,NA,NA,NA,NA,NA,NA,NA
841,N,N1p,CONT,14w,NA,NA,NA,NA,NA,NA,NA,NA,NA,NA
842,N,N1p,CONT,14w,NA,NA,NA,NA,NA,NA,NA,NA,NA,NA
843,N,N1p,CONT,14w,NA,NA,NA,NA,NA,NA,NA,NA,NA,NA
844,N,N1p,CONT,14w,NA,NA,NA,NA,NA,NA,NA,NA,NA,NA
845,N,N2,CONT,14w,80.43608167,59,1,0,0,0,0,1,16.87832393,14.52649704
846,N,N2,CONT,14w,2.630219909,22,1,0,0,0,0,1,3.875966784,4.380820398
847,N,N2,CONT,14w,2.717163486,35,1,0,0,0,0,1,4.575244341,3.340324732
848,N,N2,CONT,14w,49.51432765,155,1,0,0,0,0,1,19.81634167,16.41678121
849,N,N2,CONT,14w,70.88218425,125,1,0,0,0,0,1,20.78980803,20.8820761
850,N,N2,CONT,14w,7.450601137,92,1,0,0,0,0,1,8.84684123,7.020391755
851,N,N2,CONT,14w,27.52537819,175,1,1,1,2,1,1,16.96245833,18.13114761
852,N,N2,CONT,14w,NA,NA,NA,NA,NA,NA,NA,NA,NA,NA
853,N,N2,CONT,14w,40.26390809,122,2,0,0,1,1,1,17.07371319,14.85840954
854,N,N2,CONT,14w,5.599024967,96,3,0,0,0,0,1,8.157090878,5.606989839
855,N,N2,CONT,14w,NA,NA,NA,NA,NA,NA,NA,NA,NA,NA
856,N,N2,CONT,14w,NA,NA,NA,NA,NA,NA,NA,NA,NA,NA
857,N,N2,CONT,14w,176.9502848,40,3,0,0,NA,NA,0,19.2880469,14.91639209
858,N,N2,CONT,14w,133.4288592,70.3,2,0,0,0,0,1,21.18926563,16.26555206
859,N,N2,CONT,14w,80.91368229,38,NA,NA,NA,NA,NA,NA,14.60157494,15.5718573
860,N,N2,CONT,14w,85.11210671,11,1,0,0,NA,NA,0,9.817320995,9.499911721
861,N,N2,CONT,14w,NA,NA,NA,NA,NA,NA,NA,NA,NA,NA
862,N,N2,CONT,14w,92.44356295,112,2,0,0,4,1,1,21.89951753,19.47251073
863,N,N2,CONT,14w,NA,NA,NA,NA,NA,NA,NA,NA,NA,NA
864,N,N2,CONT,14w,NA,NA,NA,NA,NA,NA,NA,NA,NA,NA
865,N,N2,CONT,14w,NA,NA,NA,NA,NA,NA,NA,NA,NA,NA
866,N,N2,CONT,14w,NA,NA,NA,NA,NA,NA,NA,NA,NA,NA
867,N,N2,CONT,14w,75.27578011,139,NA,NA,NA,NA,NA,NA,21.97667712,24.91014178
868,N,N2,CONT,14w,NA,NA,NA,NA,NA,NA,NA,NA,NA,NA
869,N,N2,LMH,14w,180.7428154,120,4,0,0,0,0,1,28.03169019,30.23745672
870,N,N2,LMH,14w,7.596449576,21,1,0,0,0,0,1,5.437661099,8.5058583
871,N,N2,LMH,14w,NA,NA,NA,NA,NA,NA,NA,NA,NA,NA
872,N,N2,LMH,14w,11.34114948,115,1,0,0,0,0,1,10.96623378,11.10692418
873,N,N2,LMH,14w,494.8086969,232,1,0,0,0,0,1,48.89337229,50.84797879
874,N,N2,LMH,14w,NA,NA,NA,NA,NA,NA,NA,NA,NA,NA
875,N,N2,LMH,14w,30.48358038,77,1,1,1,2,1,1,13.34308675,15.423156
876,N,N2,LMH,14w,403.6388142,283,4,0,0,NA,NA,0,48.81278299,50.40635749
877,N,N2,LMH,14w,5.853493972,116,NA,NA,NA,NA,NA,NA,8.818961726,NA
878,N,N2,LMH,14w,7.992290251,23,3,0,0,0,0,1,5.701208405,5.605462688
879,N,N2,LMH,14w,9.294087706,96,1,0,0,0,0,1,9.660809971,10.09503662
880,N,N2,LMH,14w,NA,NA,NA,NA,NA,0,0,1,NA,7.069119873
881,N,N2,LMH,14w,NA,NA,NA,NA,NA,NA,NA,NA,NA,NA
882,N,N2,LMH,14w,NA,NA,NA,NA,NA,0,0,1,NA,6.135181577
883,N,N2,LMH,14w,12.59605866,43,1,0,0,1,1,1,8.177932273,7.9913366
884,N,N2,LMH,14w,215.9031277,232,2,2,1,3,1,1,37.06848777,35.75441019
885,N,N2,LMH,14w,199.4623879,288,3,0,0,0,0,1,38.80351524,42.96053761
886,N,N2,LMH,14w,5.027255104,76,1,0,0,0,0,1,7.278566397,6.54933508
887,N,N2,LMH,14w,32.57328927,227,1,2,1,0,0,1,19.57146972,23.09077232
888,N,N2,LMH,14w,19.16654262,138,1,0,0,0,0,1,13.88582753,13.75956249
889,N,N2,LMH,14w,96.59462786,146,1,2,1,NA,NA,1,24.27955776,NA
890,N,N2,LMH,14w,11.46084416,121,1,1,1,NA,NA,NA,11.19318263,NA
891,N,N2,LMH,14w,116.5157025,260,1,5,1,0,0,1,31.33977873,32.1447759
892,N,N2,LMH,14w,105.8654678,249,1,4,1,0,0,1,29.91782909,29.47895621
893,N,N2,LMH,14w,NA,89,1,1,1,0,0,1,NA,NA
894,N,N2,LMH,14w,28.18016464,198,1,5,1,0,0,1,17.81561521,23.9740941
895,N,N2,LMH,14w,NA,223,1,2,1,3,1,1,NA,NA
896,N,N2,LMH,14w,98.87251815,228,1,14,1,0,0,1,28.39535565,29.72637288
897,N,N2,LMH,14w,45.36459792,196.5,1,2,1,4,1,1,20.83192202,23.94358969
898,N,N2,LMH,14w,NA,NA,NA,NA,NA,NA,NA,NA,NA,NA
899,N,N2,LMH,14w,NA,NA,NA,NA,NA,NA,NA,NA,NA,NA
900,N,N2,LMH,14w,NA,NA,NA,NA,NA,NA,NA,NA,NA,NA
901,N,N2,LMH,14w,NA,NA,NA,NA,NA,NA,NA,NA,NA,NA
902,N,N2,MEGA,14w,164.4473743,200,1,0,0,NA,NA,0,32.21172915,34.84022079
903,N,N2,MEGA,14w,6.334707427,48,1,0,0,NA,NA,NA,6.744283535,NA
904,N,N2,MEGA,14w,NA,NA,NA,NA,NA,0,0,NA,NA,8.588006072
905,N,N2,MEGA,14w,145.6948151,400,1,NA,1,NA,1,1,38.99041172,39.21944997
906,N,N2,MEGA,14w,67.05541024,65,4,0,0,0,0,1,16.40558378,15.40529736
907,N,N2,MEGA,14w,61.09800809,86,3,2,1,0,0,1,17.46195942,14.44729844
908,N,N2,MEGA,14w,7.743711732,76,1,0,0,0,0,1,8.407792345,9.905191418
909,N,N2,MEGA,14w,NA,NA,NA,NA,NA,NA,NA,NA,NA,NA
910,N,N2,MEGA,14w,NA,NA,NA,NA,NA,NA,NA,NA,NA,NA
911,N,N2,MEGA,14w,NA,NA,NA,NA,NA,NA,NA,NA,NA,NA
912,N,N2,MEGA,14w,310.6762601,NA,NA,NA,NA,NA,NA,NA,NA,49.90121386
913,N,N2,MEGA,14w,151.3104119,208,1,0,0,0,0,1,31.74163185,32.05588652
914,N,N2,MEGA,14w,93.48445113,208,1,4,1,1,1,1,27.02785875,21.91138586
915,N,N2,MEGA,14w,200.5595892,234,1,15,1,NA,NA,0,36.27112932,31.72758495
916,N,N2,MEGA,14w,90.2567003,242,3,2,1,0,0,1,28.09754451,26.55196855
917,N,N2,MEGA,14w,NA,NA,NA,NA,NA,NA,NA,NA,NA,NA
918,N,N2,MEGA,14w,NA,NA,NA,NA,NA,NA,NA,NA,NA,NA
919,N,N2,MEGA,14w,15.83370551,91.5,1,2,1,0,0,1,11.35788005,11.05044099
920,N,N2,MEGA,14w,3.905706527,48,1,0,0,0,0,1,5.738766752,6.173293284
921,N,N2,MEGA,14w,2.37787148,21,1,0,0,0,0,1,3.689872531,2.891349588
922,N,N2,MEGA,14w,5.107051557,10,2,0,0,0,0,1,3.717667849,3.762511344
923,N,N2,MEGA,14w,6.201582438,43,2,0,0,0,0,1,6.455167255,3.929014327
924,N,N2,MEGA,14w,6.113617844,70,1,0,0,0,0,1,7.559420541,7.378728604
925,N,N2,MEGA,14w,NA,NA,NA,NA,NA,NA,NA,NA,NA,NA
926,N,N2,MEGA,14w,8.24479576,67,1,0,0,0,0,1,8.231868845,9.291370224
927,N,N2,MEGA,14w,4.987592497,60,1,0,0,0,0,1,6.708473703,7.210552881
928,N,N2,MEGA,14w,17.9450914,75,1,1,1,0,0,1,11.08192512,13.3072468
929,N,N2,MEGA,14w,123.7021742,NA,NA,NA,NA,NA,NA,NA,NA,14.02970426
930,N,N2,MEGA,14w,NA,NA,NA,NA,NA,NA,NA,NA,NA,NA
931,N,N2,MEGA,14w,NA,NA,NA,NA,NA,NA,NA,NA,NA,NA
932,N,N2,MEGA,14w,172.0336137,303,1,NA,1,NA,NA,1,37.56500624,17.49452479
933,N,N2,MEGA,14w,49.14087083,245,1,3,1,0,0,1,23.03066061,20.05711755
934,N,N2,MEGA,14w,321.2777216,400,3,NA,1,NA,1,1,50.77076291,49.36907666
935,N,N2,MEGA,14w,24.10512627,305,1,NA,1,NA,NA,1,19.53422063,NA
936,N,N2,MEGA,14w,113.2859096,400,1,NA,1,NA,1,1,35.8491418,33.70426038
937,N,N2,MEGA,14w,7.892387604,110,1,0,0,0,0,1,9.573008574,8.705845034
938,N,N2,MEGA,14w,6.881344548,97,1,NA,NA,0,0,1,8.768747943,7.840816591
939,N,N2,MESO,14w,56.47829609,184,1,2,1,0,0,1,21.92654869,23.50337851
940,N,N2,MESO,14w,55.54971984,205,2,0,0,0,0,1,22.60664956,25.1465333
941,N,N2,MESO,14w,1.697166891,12,1,0,0,0,0,1,2.735121539,2.627604383
942,N,N2,MESO,14w,42.6603935,173,3,0,0,0,0,1,19.55918923,19.62631281
943,N,N2,MESO,14w,11.10364507,78,1,2,1,0,0,1,9.565351614,9.68377686
944,N,N2,MESO,14w,1.517467792,8.5,1,0,0,NA,NA,1,2.348291006,1.859635425
945,N,N2,MESO,14w,48.05521495,158,2,2,1,0,0,1,19.74540682,19.5421863
946,N,N2,MESO,14w,15.97507718,98,1,0,0,0,0,1,11.65564806,11.83877677
947,N,N2,MESO,14w,72.68420179,218,1,0,0,0,0,1,25.24238655,25.83863876
948,N,N2,MESO,14w,309.4645478,251,2,5,1,0,0,1,42.91564595,43.65062504
949,N,N2,MESO,14w,49.8891982,213,1,0,0,0,0,1,22.09043037,22.9512435
950,N,N2,MESO,14w,43.35782707,170,1,1,1,0,0,1,19.5508534,19.94242188
951,N,N2,MESO,14w,NA,NA,NA,NA,NA,NA,NA,NA,NA,NA
952,N,N2,MESO,14w,115.7516672,244,1,0,0,1,1,1,30.61493393,29.86656543
953,N,N2,MESO,14w,NA,NA,NA,NA,NA,NA,NA,NA,NA,NA
954,N,N2,MESO,14w,300.1811415,249,2,2,1,4,1,1,42.36817462,42.31588242
955,N,N2,MESO,14w,28.08615248,181,1,0,0,0,0,1,17.27033183,17.14870316
956,N,N2,MESO,14w,5.68321965,NA,NA,NA,NA,NA,NA,NA,NA,7.406551337
957,N,N2,MESO,14w,NA,NA,NA,NA,NA,NA,NA,NA,NA,NA
958,N,N2,MESO,14w,NA,NA,NA,NA,NA,NA,NA,NA,NA,NA
959,N,N2,MESO,14w,NA,NA,NA,NA,NA,NA,NA,NA,NA,NA
960,N,N2,MESO,14w,NA,NA,NA,NA,NA,NA,NA,NA,NA,NA
961,N,N2,MESO,14w,78.85428976,190,2,5,1,6,1,1,24.77490589,25.01988885
962,N,N2,MESO,14w,82.92500845,202,2,17,1,5,1,1,25.71518471,33.63565257
963,N,N2,MESO,14w,NA,NA,NA,NA,NA,NA,NA,NA,NA,NA
964,N,N2,MESO,14w,48.02898265,161,1,4,1,3,1,1,19.86616593,16.19360226
965,N,N2,MESO,14w,126.2782017,200,1,0,0,5,1,1,29.4932114,29.96090846
966,N,N2,MESO,14w,34.00491304,106,1,2,1,1,1,1,15.39746696,15.76652899
967,N,N2,MESO,14w,21.64753688,65,3,0,0,0,0,1,11.24769341,12.42360739
968,N,N2,MESO,14w,84.78538107,NA,NA,NA,NA,NA,NA,NA,NA,NA
969,N,N2,MESO,14w,NA,NA,NA,NA,NA,NA,NA,NA,NA,NA
970,N,N2,MESO,14w,17.20210473,93,1,0,0,0,0,1,11.74013526,12.41257424
971,N,N2,MESO,14w,67.63723319,186,1,0,0,0,0,1,23.37111957,21.50841266
972,N,N2,MESO,14w,NA,NA,NA,NA,NA,NA,NA,NA,NA,NA
973,N,N2,MESO,14w,36.85284532,185,1,4,1,0,0,1,19.04833554,19.92919747
974,N,N2,MESO,14w,2.573042923,32,1,0,0,0,0,1,4.360334056,2.593703299
975,N,N2,MESO,14w,69.54551511,162,2,2,1,1,1,1,22.5259582,20.82788316
976,N,N2,MESO,14w,37.60989061,184,1,4,1,0,0,1,19.14341517,20.06454284
977,N,N2,MESO,14w,91.43927432,207,1,4,1,0,0,1,26.78586914,27.13078636
978,N,N2,MESO,14w,22.48005893,67,1,0,0,2,1,1,11.50611834,13.27650542
979,N,N2p,CONT,14w,NA,NA,NA,NA,NA,NA,NA,NA,NA,NA
980,N,N2p,CONT,14w,NA,NA,NA,NA,NA,NA,NA,NA,NA,NA
981,N,N2p,CONT,14w,NA,NA,NA,NA,NA,NA,NA,NA,NA,NA
982,N,N2p,CONT,14w,NA,NA,NA,NA,NA,NA,NA,NA,NA,NA
983,N,N2p,CONT,14w,38.48451001,105.6,1,0,0,NA,NA,1,16.02668077,NA
984,N,N2p,CONT,14w,NA,NA,NA,NA,NA,NA,NA,NA,NA,NA
985,N,N2p,CONT,14w,28.4631436,92.8,1,1,1,0,0,1,13.87950954,9.485992626
986,N,N2p,CONT,14w,135.4708945,57.2,2,3,1,0,0,1,19.88011003,18.51232792
987,N,N2p,CONT,14w,NA,NA,NA,NA,NA,NA,NA,NA,NA,NA
988,N,N2p,CONT,14w,16.04599864,20.5,1,0,0,0,0,1,6.923691294,6.761392666
989,N,N2p,CONT,14w,NA,NA,NA,NA,NA,NA,NA,NA,NA,NA
990,N,N2p,CONT,14w,NA,NA,NA,NA,NA,NA,NA,NA,NA,NA
991,N,N2p,CONT,14w,NA,NA,NA,NA,NA,NA,NA,NA,NA,NA
992,N,N2p,CONT,14w,24.71812954,72,1,0,0,0,0,1,12.16535573,14.25570692
993,N,N2p,CONT,14w,46.8084739,38,1,0,0,0,0,1,12.16311133,12.61137644
994,N,N2p,CONT,14w,NA,NA,NA,NA,NA,NA,NA,NA,NA,NA
995,N,N2p,CONT,14w,NA,NA,NA,NA,NA,NA,NA,NA,NA,NA
996,N,N2p,CONT,14w,88.41392059,71,5,1,1,0,0,1,18.53036446,17.86621902
997,N,N2p,CONT,14w,14.11957402,50,1,0,0,NA,NA,1,8.93440544,NA
998,N,N2p,CONT,14w,NA,NA,NA,NA,NA,0,0,NA,NA,8.887639947
999,N,N2p,CONT,14w,26.87828865,14,1,0,0,0,0,1,7.241649198,9.554304722
1000,N,N2p,CONT,14w,58.49402048,97.8,7,0,0,0,0,1,17.96471298,19.27523643
1001,N,N2p,CONT,14w,20.74990532,64,2,0,0,0,0,1,11.03253383,10.3863331
1002,N,N2p,CONT,14w,193.5927933,42,2,0,0,0,0,1,20.20203123,20.35458491
1003,N,N2p,CONT,14w,NA,NA,NA,NA,NA,NA,NA,NA,NA,NA
1004,N,N3,CONT,14w,11.70211848,47,1,1,1,1,1,1,8.219902794,7.310713129
1005,N,N3,CONT,14w,8.042477193,42.1,1,0,0,1,1,1,6.990817094,6.937763667
1006,N,N3,CONT,14w,45.12615104,21.5,1,0,0,0,0,1,9.934862965,8.070060329
1007,N,N3,CONT,14w,14.52201204,93,1,0,0,NA,NA,NA,11.09473467,NA
1008,N,N3,CONT,14w,NA,NA,NA,NA,NA,NA,NA,NA,NA,NA
1009,N,N3,CONT,14w,5.227924335,50,NA,NA,NA,NA,NA,NA,6.412279877,NA
1010,N,N3,CONT,14w,NA,NA,NA,NA,NA,NA,NA,NA,NA,NA
1011,N,N3,CONT,14w,NA,NA,NA,NA,NA,NA,NA,NA,NA,NA
1012,N,N3,CONT,14w,NA,NA,NA,NA,NA,NA,NA,NA,NA,NA
1013,N,N3,CONT,14w,NA,NA,NA,NA,NA,4,1,1,NA,19.88890605
1014,N,N3,CONT,14w,21.64753688,46,1,0,0,0,0,1,10.02153455,10.87330644
1015,N,N3,CONT,14w,NA,NA,NA,NA,NA,NA,NA,NA,NA,NA
1016,N,N3,CONT,14w,73.28990086,83,1,0,0,0,0,1,18.33684713,18.32956569
1017,N,N3,CONT,14w,12.25417484,48,1,0,0,0,0,1,8.406257734,7.318505665
1018,N,N3,CONT,14w,99.40195505,67.5,2,0,0,6,1,1,18.94692642,20.98847073
1019,N,N3,CONT,14w,10.23538741,119,1,0,0,0,0,1,10.71867162,10.39631019
1020,N,N3,CONT,14w,13.39645793,60,1,0,0,0,0,1,9.329919898,9.259816213
1021,N,N3,CONT,14w,NA,NA,NA,NA,NA,NA,NA,NA,NA,NA
1022,N,N3,CONT,14w,104.9810309,101,2,0,0,8,1,1,22.07423755,17.32127256
1023,N,N3,CONT,14w,40.03928421,132,1,0,0,1,1,1,17.49601701,16.90887413
1024,N,N3,CONT,14w,33.1830724,91,1,0,0,7,1,1,14.51375534,14.73080753
1025,N,N3,CONT,14w,89.41671696,67,1,0,0,0,0,1,18.24364781,18.93800712
1026,N,N3,CONT,14w,5.350210829,22,2,0,0,0,0,1,4.912832424,4.641950687
1027,N,N3,CONT,14w,NA,NA,NA,NA,NA,NA,NA,NA,NA,NA
1028,N,N3,CONT,14w,NA,NA,NA,NA,NA,NA,NA,NA,NA,NA
1029,N,N3,CONT,14w,NA,NA,NA,NA,NA,NA,NA,NA,NA,NA
1030,N,N3,CONT,14w,5.47391104,45,NA,NA,NA,NA,NA,NA,6.286411802,NA
1031,N,N3,CONT,14w,NA,NA,NA,NA,NA,NA,NA,NA,NA,NA
1032,N,N3,CONT,14w,49.63912742,55,NA,NA,NA,NA,NA,NA,14.03352747,NA
1033,N,N3,CONT,14w,28.4631436,21,1,0,0,0,0,1,8.451463377,8.503901269
1034,N,N3,CONT,14w,115.561051,110,22,NA,NA,NA,NA,NA,23.45220255,NA
1035,N,N3,CONT,14w,44.65114223,65,1,0,0,0,0,1,14.3229862,NA
1036,N,N3,CONT,14w,25.78689936,46,1,0,0,NA,NA,0,10.62438038,11.17981581
1037,N,N3,CONT,14w,23.58582101,61,1,0,0,0,0,1,11.33151849,8.261303359
1038,N,N3,CONT,14w,31.66921744,40,1,0,0,0,0,1,10.86004883,10.20507255
1039,N,N3,CONT,14w,17.27569654,119,1,0,0,0,0,1,12.76542391,10.43894061
1040,N,N3,CONT,14w,24.6300864,66,1,0,0,1,1,1,11.80298329,11.89229059
1041,N,N3,CONT,14w,34.73227028,96,1,0,0,1,1,1,15.00205637,16.67101161
1042,N,N3,CONT,14w,11.88472355,61,1,0,0,3,1,1,9.013927045,24.28627902
1043,N,N3,CONT,14w,112.3446099,105,NA,NA,NA,NA,NA,NA,22.87420595,NA
1044,N,N3,CONT,14w,15.69296216,64,1,0,0,0,0,1,10.0502224,13.73523069
1045,N,N3,CONT,14w,NA,NA,NA,NA,NA,0,0,1,NA,14.09357891
1046,N,N3,CONT,14w,NA,NA,NA,NA,NA,0,0,1,NA,10.05611305
1047,N,N3,CONT,14w,27.52537819,136,1,4,1,10,1,1,15.59310621,15.46837362
1048,N,N3,CONT,14w,NA,NA,NA,NA,NA,NA,NA,NA,NA,NA
1049,N,N3,CONT,14w,31.86902274,96,1,0,0,NA,NA,0,14.57728767,12.97636901
1050,N,N3,CONT,14w,NA,NA,NA,NA,NA,NA,NA,NA,NA,NA
1051,N,N3,CONT,14w,21.73008223,56,1,0,0,1,1,1,10.71536105,10.27895389
1052,N,N3,CONT,14w,97.11793866,85,1,0,0,11,1,1,20.30447345,19.42864589
1053,N,N3,CONT,14w,NA,NA,NA,NA,NA,11,1,1,NA,22.73196899
1054,N,N3,CONT,14w,125.4827504,72,1,0,0,1,1,1,20.92560316,19.06318641
1055,N,N3,CONT,14w,NA,NA,NA,NA,NA,NA,NA,NA,NA,NA
1056,N,N3,LMH,14w,13.65721012,58.8,1,1,1,2,1,1,9.327037769,9.582843229
1057,N,N3,LMH,14w,53.71565805,88.4,1,21,1,33,1,1,16.88157111,16.82786465
1058,N,N3,LMH,14w,140.6868808,176.8,5,10,1,7,1,1,29.34344788,25.46193544
1059,N,N3,LMH,14w,NA,NA,NA,NA,NA,NA,NA,NA,NA,NA
1060,N,N3,LMH,14w,99.22531901,88.8,3,0,0,NA,NA,0,20.75130232,13.88004807
1061,N,N3,LMH,14w,NA,NA,NA,NA,NA,NA,NA,NA,NA,NA
1062,N,N3,LMH,14w,NA,NA,NA,NA,NA,5,1,NA,NA,8.632848028
1063,N,N3,LMH,14w,176.5019795,115.8,7,80,1,113,1,1,27.48155339,24.88145526
1064,N,N3,LMH,14w,NA,NA,NA,NA,NA,NA,NA,NA,NA,NA
1065,N,N3,LMH,14w,51.27581865,166,1,2,1,0,0,1,20.51316586,21.16862467
1066,N,N3,LMH,14w,176.7145868,252,1,8,1,13,1,1,35.64132843,35.95793135
1067,N,N3,LMH,14w,NA,NA,NA,NA,NA,NA,NA,NA,NA,NA
1068,N,N3,LMH,14w,49.51432765,239.5,1,10,1,22,1,1,22.91459388,23.00954776
1069,N,N3,LMH,14w,9.56622817,94.5,1,3,1,NA,NA,1,9.703192701,NA
1070,N,N3,LMH,14w,NA,NA,NA,NA,NA,NA,NA,NA,NA,NA
1071,N,N3,LMH,14w,156.8101626,282,1,NA,NA,NA,NA,1,35.55787251,33.61039495
1072,N,N3,LMH,14w,52.04016815,152.1,2,1,1,NA,NA,0,20.02160237,NA
1073,N,N3,LMH,14w,22.57627021,129.7,2,1,1,0,0,1,14.36539712,10.79979335
1074,N,N3,LMH,14w,38.15534964,177.5,1,3,1,3,1,1,19.0060802,19.16882282
1075,N,N3,LMH,14w,NA,NA,NA,NA,NA,NA,NA,NA,NA,NA
1076,N,N3,LMH,14w,NA,NA,NA,NA,NA,NA,NA,NA,NA,NA
1077,N,N3,LMH,14w,12.00724566,111.2,1,1,1,1,1,1,11.05249966,11.37600878
1078,N,N3,LMH,14w,7.743711732,135.3,1,1,1,0,0,1,10.19308928,10.56500594
1079,N,N3,LMH,14w,NA,NA,NA,NA,NA,NA,NA,NA,NA,NA
1080,N,N3,LMH,14w,NA,NA,NA,NA,NA,NA,NA,NA,NA,NA
1081,N,N3,LMH,14w,23.32828895,133.8,1,3,1,NA,NA,1,14.67509366,NA
1082,N,N3,LMH,14w,14.32008617,120.8,3,0,0,NA,NA,1,12.0505428,NA
1083,N,N3,LMH,14w,17.20210473,50.4,3,0,0,0,0,1,9.568675395,9.970537095
1084,N,N3,LMH,14w,13.98668465,162,1,0,0,0,0,1,13.18680068,7.83976892
1085,N,N3,LMH,14w,36.85284532,174.5,1,0,0,0,0,1,18.68035762,12.10322471
1086,N,N3,LMH,14w,12.19220693,141.1,NA,NA,NA,NA,NA,NA,12.02830121,NA
1087,N,N3,LMH,14w,55.94673861,185.6,1,0,0,NA,NA,NA,21.92070638,NA
1088,N,N3,LMH,14w,12.00724566,106.8,1,0,0,0,0,1,10.90453023,11.47824911
1089,N,N3,LMH,14w,NA,NA,NA,NA,NA,NA,NA,NA,NA,NA
1090,N,N3,LMH,14w,11.04466167,83,1,1,1,0,0,1,9.748484394,9.686711026
1091,N,N3,LMH,14w,2.805520779,36.2,1,0,0,0,0,1,4.676724121,4.87456043
1092,N,N3,LMH,14w,NA,NA,NA,NA,NA,NA,NA,NA,NA,NA
1093,N,N3,LMH,14w,NA,NA,NA,NA,NA,1,1,NA,NA,3.38468408
1094,N,N3,LMH,14w,11.28153776,85.3,1,4,1,2,1,1,9.907792704,10.26507656
1095,N,N3,LMH,14w,246.0573906,163.5,NA,NA,NA,NA,NA,NA,34.45282868,NA
1096,N,N3,LMH,14w,63.33482206,115.7,2,4,1,11,1,1,19.51270913,19.83808182
1097,N,N3,LMH,14w,141.0260942,184,1,28,1,15,1,1,29.76101673,29.57484064
1098,N,N3,LMH,14w,60.82123377,242,1,3,1,3,1,1,24.62853593,20.35206714
1099,N,N3,LMH,14w,73.44171832,243,1,14,1,19,1,1,26.26482831,27.88889235
1100,N,N3,LMH,14w,NA,NA,NA,NA,NA,NA,NA,NA,NA,NA
1101,N,N3,MEGA,14w,4.637697615,37.5,1,0,0,0,0,1,5.596708867,7.09607325
1102,N,N3,MEGA,14w,NA,NA,NA,NA,NA,NA,NA,NA,NA,NA
1103,N,N3,MEGA,14w,12.5036173,136.9,1,1,1,NA,NA,0,12.00825137,NA
1104,N,N3,MEGA,14w,10.23538741,93,1,0,0,0,0,1,9.871832406,9.90539426
1105,N,N3,MEGA,14w,2.925529619,23.3,1,0,0,0,0,1,4.09385019,4.205726254
1106,N,N3,MEGA,14w,2.269800692,26.6,1,0,0,NA,NA,1,3.93134447,NA
1107,N,N3,MEGA,14w,NA,NA,NA,NA,NA,NA,NA,NA,NA,NA
1108,N,N3,MEGA,14w,NA,NA,NA,NA,NA,NA,NA,NA,NA,NA
1109,N,N3,MEGA,14w,6.650830187,19.4,2,0,0,0,0,1,5.065789977,5.37275393
1110,N,N3,MEGA,14w,NA,NA,NA,NA,NA,NA,NA,NA,NA,NA
1111,N,N3,MEGA,14w,NA,NA,NA,NA,NA,NA,NA,NA,NA,NA
1112,N,N3,MEGA,14w,3.36535259,61.3,1,0,0,0,0,1,5.925023246,6.325302615
1113,N,N3,MEGA,14w,160.0394057,332.3,3,NA,1,NA,NA,1,37.81711499,32.25519587
1114,N,N3,MEGA,14w,5.515458602,14,1,0,0,0,0,1,4.267854513,4.7283572
1115,N,N3,MEGA,14w,37.28450015,165,NA,NA,NA,0,0,1,18.40590598,19.53156038
1116,N,N3,MEGA,14w,5.227924335,28.4,2,0,0,0,0,1,5.308868358,NA
1117,N,N3,MEGA,14w,1.862650284,17.1,1,0,0,0,0,1,3.175537823,3.265393592
1118,N,N3,MEGA,14w,25.07187287,113.2,2,2,1,0,0,1,14.21644442,8.247774333
1119,N,N3,MEGA,14w,40.12528531,NA,3,NA,NA,NA,1,1,NA,NA
1120,N,N3,MEGA,14w,50.06394929,NA,3,NA,1,NA,1,1,NA,NA
1121,N,N3,MEGA,14w,NA,NA,NA,NA,NA,NA,NA,NA,NA,NA
1122,N,N3,MEGA,14w,105.1372466,242,1,NA,1,NA,1,1,29.56615939,26.78949972
1123,N,N3,MEGA,14w,195.8186902,221,2,0,0,5,1,1,35.30248703,37.98804028
1124,N,N3,MEGA,14w,42.6603935,172,1,2,1,21,1,1,19.52137175,18.16541313
1125,N,N3,MEGA,14w,NA,NA,NA,NA,NA,NA,NA,NA,NA,NA
1126,N,N3,MEGA,14w,1.583676857,17,1,0,0,0,0,1,3.002218804,3.760999369
1127,N,N3,MEGA,14w,NA,NA,NA,NA,NA,NA,NA,NA,NA,NA
1128,N,N3,MEGA,14w,0.650388219,7,1,0,0,0,0,1,1.658681059,1.658681059
1129,N,N3,MEGA,14w,73.99895832,283,4,NA,NA,NA,NA,1,27.7054166,30.48970357
1130,N,N3,MEGA,14w,1.790786352,5.5,1,0,0,0,0,1,2.146088149,2.727302969
1131,N,N3,MEGA,14w,18.55079046,24.5,1,0,0,NA,NA,0,7.712811228,NA
1132,N,N3,MEGA,14w,16.54684705,29,2,0,0,0,0,1,7.853919423,7.447961483
1133,N,N3,MEGA,14w,24.12719596,41,3,0,0,NA,NA,1,9.999406149,9.36088703
1134,N,N3,MEGA,14w,27.1616603,34,3,0,0,0,0,1,9.772529569,7.416662832
1135,N,N3,MEGA,14w,18.55079046,262.5,1,0,0,0,0,1,17.02412064,7.55183471
1136,N,N3,MEGA,14w,2.499215496,31,3,0,0,0,0,1,4.272633107,5.410407413
1137,N,N3,MEGA,14w,18.23749513,18,4,0,0,0,0,1,6.918993692,6.235125682
1138,N,N3,MEGA,14w,15.55284713,46.3,2,0,0,0,0,1,8.993661158,9.88084207
1139,N,N3,MEGA,14w,23.9313962,8,1,0,0,0,0,1,5.779128255,5.83585715
1140,N,N3,MEGA,14w,19.89649167,54,3,0,0,1,1,1,10.27903998,11.44031935
1141,N,N3,MESO,14w,56.18267222,125,3,0,0,0,0,1,19.23771783,20.38563544
1142,N,N3,MESO,14w,20.26829916,32.4,1,0,0,2,1,1,8.721135384,8.655614656
1143,N,N3,MESO,14w,6.201582438,16,1,0,0,0,0,1,4.640556097,5.487142321
1144,N,N3,MESO,14w,70.73303714,31,1,0,0,2,1,1,13.04318035,7.362046085
1145,N,N3,MESO,14w,14.99867019,26.5,1,0,0,1,1,1,7.375181766,8.568898071
1146,N,N3,MESO,14w,9.34820164,35,1,0,0,0,0,1,6.911330565,7.181450789
1147,N,N3,MESO,14w,16.85150299,32,2,0,0,0,0,1,8.165905555,8.571459512
1148,N,N3,MESO,14w,25.43315603,41,3,0,0,2,1,1,10.17693836,9.873523221
1149,N,N3,MESO,14w,22.82445603,90,2,1,1,1,1,1,12.76209203,13.02227778
1150,N,N3,MESO,14w,32.73869412,100,4,0,0,2,1,1,14.91073372,14.15918888
1151,N,N3,MESO,14w,60.2695701,190,1,0,0,0,0,0,22.64867332,12.54372554
1152,N,N3,MESO,14w,NA,NA,NA,NA,NA,NA,NA,NA,NA,NA
1153,N,N3,MESO,14w,6.379396582,86,1,2,1,1,1,1,8.213054235,8.791336709
1154,N,N3,MESO,14w,13.65721012,85.9,1,0,0,0,0,1,10.58523576,9.514325611
1155,N,N3,MESO,14w,20.26829916,99,1,0,0,0,0,1,12.66251009,13.17311585
1156,N,N3,MESO,14w,21.07411768,160,1,4,1,1,1,1,15.05826585,15.40551331
1157,N,N3,MESO,14w,51.91238387,183,3,0,0,0,0,1,21.27931959,21.62284053
1158,N,N3,MESO,14w,66.67669124,NA,NA,NA,NA,NA,NA,NA,NA,NA
1159,N,N3,MESO,14w,33.1830724,123,1,1,1,10,1,1,16.04975819,17.32291279
1160,N,N3,MESO,14w,59.42416752,127,2,2,1,4,1,1,19.70551556,20.84518595
1161,N,N3,MESO,14w,122.3260781,NA,2,NA,1,NA,NA,1,NA,NA
1162,N,N3,MESO,14w,15.41336042,160,1,1,1,10,1,1,13.56503475,13.70340809
1163,N,N3,MESO,14w,74.05055898,312,1,NA,1,NA,NA,1,28.62927245,NA
1164,N,N3,MESO,14w,41.05503966,180,1,7,1,11,1,1,19.56773154,19.02455024
1165,N,N3,MESO,14w,77.75638167,238,2,NA,1,NA,NA,1,26.58504038,27.76978102
1166,N,N3,MESO,14w,34.10834998,224,1,NA,1,NA,NA,1,19.78660069,NA
1167,N,N3,MESO,14w,66.04326762,322,1,8,1,NA,1,1,27.84788725,28.08808675
1168,N,N3,MESO,14w,74.66191291,215,1,6,1,5,1,1,25.3520844,24.30470142
1169,N,N3,MESO,14w,164.2201586,212,NA,NA,NA,NA,NA,NA,32.82932121,NA
1170,S,S1,CONT,14w,NA,NA,NA,NA,NA,NA,NA,1,NA,NA
1171,S,S1,CONT,14w,NA,NA,NA,NA,NA,NA,NA,NA,NA,NA
1172,S,S1,CONT,14w,NA,NA,NA,NA,NA,NA,NA,NA,NA,NA
1173,S,S1,CONT,14w,34.00491304,97,1,0,0,0,0,1,14.9480557,14.75867222
1174,S,S1,CONT,14w,NA,NA,NA,NA,NA,0,0,NA,NA,11.04190545
1175,S,S1,CONT,14w,NA,NA,NA,NA,NA,NA,NA,NA,NA,NA
1176,S,S1,CONT,14w,9.294087706,29,1,0,0,0,0,1,6.478201971,6.766393676
1177,S,S1,CONT,14w,60.4072504,NA,NA,NA,NA,NA,NA,NA,NA,NA
1178,S,S1,CONT,14w,24.10512627,90,1,0,0,NA,NA,0,12.99681942,10.89240081
1179,S,S1,CONT,14w,23.9313962,96,1,1,1,0,0,1,13.24785899,14.07211634
1180,S,S1,CONT,14w,35.46732442,54,1,0,0,0,0,1,12.46711423,11.53145776
1181,S,S1,CONT,14w,17.49741444,NA,NA,NA,NA,NA,NA,NA,NA,4.071484074
1182,S,S1,CONT,14w,NA,NA,NA,NA,NA,NA,NA,NA,NA,NA
1183,S,S1,CONT,14w,8.552985999,118,1,0,0,0,0,1,10.06657464,8.425419725
1184,S,S1,CONT,14w,11.40091828,106,1,3,1,0,0,1,10.69064794,10.92011809
1185,S,S1,CONT,14w,9.402472653,105,1,0,0,0,0,1,9.99280292,9.953776263
1186,S,S1,CONT,14w,27.43246559,63,1,0,0,0,0,1,12.04677157,13.49300121
1187,S,S1,CONT,14w,5.187476329,47.5,1,0,0,0,0,1,6.287085912,6.886247727
1188,S,S1,CONT,14w,NA,NA,NA,NA,NA,NA,NA,NA,NA,NA
1189,S,S1,CONT,14w,17.57163457,43,2,1,1,0,0,1,9.139249434,8.753273985
1190,S,S1,CONT,14w,20.66924493,39,2,0,0,0,0,1,9.338874797,7.167217911
1191,S,S1,CONT,14w,NA,NA,NA,NA,NA,NA,NA,NA,NA,NA
1192,S,S1,CONT,14w,10.06597702,60,1,0,0,0,0,1,8.48078223,8.599078153
1193,S,S1,CONT,14w,24.10512627,102,2,0,0,NA,NA,0,13.55140501,10.75890113
1194,S,S1,CONT,14w,3.976078202,35,1,0,0,0,0,1,5.195323182,4.673268103
1195,S,S1,CONT,14w,18.55079046,228,1,0,0,NA,NA,0,16.24183114,15.98887041
1196,S,S1,CONT,14w,4.047078196,8,1,0,0,NA,NA,0,3.19292709,2.796754408
1197,S,S1,CONT,14w,20.83072279,24,2,0,0,0,0,1,7.962138505,7.971898255
1198,S,S1,CONT,14w,94.17120329,33,2,0,0,0,0,1,14.65359729,14.6307182
1199,S,S1,CONT,14w,29.70572204,125,1,9,1,0,0,1,15.55094538,14.53153169
1200,S,S1,CONT,14w,34.62789086,42,2,0,0,0,0,1,11.37248477,11.4958884
1201,S,S1,CONT,14w,10.92716611,78,2,0,0,0,0,1,9.514325611,9.842943597
1202,S,S1,LMH,14w,135.2239653,230,2,7,1,NA,NA,0,31.61620315,NA
1203,S,S1,LMH,14w,149.1380006,232,2,17,1,0,0,1,32.76160549,32.96617247
1204,S,S1,LMH,14w,116.1333707,378,1,NA,1,6,1,1,35.47120738,37.58480363
1205,S,S1,LMH,14w,148.9216234,265,1,6,1,1,1,1,34.23237794,36.51731099
1206,S,S1,LMH,14w,227.4353645,400,3,NA,1,0,0,1,45.24064823,NA
1207,S,S1,LMH,14w,260.6745929,269,2,NA,1,0,0,1,41.474536,41.36996509
1208,S,S1,LMH,14w,152.1837747,233.5,1,9,1,0,0,1,33.05451506,33.69528458
1209,S,S1,LMH,14w,45.12615104,400,4,NA,1,0,0,1,26.36474079,28.72806962
1210,S,S1,LMH,14w,450.4329153,400,4,NA,1,NA,NA,0,56.8336877,NA
1211,S,S1,LMH,14w,380.3252907,400,3,NA,1,NA,NA,1,53.71261851,52.39798175
1212,S,S1,LMH,14w,165.8139671,400,1,NA,1,0,0,1,40.71106369,41.21463207
1213,S,S1,LMH,14w,170.641574,400,1,NA,1,NA,1,1,41.10299363,42.13918323
1214,S,S1,LMH,14w,183.1335674,400,1,NA,1,NA,1,1,42.08399615,42.65254156
1215,S,S1,LMH,14w,242.7323289,400,1,NA,1,NA,NA,0,46.23454631,45.63556694
1216,S,S1,LMH,14w,142.2918419,400,1,NA,1,NA,1,1,38.68398135,40.01590655
1217,S,S1,LMH,14w,712.5245236,400,NA,NA,NA,NA,NA,NA,66.23665635,48.62729107
1218,S,S1,LMH,14w,906.9643688,400,6,NA,1,NA,NA,1,71.7930747,72.27691335
1219,S,S1,LMH,14w,425.653132,400,1,NA,1,NA,1,1,55.77014077,49.27587964
1220,S,S1,LMH,14w,37.06835858,159,1,4,1,8,1,1,18.14444446,16.61611311
1221,S,S1,LMH,14w,62.49130443,NA,NA,NA,NA,NA,NA,NA,NA,NA
1222,S,S1,LMH,14w,NA,NA,NA,NA,NA,NA,NA,NA,NA,NA
1223,S,S1,LMH,14w,NA,NA,NA,NA,NA,0,0,NA,NA,3.887512244
1224,S,S1,LMH,14w,NA,NA,NA,NA,NA,0,0,NA,NA,3.667345764
1225,S,S1,LMH,14w,424.5567947,142,3,9,1,NA,NA,0,39.43411448,46.03803005
1226,S,S1,LMH,14w,150.4395624,156,3,2,1,15,1,1,28.77939943,30.0546127
1227,S,S1,LMH,14w,161.6299155,338,3,NA,1,NA,1,1,38.15822288,38.49367755
1228,S,S1,LMH,14w,61.65344167,147,1,2,1,4,1,1,20.94746129,20.19741776
1229,S,S1,LMH,14w,NA,NA,NA,NA,NA,0,0,NA,NA,4.667493077
1230,S,S1,LMH,14w,56.3451711,157,1,2,1,6,1,1,20.77877177,20.44549226
1231,S,S1,LMH,14w,170.1788174,107.5,3,1,1,NA,NA,0,26.48307452,25.98780763
1232,S,S1,LMH,14w,150.6570392,NA,NA,NA,NA,NA,NA,NA,NA,NA
1233,S,S1,LMH,14w,128.0771562,181,1,6,1,0,0,1,28.661583,28.73242268
1234,S,S1,LMH,14w,NA,NA,NA,NA,NA,0,0,1,NA,3.516375797
1235,S,S1,LMH,14w,6.742564693,29,1,0,0,0,0,1,5.819987999,7.439913964
1236,S,S1,LMH,14w,1.112202339,7,1,0,0,0,0,1,1.984053479,1.988543044
1237,S,S1,LMH,14w,12.25417484,41,1,0,0,0,0,1,7.975323108,8.186828669
1238,S,S1,LMH,14w,250.860336,NA,NA,NA,NA,NA,NA,NA,NA,NA
1239,S,S1,LMH,14w,286.2211604,NA,NA,NA,NA,NA,NA,NA,NA,47.87080443
1240,S,S1,LMH,14w,381.8625505,242,1,0,0,NA,NA,0,45.47790771,38.82437778
1241,S,S1,MEGA,14w,82.67697971,305,1,0,0,0,0,1,29.47793582,28.08230995
1242,S,S1,MEGA,14w,81.71282492,279,2,2,1,NA,NA,0,28.50216339,27.54743808
1243,S,S1,MEGA,14w,NA,NA,NA,NA,NA,NA,NA,NA,NA,NA
1244,S,S1,MEGA,14w,176.0084353,254,1,0,0,0,0,1,35.68777802,29.08195637
1245,S,S1,MEGA,14w,20.34817416,131,1,0,0,2,1,1,13.92188786,13.44704529
1246,S,S1,MEGA,14w,NA,NA,NA,NA,NA,NA,NA,NA,NA,NA
1247,S,S1,MEGA,14w,22.98711199,NA,NA,NA,NA,NA,NA,NA,NA,14.89052441
1248,S,S1,MEGA,14w,53.84564145,400,1,NA,1,6,1,1,27.96643709,28.3485264
1249,S,S1,MEGA,14w,72.081016,NA,NA,NA,NA,NA,NA,NA,NA,26.26400935
1250,S,S1,MEGA,14w,56.61157816,317,1,NA,1,0,0,1,26.31364138,25.71267903
1251,S,S1,MEGA,14w,17.05539236,NA,2,0,0,0,0,1,NA,7.973007021
1252,S,S1,MEGA,14w,NA,NA,NA,NA,NA,NA,NA,NA,NA,NA
1253,S,S1,MEGA,14w,NA,NA,NA,NA,NA,NA,NA,NA,NA,NA
1254,S,S1,MEGA,14w,16.11707717,32,2,0,0,0,0,1,8.045324983,8.159453816
1255,S,S1,MEGA,14w,2.83528737,14,1,0,0,0,0,1,3.417688385,3.102457953
1256,S,S1,MEGA,14w,59.44678699,68,2,0,0,0,0,1,15.9982152,14.04249798
1257,S,S1,MEGA,14w,NA,NA,NA,NA,NA,NA,NA,NA,NA,NA
1258,S,S1,MEGA,14w,84.08072184,115,2,0,0,NA,NA,0,21.4051904,17.93566524
1259,S,S1,MEGA,14w,NA,NA,NA,NA,NA,NA,NA,NA,NA,NA
1260,S,S1,MEGA,14w,NA,NA,NA,NA,NA,NA,NA,NA,NA,NA
1261,S,S1,MEGA,14w,NA,NA,NA,NA,NA,NA,NA,NA,NA,NA
1262,S,S1,MEGA,14w,NA,NA,NA,NA,NA,NA,NA,NA,NA,NA
1263,S,S1,MEGA,14w,NA,NA,NA,NA,NA,NA,NA,1,NA,NA
1264,S,S1,MEGA,14w,NA,NA,NA,NA,NA,NA,NA,NA,NA,NA
1265,S,S1,MEGA,14w,NA,NA,NA,NA,NA,NA,NA,NA,NA,NA
1266,S,S1,MEGA,14w,NA,NA,NA,NA,NA,NA,NA,NA,NA,6.373885457
1267,S,S1,MEGA,14w,NA,NA,NA,NA,NA,NA,NA,NA,NA,9.262923073
1268,S,S1,MEGA,14w,NA,NA,NA,NA,NA,NA,NA,NA,NA,13.13342787
1269,S,S1,MEGA,14w,NA,NA,NA,NA,NA,NA,NA,NA,NA,NA
1270,S,S1,MEGA,14w,NA,NA,NA,NA,NA,NA,NA,NA,NA,NA
1271,S,S1,MESO,14w,NA,NA,NA,NA,NA,NA,NA,NA,NA,NA
1272,S,S1,MESO,14w,52.29620795,356,1,NA,1,NA,1,1,26.63837533,27.12146607
1273,S,S1,MESO,14w,0.833228912,6,1,0,0,0,0,1,1.711323555,2.690931283
1274,S,S1,MESO,14w,1.697166891,12,1,0,0,0,0,1,2.735121539,3.068837235
1275,S,S1,MESO,14w,87.91464298,254,1,3,1,12,1,1,28.3056645,27.93289979
1276,S,S1,MESO,14w,84.78538107,343,1,NA,1,NA,1,1,30.9152344,30.49715379
1277,S,S1,MESO,14w,47.90622491,225,1,7,1,22,1,1,22.19576647,24.61452901
1278,S,S1,MESO,14w,89.92023573,187,3,1,1,0,0,1,25.74806251,18.6275335
1279,S,S1,MESO,14w,113.6635291,223,2,NA,1,NA,1,1,29.5287736,32.07729734
1280,S,S1,MESO,14w,42.77623973,238,1,NA,1,2,1,1,21.77671651,18.27535464
1281,S,S1,MESO,14w,90.9315144,242,1,NA,1,NA,NA,1,28.16750366,28.17820291
1282,S,S1,MESO,14w,78.22597123,NA,NA,NA,NA,NA,NA,NA,NA,NA
1283,S,S1,MESO,14w,64.61070137,179,1,0,0,1,1,1,22.723763,21.21880372
1284,S,S1,MESO,14w,36.63796038,255,1,0,0,NA,1,1,21.1610462,20.73420163
1285,S,S1,MESO,14w,125.8801619,225,2,0,0,NA,1,1,30.64372338,29.16197449
1286,S,S1,MESO,14w,28.4631436,223,1,1,1,NA,1,1,18.59898951,22.16756937
1287,S,S1,MESO,14w,NA,NA,NA,NA,NA,NA,NA,NA,NA,NA
1288,S,S1,MESO,14w,77.68569584,322,2,8,1,5,1,1,29.39901419,23.00134875
1289,S,S1,MESO,14w,124.0967583,260,2,2,1,NA,1,1,32.00629204,31.39623324
1290,S,S1,MESO,14w,43.29570208,101,NA,NA,NA,NA,NA,NA,16.42348861,24.25479361
1291,S,S1,MESO,14w,150.4395624,234,2,NA,1,NA,1,1,32.9510746,33.80694172
1292,S,S1,MESO,14w,37.06835858,307,1,NA,1,NA,1,1,22.60154093,19.18595228
1293,S,S1,MESO,14w,71.33056806,374,1,4,1,NA,NA,1,30.03751216,35.27656504
1294,S,S1,MESO,14w,NA,NA,NA,NA,NA,NA,NA,NA,NA,NA
1295,S,S1,MESO,14w,8.24479576,111,1,0,0,0,0,1,9.74303321,10.34402204
1296,S,S1p,CONT,14w,10.75210086,49.5,2,0,0,0,0,1,8.130265395,8.929972672
1297,S,S1p,CONT,14w,59.31020625,166.5,2,0,0,0,0,1,21.55626984,21.95752783
1298,S,S1p,CONT,14w,6.334707427,82,1,0,0,0,0,1,8.064545723,8.020919273
1299,S,S1p,CONT,14w,7.942260388,27,1,0,0,0,0,1,6.002115384,6.401822284
1300,S,S1p,CONT,14w,7.992290251,102.5,1,0,0,0,0,1,9.389305336,4.074118819
1301,S,S1p,CONT,14w,37.28450015,39.5,1,0,0,0,0,1,11.42023051,11.43492428
1302,S,S1p,CONT,14w,16.76385256,29,2,0,0,0,0,1,7.888157101,7.490194942
1303,S,S1p,CONT,14w,10.00982105,57,1,0,0,0,0,1,8.321235971,7.265245228
1304,S,S1p,CONT,14w,4.637697615,27,2,0,0,0,0,1,5.015374197,3.646817843
1305,S,S1p,CONT,14w,NA,NA,NA,NA,NA,0,0,1,NA,6.441507377
1306,S,S1p,CONT,14w,1164.156428,98.4,2,1,1,0,0,1,48.85884867,10.59465169
1307,S,S1p,CONT,14w,14.93010493,5.9,3,1,1,0,0,1,4.459719007,7.314397049
1308,S,S1p,CONT,14w,63.47595811,104.5,2,0,0,1,1,1,18.8746319,18.12284041
1309,S,S1p,CONT,14w,9.676183913,37.5,4,0,0,0,0,1,7.154257799,6.355040488
1310,S,S1p,CONT,14w,NA,NA,NA,NA,NA,NA,NA,NA,NA,NA
1311,S,S1p,CONT,14w,45.72344634,185,1,2,1,0,0,1,20.47047686,12.89166772
1312,S,S1p,CONT,14w,67.49154184,128,1,0,0,NA,NA,0,20.61494688,NA
1313,S,S1p,CONT,14w,3.63050301,18.6,1,0,0,0,0,1,4.081028405,3.973673244
1314,S,S1p,CONT,14w,NA,NA,NA,NA,NA,NA,NA,NA,NA,NA
1315,S,S1p,CONT,14w,1.697166891,13.4,1,0,0,NA,NA,0,2.837761224,2.472580874
1316,S,S1p,CONT,14w,24.98320142,142.6,1,2,1,0,0,1,15.33745693,14.35682403
1317,S,S1p,CONT,14w,NA,NA,NA,NA,NA,NA,NA,NA,NA,NA
1318,S,S1p,CONT,14w,11.28153776,87.4,2,1,1,1,1,1,9.988566298,7.430355292
1319,S,S1p,CONT,14w,NA,NA,NA,NA,NA,NA,NA,NA,NA,NA
1320,S,S1p,CONT,14w,15.48302523,53.4,1,0,0,0,0,1,9.418234809,9.346802859
1321,S,S1p,CONT,14w,61.51434765,179.4,2,4,1,2,1,1,22.37090474,16.23266983
1322,S,S1p,CONT,14w,36.63796038,171.3,1,2,1,0,0,1,18.52907756,16.23125445
1323,S,S1p,CONT,14w,2.805520779,49.5,1,0,0,0,0,1,5.191713019,6.336167666
1324,S,S1p,CONT,14w,11.94590607,197.4,1,0,0,0,0,1,13.36371464,14.04983371
1325,S,S1p,CONT,14w,15.34385268,112.8,1,0,0,0,0,1,12.05268242,11.37234043
1326,S,S1p,CONT,14w,35.04635101,66.8,2,1,1,0,0,1,13.33142518,12.54238464
1327,S,S1p,CONT,14w,2.29658277,30.7,1,0,0,0,0,1,4.140246404,4.316288307
1328,S,S1p,CONT,14w,4.584997398,56.5,1,0,0,0,0,1,6.393026941,3.867782642
1329,S,S1p,CONT,14w,8.449627601,40.5,1,0,0,0,0,1,7.015692422,9.546422128
1330,S,S1p,CONT,14w,NA,NA,NA,NA,NA,NA,NA,NA,NA,NA
1331,S,S2,CONT,14w,NA,NA,NA,NA,NA,NA,NA,NA,NA,NA
1332,S,S2,CONT,14w,NA,NA,NA,NA,NA,NA,NA,NA,NA,NA
1333,S,S2,CONT,14w,30.87627946,107,1,3,1,0,0,1,14.95604783,15.99566422
1334,S,S2,CONT,14w,129.2835277,53.5,NA,NA,NA,NA,NA,NA,19.14013504,NA
1335,S,S2,CONT,14w,55.77434372,200,2,NA,NA,0,0,1,22.4512825,20.46005564
1336,S,S2,CONT,14w,82.48542109,200,2,NA,NA,NA,1,1,25.58446442,37.16623075
1337,S,S2,CONT,14w,122.078285,166,NA,NA,NA,NA,NA,NA,27.40325509,22.80616134
1338,S,S2,CONT,14w,NA,NA,NA,NA,NA,NA,NA,NA,NA,NA
1339,S,S2,CONT,14w,NA,NA,NA,NA,NA,NA,NA,NA,NA,NA
1340,S,S2,CONT,14w,13.01004204,67,1,0,0,NA,NA,0,9.585913118,8.45095877
1341,S,S2,CONT,14w,NA,NA,NA,NA,NA,NA,NA,NA,NA,NA
1342,S,S2,CONT,14w,0.650388219,7,1,0,0,0,0,1,1.658681059,1.920295467
1343,S,S2,CONT,14w,5.309291585,27,NA,NA,NA,NA,NA,NA,5.247007275,NA
1344,S,S2,CONT,14w,9.132688384,49,NA,NA,NA,NA,NA,NA,7.672990069,NA
1345,S,S2,CONT,14w,4.300526183,99,1,0,0,NA,NA,NA,7.546417692,NA
1346,S,S2,CONT,14w,NA,NA,NA,NA,NA,NA,NA,NA,NA,NA
1347,S,S2,CONT,14w,NA,NA,NA,NA,NA,NA,NA,NA,NA,NA
1348,S,S2,CONT,14w,30.67961576,57,1,0,0,0,0,1,12.09427317,9.08670646
1349,S,S2,CONT,14w,21.40084332,96,1,0,0,0,0,1,12.76267258,9.492673829
1350,S,S2,CONT,14w,7.021538121,87,1,0,0,0,0,1,8.51307714,9.149709263
1351,S,S2,CONT,14w,4.448809357,34,1,0,0,0,0,1,5.341925315,5.982580217
1352,S,S2,CONT,14w,41.73927854,123,1,0,0,0,0,1,17.32723623,12.65112281
1353,S,S2,CONT,14w,3.83596317,35,1,0,0,NA,NA,0,5.133470151,4.60707633
1354,S,S2,CONT,14w,32.57328927,181,NA,NA,NA,NA,NA,NA,18.14639324,NA
1355,S,S2,CONT,14w,36.28735864,8.5,4,0,0,0,0,1,6.77653752,5.875422455
1356,S,S2,CONT,14w,42.6603935,209,1,1,1,NA,NA,0,20.8333877,19.28291239
1357,S,S2,CONT,14w,39.03625222,107,1,1,1,0,0,1,16.17398587,13.67509587
1358,S,S2,CONT,14w,30.28817331,62.5,3,0,0,0,0,1,12.41862833,11.32335454
1359,S,S2,CONT,14w,NA,NA,NA,NA,NA,NA,NA,NA,NA,NA
1360,S,S2,CONT,14w,NA,NA,NA,NA,NA,NA,NA,NA,NA,NA
1361,S,S2,CONT,14w,3.940813825,30,1,0,0,0,0,1,4.92006457,4.361977484
1362,S,S2,CONT,14w,NA,NA,NA,NA,NA,NA,NA,NA,NA,NA
1363,S,S2,CONT,14w,7.743711732,51,1,0,0,0,0,1,7.359441719,4.520693709
1364,S,S2,CONT,14w,25.87698453,158,1,0,0,0,0,1,16.05900236,7.095468912
1365,S,S2,CONT,14w,14.32008617,64,NA,NA,NA,NA,NA,NA,9.747698297,NA
1366,S,S2,CONT,14w,49.59043274,101,2,1,1,0,0,1,17.18489327,14.88630824
1367,S,S2,CONT,14w,30.58151953,101,1,1,1,0,0,1,14.62375863,14.6317877
1368,S,S2,CONT,14w,15.62282611,112,NA,NA,NA,NA,NA,NA,12.09662416,NA
1369,S,S2,CONT,14w,60.82123377,95,3,2,1,0,0,1,18.02458808,18.47623826
1370,S,S2,LMH,14w,NA,NA,NA,NA,NA,NA,NA,NA,NA,NA
1371,S,S2,LMH,14w,15.83370551,82.9,2,0,0,0,0,1,10.9897124,11.71811133
1372,S,S2,LMH,14w,162.8091123,170.5,5,12,1,0,0,1,30.43860817,31.00301276
1373,S,S2,LMH,14w,NA,NA,NA,NA,NA,NA,NA,NA,NA,NA
1374,S,S2,LMH,14w,436.4201554,242.5,6,44,1,0,0,1,47.58413765,38.92533113
1375,S,S2,LMH,14w,94.86046871,215.3,1,14,1,0,0,1,27.47460728,20.6350722
1376,S,S2,LMH,14w,529.7046442,278,3,42,1,0,0,1,53.13208162,52.65723688
1377,S,S2,LMH,14w,303.9734366,312,4,NA,1,NA,1,1,45.87353574,36.63999435
1378,S,S2,LMH,14w,4.19096314,17.3,1,0,0,0,0,1,4.179063161,4.316288307
1379,S,S2,LMH,14w,104.955584,218,3,NA,1,1,1,1,28.53653061,29.18355151
1380,S,S3,LMH,14w,NA,NA,NA,NA,NA,0,0,NA,NA,6.433783052
1381,S,S2,LMH,14w,NA,NA,NA,NA,NA,NA,NA,NA,NA,NA
1382,S,S2,LMH,14w,56.07939236,128.3,2,4,1,0,0,1,19.39388528,22.79204174
1383,S,S2,LMH,14w,3.976078202,39.7,1,1,1,0,0,1,5.418531432,5.887630256
1384,S,S2,LMH,14w,44.17864669,149.5,1,9,1,1,1,1,18.84749084,16.94694959
1385,S,S2,LMH,14w,69.84145314,181,2,3,1,0,0,1,23.40875327,16.71228268
1386,S,S2,LMH,14w,29.12892562,220,1,NA,1,0,0,1,18.65855328,17.3351295
1387,S,S2,LMH,14w,108.8034852,145.5,4,38,1,0,0,1,25.2348061,27.52704818
1388,S,S2,LMH,14w,NA,NA,NA,NA,NA,NA,NA,NA,NA,NA
1389,S,S2,LMH,14w,93.31315579,215.6,1,6,1,0,0,1,27.33687725,27.24476686
1390,S,S2,LMH,14w,252.7753723,353,3,NA,NA,NA,NA,1,44.94916661,46.14378099
1391,S,S2,LMH,14w,82.67697971,194.5,3,NA,NA,0,0,1,25.36702941,25.60043668
1392,S,S2,LMH,14w,166.816842,144.9,4,8,1,0,0,1,29.06445673,25.95749864
1393,S,S2,LMH,14w,144.6270663,150,3,14,1,2,1,1,28.0338138,29.11976479
1394,S,S2,LMH,14w,35.15135874,152,3,1,1,0,0,1,17.55968756,18.65962187
1395,S,S2,LMH,14w,150.0103424,240.5,5,NA,NA,NA,NA,1,33.22215992,31.72280375
1396,S,S2,LMH,14w,6.97464985,71.6,NA,NA,NA,NA,NA,NA,7.959200237,7.776259617
1397,S,S2,LMH,14w,18.24668429,114,1,2,1,0,0,1,12.8156302,13.96426476
1398,S,S2,LMH,14w,18.78051942,90.3,2,6,1,1,1,1,11.97098157,13.29789667
1399,S,S2,LMH,14w,91.26523008,266,3,NA,1,NA,NA,1,29.10646171,29.00064034
1400,S,S2,LMH,14w,NA,NA,NA,NA,NA,NA,NA,NA,NA,NA
1401,S,S2,LMH,14w,19.79234788,179,1,NA,1,0,0,1,15.30898347,15.07829374
1402,S,S2,LMH,14w,10.29217169,65.9,1,1,1,0,0,1,8.815703345,8.600528415
1403,S,S2,LMH,14w,2.269800692,24.5,1,0,0,0,0,1,3.824877273,4.015391018
1404,S,S2,LMH,14w,65.01345355,400,2,NA,1,NA,1,1,29.78266528,28.88362777
1405,S,S2,LMH,14w,36.94897806,191,2,5,1,0,0,1,19.26914492,20.07407974
1406,S,S2,LMH,14w,64.89595799,265,1,NA,1,NA,NA,1,25.9420573,22.89425101
1407,S,S2,LMH,14w,29.36140348,281,2,NA,1,NA,NA,1,20.30080191,22.60120019
1408,S,S2,LMH,14w,154.0436761,400,2,NA,NA,1,1,1,39.72252873,38.07957425
1409,S,S2,LMH,14w,956.622817,2.22,1,0,0,0,0,1,12.90465037,6.319630969
1410,S,S2,LMH,14w,34.73227028,415,1,NA,NA,NA,NA,1,24.45705364,24.80888874
1411,S,S2,MEGA,14w,64.0420731,120.5,1,2,1,0,0,1,19.85277993,16.93783624
1412,S,S2,MEGA,14w,NA,NA,NA,NA,NA,NA,NA,NA,NA,NA
1413,S,S2,MEGA,14w,NA,NA,NA,NA,NA,NA,NA,NA,NA,NA
1414,S,S2,MEGA,14w,NA,NA,NA,NA,NA,NA,NA,NA,NA,NA
1415,S,S2,MEGA,14w,NA,NA,NA,NA,NA,NA,NA,NA,NA,NA
1416,S,S2,MEGA,14w,3.870756308,33.8,2,0,0,0,0,1,5.089345541,5.317944656
1417,S,S2,MEGA,14w,NA,NA,NA,NA,NA,0,0,NA,NA,1.873942184
1418,S,S2,MEGA,14w,1.347821788,14.8,1,0,0,0,0,1,2.71623984,2.653921536
1419,S,S2,MEGA,14w,5.26852942,24.9,2,0,0,0,0,1,5.093949321,4.518460022
1420,S,S2,MEGA,14w,NA,NA,NA,NA,NA,NA,NA,NA,NA,NA
1421,S,S2,MEGA,14w,0.441786467,4.2,NA,0,0,0,0,1,1.229208673,4.716917484
1422,S,S2,MEGA,14w,NA,NA,NA,NA,NA,0,0,NA,NA,1.493301148
1423,S,S2,MEGA,14w,1.862650284,12.6,1,0,0,0,0,1,2.86774416,3.603122531
1424,S,S2,MEGA,14w,131.3067134,411,1,NA,1,NA,NA,1,38.00279208,36.70112939
1425,S,S2,MEGA,14w,NA,NA,NA,NA,NA,0,0,NA,NA,1.871114792
1426,S,S2,MEGA,14w,25.87698453,30.8,2,0,0,0,0,1,9.303586555,7.732870572
1427,S,S2,MEGA,14w,199.0563371,400,2,NA,NA,NA,NA,1,43.2718026,43.19917809
1428,S,S2,MEGA,14w,NA,NA,NA,NA,NA,NA,NA,NA,NA,NA
1429,S,S2,MEGA,14w,0.430084034,5.2,NA,0,0,0,0,1,1.308275092,1.644100126
1430,S,S2,MEGA,14w,2.323521927,19.2,1,0,0,0,0,1,3.553581144,4.903290434
1431,S,S2,MEGA,14w,0.477836243,3.9,NA,0,0,0,0,1,1.230988279,1.471546578
1432,S,S2,MEGA,14w,0.418538681,4.7,NA,0,0,0,0,1,1.253418059,1.514899116
1433,S,S2,MEGA,14w,0.738981132,4.3,0,0,0,0,0,1,1.47104543,1.51398277
1434,S,S2,MEGA,14w,0.849486654,4.9,NA,0,0,0,0,1,1.609793375,2.211465599
1435,S,S2,MEGA,14w,25.78689936,400,1,NA,NA,NA,1,1,21.87200064,21.17835611
1436,S,S2,MEGA,14w,13.13821902,94.6,1,0,0,0,0,1,10.79123008,10.792862
1437,S,S2,MEGA,14w,NA,NA,NA,NA,NA,NA,NA,NA,NA,NA
1438,S,S2,MEGA,14w,NA,NA,NA,NA,NA,NA,NA,NA,NA,NA
1439,S,S2,MEGA,14w,NA,NA,NA,NA,NA,NA,NA,NA,NA,NA
1440,S,S2,MEGA,14w,26.97025877,300.3,1,NA,NA,NA,1,1,20.17567868,19.65366726
1441,S,S2,MEGA,14w,46.11331799,18.5,11,0,0,0,0,1,9.517221974,8.134019928
1442,S,S2,MEGA,14w,32.16990877,24.5,10,0,0,0,0,1,9.268975769,9.320279044
1443,S,S2,MEGA,14w,72.83539094,400,1,NA,NA,NA,1,1,30.93395145,31.76489792
1444,S,S2,MEGA,14w,16.83650189,87.4,1,0,0,0,0,1,11.41705189,9.885436353
1445,S,S2,MEGA,14w,48.02898265,400,1,NA,1,NA,NA,1,26.91922136,27.49082486
1446,S,S2,MEGA,14w,16.61902514,56.9,6,0,0,NA,1,1,9.850081421,27.37698034
1447,S,S2,MEGA,14w,4.987592497,62.4,1,0,0,0,0,1,6.796890628,7.085864545
1448,S,S2,MEGA,14w,NA,NA,NA,NA,NA,NA,NA,NA,NA,NA
1449,S,S2,MEGA,14w,15.20530844,46.6,NA,NA,NA,NA,NA,NA,8.945329179,NA
1450,S,S2,MEGA,14w,NA,NA,NA,NA,NA,NA,NA,NA,NA,NA
1451,S,S2,MEGA,14w,19.32205146,33.2,NA,NA,NA,NA,NA,NA,8.653214173,NA
1452,S,S2,MEGA,14w,10.00982105,22.8,3,0,0,0,0,1,6.128243925,6.324841219
1453,S,S2,MEGA,14w,13.59178646,47.9,3,0,0,NA,NA,0,8.696029585,8.585880561
1454,S,S2,MESO,14w,12.88249338,136.3,1,0,0,0,0,1,12.11074958,11.91393777
1455,S,S2,MESO,14w,30.58151953,206,1,0,0,1,1,1,18.55241796,16.16011737
1456,S,S2,MESO,14w,44.17864669,211,1,0,0,0,0,1,21.14516589,21.0605262
1457,S,S2,MESO,14w,27.71167464,170,1,5,1,0,0,1,16.83696972,17.22002678
1458,S,S2,MESO,14w,82.44049632,142.8,2,5,1,0,0,1,22.85886515,22.9999106
1459,S,S2,MESO,14w,28.84264799,182.4,1,1,1,0,0,1,17.4691351,17.80614626
1460,S,S2,MESO,14w,22.56417508,100.6,2,3,1,0,0,1,13.19478736,13.47007135
1461,S,S2,MESO,14w,NA,NA,NA,NA,NA,NA,NA,NA,NA,NA
1462,S,S2,MESO,14w,4.19096314,32.4,1,0,0,0,0,1,5.152907756,4.846461416
1463,S,S2,MESO,14w,28.65258164,28.6,3,0,0,0,0,1,9.390277459,7.824055188
1464,S,S2,MESO,14w,1.431388153,9.2,NA,0,0,0,0,1,2.36460627,2.601229344
1465,S,S2,MESO,14w,6.157521601,34,1,0,0,0,0,1,5.954216554,6.655604839
1466,S,S2,MESO,14w,59.85747169,72.2,5,1,1,1,1,1,16.35909401,15.54081365
1467,S,S2,MESO,14w,11.40091828,47.5,3,0,0,0,0,1,8.177494193,8.068673029
1468,S,S2,MESO,14w,20.18858125,146.2,1,4,1,0,0,1,14.40366751,13.44115962
1469,S,S2,MESO,14w,8.604900818,124.5,1,2,1,0,0,1,10.26912784,11.38798699
1470,S,S2,MESO,14w,8.449627601,15,1,0,0,NA,NA,0,5.035704828,NA
1471,S,S2,MESO,14w,5.432520556,23.1,3,0,0,0,0,1,5.019027223,7.227307386
1472,S,S2,MESO,14w,2.350618163,15.5,1,0,0,0,0,1,3.321310692,3.239072104
1473,S,S2,MESO,14w,10.92716611,40.3,3,0,0,0,0,1,7.631917394,8.214471004
1474,S,S2,MESO,14w,31.56955042,191.6,1,2,1,NA,NA,0,18.30222776,NA
1475,S,S2,MESO,14w,NA,148.5,NA,NA,NA,NA,NA,NA,NA,NA
1476,S,S2,MESO,14w,15.27450202,29.5,3,0,0,0,0,1,7.69067216,6.980685292
1477,S,S2,MESO,14w,4.561671073,73.9,1,1,1,0,0,1,6.98059511,7.167217911
1478,S,S2,MESO,14w,83.16117767,266.5,NA,NA,NA,NA,NA,NA,28.23444807,NA
1479,S,S2,MESO,14w,NA,NA,NA,NA,NA,NA,NA,NA,NA,NA
1480,S,S2,MESO,14w,NA,NA,NA,NA,NA,NA,NA,NA,NA,NA
1481,S,S2,MESO,14w,NA,NA,NA,NA,NA,NA,NA,NA,NA,NA
1482,S,S2,MESO,14w,NA,NA,NA,NA,NA,NA,NA,NA,NA,NA
1483,S,S2,MESO,14w,NA,NA,NA,NA,NA,NA,NA,NA,NA,NA
1484,S,S2,MESO,14w,79.0117621,180,1,9,1,NA,NA,0,24.34793491,NA
1485,S,S2,MESO,14w,156.8101626,282,NA,NA,NA,NA,NA,NA,35.55787251,NA
1486,S,S2p,CONT,14w,23.67197918,33.9,1,0,0,0,0,1,9.324850874,7.27924766
1487,S,S2p,CONT,14w,NA,NA,NA,NA,NA,NA,NA,NA,NA,NA
1488,S,S2p,CONT,14w,16.25970548,92.6,1,1,1,0,0,1,11.50480418,NA
1489,S,S2p,CONT,14w,19.16654262,109.3,1,0,0,0,0,1,12.84596092,10.41105925
1490,S,S2p,CONT,14w,41.51057059,63.8,1,0,0,0,0,1,13.89176919,15.3720333
1491,S,S2p,CONT,14w,19.0116621,68.2,1,0,0,0,0,1,10.94475474,8.120339945
1492,S,S2p,CONT,14w,NA,NA,NA,NA,NA,NA,NA,NA,NA,NA
1493,S,S2p,CONT,14w,77.28820583,74,1,1,1,0,0,1,17.96325774,16.18061404
1494,S,S2p,CONT,14w,9.842295624,85.8,1,0,0,0,0,1,9.484980756,9.374490725
1495,S,S2p,CONT,14w,20.66924493,75.9,1,0,0,0,0,1,11.66369095,11.2732244
1496,S,S2p,CONT,14w,66.04326762,133,1,0,0,0,0,1,20.72969443,20.55690597
1497,S,S2p,CONT,14w,NA,NA,NA,NA,NA,NA,NA,NA,NA,NA
1498,S,S2p,CONT,14w,NA,NA,NA,NA,NA,NA,NA,NA,NA,NA
1499,S,S2p,CONT,14w,NA,NA,NA,NA,NA,NA,NA,NA,NA,NA
1500,S,S2p,CONT,14w,14.25309171,125.5,1,0,0,NA,NA,NA,12.18599094,NA
1501,S,S2p,CONT,14w,NA,NA,NA,NA,NA,NA,NA,NA,NA,NA
1502,S,S2p,CONT,14w,NA,NA,NA,NA,NA,NA,NA,NA,NA,NA
1503,S,S2p,CONT,14w,NA,NA,NA,NA,NA,NA,NA,NA,NA,NA
1504,S,S2p,CONT,14w,NA,NA,NA,NA,NA,NA,NA,NA,NA,NA
1505,S,S2p,CONT,14w,NA,NA,NA,NA,NA,NA,NA,NA,NA,NA
1506,S,S2p,CONT,14w,NA,NA,NA,NA,NA,NA,NA,NA,NA,NA
1507,S,S2p,CONT,14w,12.56637061,110.5,1,0,0,0,0,1,11.19808961,8.385440372
1508,S,S2p,CONT,14w,NA,NA,NA,NA,NA,NA,NA,NA,NA,NA
1509,S,S2p,CONT,14w,NA,NA,NA,NA,NA,NA,NA,NA,NA,NA
1510,S,S2p,CONT,14w,11.82369811,33,1,0,0,0,0,1,7.32978894,6.989837074
1511,S,S2p,CONT,14w,NA,NA,NA,NA,NA,NA,NA,NA,NA,NA
1512,S,S2p,CONT,14w,7.021538121,30,2,0,0,0,0,1,5.966443769,6.214498898
1513,S,S2p,CONT,14w,31.969161,67.2,NA,NA,NA,NA,NA,NA,12.95441356,11.07183851
1514,S,S2p,CONT,14w,38.04594367,122,2,0,0,0,0,1,16.75377874,11.62109137
1515,S,S2p,CONT,14w,11.34114948,39,1,0,0,0,0,1,7.643125813,8.401768715
1516,S,S2p,CONT,14w,NA,NA,NA,NA,NA,NA,NA,NA,NA,NA
1517,S,S2p,CONT,14w,NA,NA,NA,NA,NA,NA,NA,NA,NA,NA
1518,S,S2p,CONT,14w,11.16278556,87,NA,NA,NA,NA,NA,NA,9.938109881,8.062838886
1519,S,S2p,CONT,14w,23.49981991,56.5,2,0,0,0,0,1,11.031829,9.924078767
1520,S,S2p,CONT,14w,18.020254,73.5,1,0,0,0,0,1,11.02280338,10.27557602
1521,S,S3,CONT,14w,NA,NA,NA,NA,NA,NA,NA,NA,NA,NA
1522,S,S3,CONT,14w,NA,NA,NA,NA,NA,NA,NA,NA,NA,NA
1523,S,S3,CONT,14w,NA,NA,NA,NA,NA,NA,NA,NA,NA,NA
1524,S,S3,CONT,14w,8.50122826,76.1,1,0,0,0,0,1,8.677694419,8.588339097
1525,S,S3,CONT,14w,5.47391104,17,3,0,0,0,0,1,4.542173391,7.51871359
1526,S,S3,CONT,14w,13.33166258,96,2,1,1,0,0,1,10.8973312,8.055664892
1527,S,S3,CONT,14w,NA,NA,NA,NA,NA,0,0,NA,NA,2.032163206
1528,S,S3,CONT,14w,26.32976657,53.4,1,0,0,0,0,1,11.24480957,12.5992765
1529,S,S3,CONT,14w,7.596449576,605,1,0,0,0,0,1,16.69846327,8.404234313
1530,S,S3,CONT,14w,33.90163318,56.2,1,0,0,0,0,1,12.44542372,12.92121157
1531,S,S3,CONT,14w,40.82821667,145.5,1,5,1,0,0,1,18.19224997,16.65226345
1532,S,S3,CONT,14w,13.01004204,52.2,1,1,1,0,0,1,8.819477225,7.740149875
1533,S,S3,CONT,14w,17.4233514,135.5,1,3,1,0,0,1,13.36890086,14.13670823
1534,S,S3,CONT,14w,55.81424194,142.4,1,6,1,0,0,1,20.04912659,19.55111907
1535,S,S3,CONT,14w,14.0530508,54.4,1,0,0,0,0,1,9.175071405,9.126414648
1536,S,S3,CONT,14w,27.8985994,119.4,1,0,0,0,0,1,14.99724036,15.24327472
1537,S,S3,CONT,14w,19.71357244,103.4,1,0,0,0,0,1,12.72920021,13.0901641
1538,S,S3,CONT,14w,NA,NA,NA,NA,NA,0,0,1,NA,9.90611805
1539,S,S3,CONT,14w,NA,NA,NA,NA,NA,NA,NA,1,NA,NA
1540,S,S3,CONT,14w,9.079202769,55.8,1,1,1,0,0,1,7.997510363,8.289901328
1541,S,S3,CONT,14w,NA,NA,NA,NA,NA,NA,NA,NA,NA,NA
1542,S,S3,CONT,14w,54.75992345,196,1,2,1,0,0,1,22.164129,22.34979579
1543,S,S3,CONT,14w,43.59156156,153,1,3,1,0,0,1,18.90902541,18.97416396
1544,S,S3,CONT,14w,32.775922,139.7,1,2,1,0,0,1,16.67774912,16.15713622
1545,S,S3,CONT,14w,NA,NA,NA,NA,NA,NA,NA,NA,NA,NA
1546,S,S3,CONT,14w,26.97025877,102.9,1,0,0,0,0,1,14.11047833,12.08563067
1547,S,S3,CONT,14w,17.87008587,102,1,0,0,0,0,1,12.26280248,11.66875688
1548,S,S3,CONT,14w,24.58743928,107.5,2,4,1,0,0,1,13.88261388,12.98199922
1549,S,S3,CONT,14w,NA,NA,NA,NA,NA,NA,NA,NA,NA,NA
1550,S,S3,CONT,14w,NA,NA,NA,NA,NA,NA,NA,NA,NA,NA
1551,S,S3,CONT,14w,16.69136031,103,1,0,0,0,0,1,12.02570898,12.62143522
1552,S,S3,CONT,14w,11.70211848,42.6,2,0,0,0,0,NA,7.954543437,8.001577511
1553,S,S3,CONT,14w,39.03625222,79.4,1,0,0,0,0,1,14.64072272,15.60940616
1554,S,S3,CONT,14w,NA,NA,NA,NA,NA,NA,NA,NA,NA,NA
1555,S,S3,CONT,14w,176.0084353,34.2,3,0,0,NA,NA,0,18.27264568,13.00535278
1556,S,S3,CONT,14w,NA,NA,NA,NA,NA,0,0,1,NA,24.05503965
1557,S,S3,CONT,14w,NA,NA,NA,NA,NA,NA,NA,NA,NA,NA
1558,S,S3,CONT,14w,NA,NA,NA,NA,NA,NA,NA,NA,NA,NA
1559,S,S3,CONT,14w,NA,NA,NA,NA,NA,NA,NA,NA,NA,NA
1560,S,S3,CONT,14w,NA,NA,NA,NA,NA,NA,NA,NA,NA,NA
1561,S,S3,CONT,14w,NA,NA,NA,NA,NA,NA,NA,NA,NA,NA
1562,S,S3,CONT,14w,NA,NA,NA,NA,NA,NA,NA,NA,NA,NA
1563,S,S3,CONT,14w,NA,NA,NA,NA,NA,0,0,1,NA,4.143523907
1564,S,S3,LMH,14w,22.6484483,138,1,1,1,0,0,1,14.6816216,14.45080092
1565,S,S3,LMH,14w,6.742564693,47,1,1,1,0,0,1,6.838016364,7.069119873
1566,S,S3,LMH,14w,NA,NA,NA,NA,NA,NA,NA,1,NA,NA
1567,S,S3,LMH,14w,NA,NA,NA,NA,NA,NA,NA,NA,NA,NA
1568,S,S3,LMH,14w,30.77786907,155,1,0,0,0,0,1,16.90776731,16.36954128
1569,S,S3,LMH,14w,48.39819832,NA,NA,NA,NA,NA,NA,NA,NA,14.87624161
1570,S,S3,LMH,14w,4.714352476,29,1,0,0,0,0,1,5.164650769,5.838828524
1571,S,S3,LMH,14w,NA,NA,NA,NA,NA,NA,NA,NA,NA,NA
1572,S,S3,LMH,14w,NA,NA,NA,NA,NA,NA,NA,NA,NA,NA
1573,S,S3,LMH,14w,NA,NA,NA,NA,NA,NA,NA,NA,NA,NA
1574,S,S3,LMH,14w,NA,NA,NA,NA,NA,NA,NA,NA,NA,NA
1575,S,S3,LMH,14w,4.448809357,24,1,0,0,1,1,1,4.755511979,5.632802922
1576,S,S3,LMH,14w,2.243175694,12.5,1,0,0,0,0,1,3.043248244,3.762757322
1577,S,S3,LMH,14w,34.05180131,NA,2,0,0,0,0,1,NA,7.715479196
1578,S,S3,LMH,14w,66.47610055,151,1,1,1,0,0,1,21.67422318,19.25463579
1579,S,S3,LMH,14w,13.01004204,87.5,NA,NA,NA,NA,NA,NA,10.47943009,9.488565061
1580,S,S3,LMH,14w,107.6237386,282,2,NA,1,0,0,1,31.35904273,30.87436083
1581,S,S3,LMH,14w,NA,NA,NA,NA,NA,NA,NA,NA,NA,NA
1582,S,S3,LMH,14w,5.350210829,37,1,0,0,0,0,1,5.843970478,6.120209017
1583,S,S3,LMH,14w,55.54971984,155,1,0,0,0,0,1,20.5920488,16.52691065
1584,S,S3,LMH,14w,1.410260942,15,1,0,0,0,0,1,2.770002156,3.078835045
1585,S,S3,LMH,14w,27.52537819,190,NA,NA,NA,NA,NA,NA,17.43461606,18.28854469
1586,S,S3,LMH,14w,23.9313962,153,1,1,1,0,0,1,15.47830631,14.36804796
1587,S,S3,LMH,14w,55.28582606,NA,1,NA,1,0,0,1,NA,21.52172819
1588,S,S3,LMH,14w,15.48302523,204,0,0,0,NA,NA,0,14.73327171,15.27878405
1589,S,S3,LMH,14w,1.266768698,9,1,0,0,0,0,1,2.253502763,2.25995752
1590,S,S3,LMH,14w,NA,NA,NA,NA,NA,NA,NA,NA,NA,NA
1591,S,S3,LMH,14w,NA,NA,NA,NA,NA,NA,NA,NA,NA,NA
1592,S,S3,LMH,14w,NA,NA,NA,NA,NA,NA,NA,NA,NA,NA
1593,S,S3,LMH,14w,44.4145803,166,1,1,1,NA,NA,0,19.55261519,18.37820968
1594,S,S3,LMH,14w,NA,NA,NA,NA,NA,NA,NA,NA,NA,NA
1595,S,S3,LMH,14w,NA,NA,NA,NA,NA,NA,NA,NA,NA,NA
1596,S,S3,LMH,14w,NA,NA,NA,NA,NA,NA,NA,NA,NA,NA
1597,S,S3,LMH,14w,12.44102107,42.5,NA,NA,NA,NA,NA,NA,8.112450513,8.121079474
1598,S,S3,LMH,14w,NA,NA,NA,NA,NA,NA,NA,NA,NA,NA
1599,S,S3,LMH,14w,NA,NA,NA,NA,NA,NA,NA,NA,NA,NA
1600,S,S3,LMH,14w,1.22718463,10,1,0,0,0,0,1,2.309570724,2.559376748
1601,S,S3,LMH,14w,1.002874915,8,1,0,0,0,0,1,2.00406471,2.14376894
1602,S,S3,LMH,14w,NA,NA,NA,NA,NA,0,0,NA,NA,5.909339196
1603,S,S3,LMH,14w,NA,NA,NA,NA,NA,NA,NA,NA,NA,NA
1604,S,S3,LMH,14w,32.06945635,199,1,1,1,0,0,1,18.6327181,14.390977
1605,S,S3,LMH,14w,61.23663086,223,3,0,0,0,0,1,24.01985242,16.15535611
1606,S,S3,LMH,14w,26.97025877,189,1,6,1,0,0,1,17.28595267,18.8026135
1607,S,S3,LMH,14w,NA,NA,NA,NA,NA,NA,NA,NA,NA,NA
1608,S,S3,LMH,14w,NA,NA,NA,NA,NA,NA,NA,NA,NA,NA
1609,S,S3,LMH,14w,NA,NA,NA,NA,NA,NA,NA,NA,NA,NA
1610,S,S3,LMH,14w,NA,NA,NA,NA,NA,NA,NA,NA,NA,NA
1611,S,S3,LMH,14w,32.37128486,NA,NA,NA,NA,NA,NA,NA,NA,NA
1612,S,S3,LMH,14w,95.37906712,NA,NA,NA,NA,NA,NA,NA,NA,NA
1613,S,S3,LMH,14w,433.8050937,305,3,NA,1,NA,NA,1,51.26703174,42.73001455
1614,S,S3,LMH,14w,5.432520556,50,1,0,0,NA,NA,NA,6.494989081,NA
1615,S,S3,LMH,14w,8.972702778,107,1,4,1,0,0,1,9.900101178,9.997647517
1616,S,S3,LMH,14w,22.56417508,NA,1,0,0,0,0,1,NA,15.49324537
1617,S,S3,LMH,14w,14.11957402,NA,NA,NA,NA,NA,NA,NA,NA,13.08882416
1618,S,S3,LMH,14w,17.9450914,170,1,2,1,0,0,1,14.56333885,15.55290844
1619,S,S3,LMH,14w,14.38723772,85,1,0,0,0,0,1,10.73306019,10.39065163
1620,S,S3,LMH,14w,70.43521415,196,1,4,1,0,0,1,24.10734367,22.84593408
1621,S,S3,LMH,14w,NA,NA,NA,NA,NA,0,0,NA,NA,2.93046407
1622,S,S3,LMH,14w,72.83539094,238,1,2,1,0,0,1,26.01106649,18.16109223
1623,S,S3,MEGA,14w,160.0157652,55.3,3,2,1,0,0,1,20.78087311,42.46955403
1624,S,S3,MEGA,14w,NA,NA,NA,NA,NA,4,1,1,NA,9.023393991
1625,S,S3,MEGA,14w,NA,NA,NA,NA,NA,0,0,NA,NA,1.252041554
1626,S,S3,MEGA,14w,6.881344548,55,1,0,0,0,0,1,7.255614877,7.675678084
1627,S,S3,MEGA,14w,34.211944,39,2,0,0,0,0,1,11.04990162,9.234527928
1628,S,S3,MEGA,14w,2.659044022,24,1,0,0,0,0,1,4.004755204,3.957362382
1629,S,S3,MEGA,14w,11.34114948,36,3,0,0,0,0,1,7.441589701,7.364936479
1630,S,S3,MEGA,14w,9.402472653,45,3,0,0,0,0,1,7.530758385,8.363574609
1631,S,S3,MEGA,14w,51.65728654,201,2,1,1,0,0,1,21.92028344,24.18435109
1632,S,S3,MEGA,14w,NA,NA,NA,NA,NA,NA,NA,NA,NA,NA
1633,S,S3,MEGA,14w,8.449627601,62,1,0,0,0,0,1,8.087446576,7.726297654
1634,S,S3,MEGA,14w,3.801327111,18.5,1,0,0,0,0,1,4.136703996,4.194084272
1635,S,S3,MEGA,14w,NA,NA,NA,NA,NA,NA,NA,NA,NA,NA
1636,S,S3,MEGA,14w,61.61550694,274,3,3,1,0,0,1,25.78255588,27.21495625
1637,S,S3,MEGA,14w,46.44538433,153,4,0,0,0,0,1,19.31360683,21.35149928
1638,S,S3,MEGA,14w,NA,NA,NA,NA,NA,NA,NA,NA,NA,NA
1639,S,S3,MEGA,14w,10.86865394,140,1,0,0,0,0,1,11.54538192,10.47763457
1640,S,S3,MEGA,14w,5.599024967,74,1,0,0,0,0,1,7.478202049,7.107571837
1641,S,S3,MEGA,14w,36.55007433,132,2,1,1,0,0,1,16.97146895,8.771919228
1642,S,S3,MEGA,14w,23.56328008,137,3,1,1,0,0,1,14.84092103,13.73583025
1643,S,S3,MEGA,14w,5.47391104,123,1,0,0,0,0,1,8.794114715,8.912451309
1644,S,S3,MEGA,14w,7.793113276,32,1,0,0,0,0,1,6.312322189,5.806717695
1645,S,S3,MEGA,14w,35.99707548,44,1,0,0,0,0,1,11.70099105,10.32514761
1646,S,S3,MEGA,14w,2.010619298,69,1,0,0,0,0,1,5.18995829,8.015716073
1647,S,S3,MEGA,14w,6.514406526,32,1,0,0,NA,NA,NA,5.945709118,NA
1648,S,S3,MEGA,14w,1.168986626,11,1,0,0,0,0,1,2.345880216,2.596932961
1649,S,S3,MEGA,14w,9.402472653,NA,NA,NA,NA,NA,NA,NA,NA,7.990429867
1650,S,S3,MEGA,14w,5.557163245,9,1,0,0,0,0,1,3.691824508,3.981045666
1651,S,S3,MEGA,14w,NA,NA,NA,NA,NA,NA,NA,NA,NA,NA
1652,S,S3,MEGA,14w,71.23569196,202,2,0,0,0,0,1,24.4432908,22.06372981
1653,S,S3,MEGA,14w,NA,NA,NA,NA,NA,NA,NA,NA,NA,NA
1654,S,S3,MEGA,14w,2.83528737,18,2,0,0,0,0,1,3.716808731,3.529397644
1655,S,S3,MEGA,14w,NA,NA,NA,NA,NA,NA,NA,NA,NA,NA
1656,S,S3,MEGA,14w,NA,NA,NA,NA,NA,NA,NA,NA,NA,NA
1657,S,S3,MEGA,14w,NA,NA,NA,NA,NA,NA,NA,NA,NA,NA
1658,S,S3,MEGA,14w,43.59156156,400,1,NA,1,NA,NA,1,26.06196388,27.94388048
1659,S,S3,MEGA,14w,0.754296396,17,1,0,0,0,0,1,2.343696926,2.712826569
1660,S,S3,MEGA,14w,NA,NA,NA,NA,NA,NA,NA,NA,NA,NA
1661,S,S3,MEGA,14w,NA,NA,NA,NA,NA,1,1,1,NA,10.78629981
1662,S,S3,MEGA,14w,17.9450914,68.5,3,1,1,0,0,1,10.75155679,10.7925436
1663,S,S3,MEGA,14w,7.210661998,97,2,0,0,0,0,1,8.906669346,7.483648066
1664,S,S3,MEGA,14w,16.11707717,81,1,1,1,0,0,1,10.96974446,11.87310271
1665,S,S3,MEGA,14w,23.41397589,120,3,0,0,0,0,1,14.16869348,11.49301399
1666,S,S3,MEGA,14w,22.39609987,44,1,0,0,0,0,1,9.986611102,8.498183918
1667,S,S3,MEGA,14w,10.81029886,105.5,1,0,0,0,0,1,10.4859041,8.039968141
1668,S,S3,MEGA,14w,13.07405199,37,3,0,0,0,0,1,7.875070889,7.489455177
1669,S,S3,MEGA,14w,17.9450914,81.5,1,0,0,0,0,1,11.39373025,11.68550476
1670,S,S3,MEGA,14w,4.637697615,32,1,0,0,0,0,1,5.308071697,4.986283345
1671,S,S3,MEGA,14w,34.31569509,141,2,0,0,0,0,1,16.98778088,17.35588409
1672,S,S3,MEGA,14w,28.18951088,117,3,0,0,0,0,1,14.94759607,12.01143972
1673,S,S3,MEGA,14w,6.742564693,92,1,0,0,0,0,1,8.556782283,8.307612261
1674,S,S3,MEGA,14w,24.54290721,182,2,0,0,0,0,1,16.5404473,NA
1675,S,S3,MEGA,14w,25.51758633,141,1,0,0,0,0,1,15.38813301,14.67180168
1676,S,S3,MEGA,14w,NA,NA,NA,NA,NA,NA,NA,NA,NA,NA
1677,S,S3,MESO,14w,10.63617609,11,10,0,0,0,0,1,4.902965209,12.0859744
1678,S,S3,MESO,14w,6.559724001,18,1,0,0,0,0,1,4.917988238,5.809657548
1679,S,S3,MESO,14w,1.112202339,17.6,3,0,0,0,0,1,2.699176705,7.286417976
1680,S,S3,MESO,14w,31.76904155,186.5,1,0,0,0,0,1,18.17630808,17.01063804
1681,S,S3,MESO,14w,14.58963482,118.2,2,2,1,0,0,1,12.03803747,11.85813119
1682,S,S3,MESO,14w,7.499060204,56.6,2,0,0,0,0,1,7.538685848,8.21674231
1683,S,S3,MESO,14w,25.33882971,180.5,1,2,1,1,1,1,16.6714995,16.50232333
1684,S,S3,MESO,14w,NA,NA,NA,NA,NA,NA,NA,NA,NA,NA
1685,S,S3,MESO,14w,NA,NA,NA,NA,NA,NA,NA,NA,NA,NA
1686,S,S3,MESO,14w,NA,NA,NA,NA,NA,NA,NA,NA,NA,NA
1687,S,S3,MESO,14w,NA,NA,NA,NA,NA,NA,NA,NA,NA,NA
1688,S,S3,MESO,14w,NA,NA,NA,NA,NA,NA,NA,NA,NA,NA
1689,S,S3,MESO,14w,25.69697127,28.5,NA,NA,NA,NA,NA,NA,9.044521681,NA
1690,S,S3,MESO,14w,NA,NA,NA,NA,NA,NA,NA,NA,NA,NA
1691,S,S3,MESO,14w,135.4002086,115.8,1,2,1,0,0,1,25.15389146,9.942178619
1692,S,S3,MESO,14w,36.31681108,334,1,NA,NA,NA,NA,1,23.08818615,21.44661194
1693,S,S3,MESO,14w,37.39280656,222.3,1,1,1,0,0,1,20.35149562,22.96019003
1694,S,S3,MESO,14w,42.54470435,309.5,1,NA,1,NA,NA,1,23.7296968,24.31368109
1695,S,S3,MESO,14w,29.51282825,322.9,1,NA,1,NA,NA,1,21.30152556,23.19900074
1696,S,S3,MESO,14w,NA,NA,NA,NA,NA,NA,NA,NA,NA,NA
1697,S,S3,MESO,14w,43.70866443,225,1,NA,NA,NA,NA,1,21.52656894,28.48889648
1698,S,S3,MESO,14w,NA,NA,NA,NA,NA,NA,NA,NA,NA,NA
1699,S,S3,MESO,14w,NA,NA,NA,NA,NA,NA,NA,NA,NA,NA
1700,S,S3,MESO,14w,NA,NA,NA,NA,NA,NA,NA,NA,NA,NA
1701,S,S3,MESO,14w,3.698361412,34.8,1,0,0,0,0,1,5.061551037,5.649436244
1702,S,S3,MESO,14w,10.06597702,50.2,3,0,0,0,0,1,7.990613882,7.845597663
1703,S,S3,MESO,14w,1.790786352,20.8,1,0,0,0,0,1,3.345894351,3.985445508
1704,S,S3,MESO,14w,54.36714583,42.5,NA,NA,NA,NA,NA,NA,13.27320218,NA
1705,S,S3,MESO,14w,0.801184666,11.3,1,0,0,NA,NA,0,2.08655688,1.936634334
1706,S,S3,MESO,14w,NA,NA,NA,NA,NA,0,0,NA,NA,2.9462495
1707,S,S3,MESO,14w,1.838538561,20.4,1,0,0,0,0,1,3.353608547,3.2663586
1708,S,S3,MESO,14w,3.698361412,19.1,2,0,0,0,0,1,4.142864146,3.289813054
1709,S,S3,MESO,14w,2.688025214,13.5,1,0,0,0,0,1,3.316854164,2.804986047
1710,S,S3,MESO,14w,NA,NA,NA,NA,NA,0,0,NA,NA,2.266545296
1711,S,S3,MESO,14w,82.03358153,211,2,5,1,0,0,1,25.99816716,26.46236924
1712,S,S3,MESO,14w,7.743711732,145,NA,NA,NA,NA,NA,NA,10.43145119,NA
1713,S,S3,MESO,14w,28.74753628,224,1,1,1,0,0,1,18.68871972,19.85707479
1714,S,S3,MESO,14w,25.51758633,20.34,1,0,0,2,1,1,8.062377036,18.34776026
1715,S,S3,MESO,14w,NA,NA,NA,NA,NA,NA,NA,NA,NA,NA
1716,S,S3,MESO,14w,10.92716611,46.4,3,0,0,0,0,1,7.999623098,8.527939965
1717,C,C3,MEGA,14w,NA,NA,NA,NA,NA,NA,NA,NA,NA,NA
1718,N,N2,LMH,14w,NA,NA,NA,NA,NA,NA,NA,NA,NA,NA
1719,S,S1,MESO,14w,NA,NA,NA,NA,NA,0,0,NA,NA,2.800307413
1,C,C1,CONT,14s,NA,NA,NA,NA,NA,NA,NA,NA,NA,NA
2,C,C1,CONT,14s,NA,NA,NA,NA,NA,0,0,NA,NA,12.86043596
3,C,C1,CONT,14s,NA,NA,NA,NA,NA,NA,NA,NA,NA,NA
4,C,C1,CONT,14s,NA,NA,NA,NA,NA,NA,NA,NA,NA,NA
5,C,C1,LMH,14s,NA,NA,NA,NA,NA,NA,NA,NA,NA,NA
6,C,C1,LMH,14s,NA,NA,NA,NA,NA,NA,NA,NA,NA,NA
7,C,C1,LMH,14s,NA,NA,NA,NA,NA,NA,NA,NA,NA,NA
8,C,C1,LMH,14s,9.621127502,13.4,2,0,0,0,0,NA,5.064439585,7.921236641
9,C,C1,LMH,14s,NA,NA,NA,NA,NA,NA,NA,NA,NA,NA
10,C,C1,LMH,14s,NA,NA,NA,NA,NA,NA,NA,NA,NA,NA
11,C,C1,LMH,14s,NA,NA,NA,NA,NA,NA,NA,NA,NA,NA
12,C,C1,MEGA,14s,NA,NA,NA,NA,NA,NA,NA,NA,NA,NA
13,C,C1,MEGA,14s,NA,NA,NA,NA,NA,NA,NA,NA,NA,NA
14,C,C1,MESO,14s,NA,NA,NA,NA,NA,NA,NA,NA,NA,NA
15,C,C1,MESO,14s,NA,NA,NA,NA,NA,NA,NA,NA,NA,NA
16,C,C1,MESO,14s,NA,NA,NA,NA,NA,NA,NA,NA,NA,NA
17,C,C1,MESO,14s,NA,NA,NA,NA,NA,NA,NA,NA,NA,NA
18,C,C1,MESO,14s,NA,NA,NA,NA,NA,NA,NA,NA,NA,NA
19,C,C2,LMH,14s,NA,NA,NA,NA,NA,NA,NA,NA,NA,NA
20,C,C2,LMH,14s,NA,NA,NA,NA,NA,NA,NA,NA,NA,NA
21,C,C2,LMH,14s,NA,NA,NA,NA,NA,NA,NA,NA,NA,NA
22,C,C2,LMH,14s,NA,NA,NA,NA,NA,NA,NA,NA,NA,NA
23,C,C2,LMH,14s,NA,NA,NA,NA,NA,NA,NA,NA,NA,NA
24,C,C2,LMH,14s,NA,NA,NA,NA,NA,NA,NA,NA,NA,NA
25,C,C2,LMH,14s,NA,NA,NA,NA,NA,NA,NA,NA,NA,NA
26,C,C2,MEGA,14s,NA,NA,NA,NA,NA,NA,NA,NA,NA,NA
27,C,C2,MEGA,14s,NA,NA,NA,NA,NA,NA,NA,NA,NA,NA
28,C,C3,CONT,14s,NA,NA,NA,NA,NA,NA,NA,NA,NA,NA
29,C,C3,CONT,14s,NA,NA,NA,NA,NA,NA,NA,NA,NA,NA
30,C,C3,CONT,14s,NA,NA,NA,NA,NA,NA,NA,NA,NA,NA
31,C,C3,LMH,14s,NA,NA,NA,NA,NA,NA,NA,NA,NA,NA
32,C,C3,LMH,14s,NA,NA,NA,NA,NA,NA,NA,NA,NA,NA
33,C,C3,LMH,14s,NA,NA,NA,NA,NA,NA,NA,NA,NA,NA
34,C,C3,LMH,14s,NA,NA,NA,NA,NA,NA,NA,NA,NA,NA
35,C,C3,LMH,14s,2.350618163,15,1,0,0,NA,NA,NA,3.285151103,NA
36,C,C3,LMH,14s,NA,NA,NA,NA,NA,NA,NA,NA,NA,NA
37,C,C3,MEGA,14s,NA,NA,NA,NA,NA,NA,NA,NA,NA,NA
38,C,C3,MEGA,14s,NA,NA,NA,NA,NA,NA,NA,NA,NA,NA
39,C,C3,MEGA,14s,NA,NA,NA,NA,NA,NA,NA,NA,NA,NA
40,C,C3,MEGA,14s,NA,NA,NA,NA,NA,NA,NA,NA,NA,NA
41,C,C3,MESO,14s,NA,NA,NA,NA,NA,NA,NA,NA,NA,NA
42,C,C3,MESO,14s,NA,NA,NA,NA,NA,NA,NA,NA,NA,NA
43,N,N1,CONT,14s,NA,NA,NA,NA,NA,NA,NA,NA,NA,NA
44,N,N1,CONT,14s,NA,NA,NA,NA,NA,NA,NA,NA,NA,NA
45,N,N1,CONT,14s,NA,NA,NA,NA,NA,NA,NA,NA,NA,NA
46,N,N1,CONT,14s,NA,NA,NA,NA,NA,NA,NA,NA,NA,NA
47,N,N1,CONT,14s,NA,NA,NA,NA,NA,NA,NA,NA,NA,NA
48,N,N1,LMH,14s,NA,NA,NA,NA,NA,NA,NA,NA,NA,NA
49,N,N1,LMH,14s,NA,NA,NA,NA,NA,NA,NA,NA,NA,NA
50,N,N1,LMH,14s,NA,NA,NA,NA,NA,NA,NA,NA,NA,NA
51,N,N1,LMH,14s,NA,NA,NA,NA,NA,NA,NA,NA,NA,NA
52,N,N1,LMH,14s,NA,NA,NA,NA,NA,NA,NA,NA,NA,NA
53,N,N1,LMH,14s,NA,NA,NA,NA,NA,NA,NA,NA,NA,NA
54,N,N1,MEGA,14s,NA,NA,NA,NA,NA,NA,NA,NA,NA,NA
55,N,N1,MEGA,14s,NA,NA,NA,NA,NA,NA,NA,NA,NA,NA
56,N,N1,MEGA,14s,NA,NA,NA,NA,NA,NA,NA,NA,NA,NA
57,N,N1,MEGA,14s,NA,NA,NA,NA,NA,NA,NA,NA,NA,NA
58,N,N1,MEGA,14s,NA,NA,NA,NA,NA,NA,NA,NA,NA,NA
59,N,N1,MEGA,14s,NA,NA,NA,NA,NA,NA,NA,NA,NA,NA
60,N,N1,MEGA,14s,NA,NA,NA,NA,NA,NA,NA,NA,NA,NA
61,N,N1,MEGA,14s,NA,NA,NA,NA,NA,NA,NA,NA,NA,NA
62,N,N1,MESO,14s,NA,NA,NA,NA,NA,NA,NA,NA,NA,NA
63,N,N1,MESO,14s,NA,NA,NA,NA,NA,NA,NA,NA,NA,NA
64,N,N1,MESO,14s,NA,NA,NA,NA,NA,NA,NA,NA,NA,NA
65,N,N1,MESO,14s,NA,NA,NA,NA,NA,NA,NA,NA,NA,NA
66,N,N1,MESO,14s,NA,NA,NA,NA,NA,NA,NA,NA,NA,NA
67,N,N1,MESO,14s,NA,NA,NA,NA,NA,NA,NA,NA,NA,NA
68,N,N1,MESO,14s,NA,NA,NA,NA,NA,NA,NA,NA,NA,NA
69,N,N1,MESO,14s,NA,NA,NA,NA,NA,NA,NA,NA,NA,NA
70,N,N1p,CONT,14s,NA,NA,NA,NA,NA,NA,NA,NA,NA,NA
71,N,N1p,CONT,14s,NA,NA,NA,NA,NA,NA,NA,NA,NA,NA
72,N,N1p,CONT,14s,NA,NA,NA,NA,NA,NA,NA,NA,NA,NA
73,N,N1p,CONT,14s,NA,NA,NA,NA,NA,NA,NA,NA,NA,NA
74,N,N1p,CONT,14s,NA,NA,NA,NA,NA,NA,NA,NA,NA,NA
75,N,N1p,CONT,14s,NA,NA,NA,NA,NA,NA,NA,NA,NA,NA
76,N,N1p,CONT,14s,NA,NA,NA,NA,NA,NA,NA,NA,NA,NA
77,N,N1p,CONT,14s,NA,NA,NA,NA,NA,NA,NA,NA,NA,NA
78,N,N1p,CONT,14s,NA,NA,NA,NA,NA,NA,NA,NA,NA,NA
79,N,N2,CONT,14s,NA,NA,NA,NA,NA,NA,NA,NA,NA,NA
80,N,N2,CONT,14s,NA,NA,NA,NA,NA,NA,NA,NA,NA,NA
81,N,N2,CONT,14s,NA,NA,NA,NA,NA,NA,NA,NA,NA,NA
82,N,N2,CONT,14s,NA,NA,NA,NA,NA,NA,NA,NA,NA,NA
83,N,N2,CONT,14s,NA,NA,NA,NA,NA,NA,NA,NA,NA,NA
84,N,N2,CONT,14s,NA,NA,NA,NA,NA,NA,NA,NA,NA,NA
85,N,N2,CONT,14s,NA,NA,NA,NA,NA,NA,NA,NA,NA,NA
86,N,N2,LMH,14s,NA,NA,NA,NA,NA,NA,NA,NA,NA,NA
87,N,N2,LMH,14s,NA,NA,NA,NA,NA,NA,NA,NA,NA,NA
88,N,N2,LMH,14s,NA,NA,NA,NA,NA,NA,NA,NA,NA,NA
89,N,N2,MEGA,14s,NA,NA,NA,NA,NA,NA,NA,NA,NA,NA
90,N,N2,MEGA,14s,NA,NA,NA,NA,NA,NA,NA,NA,NA,NA
91,N,N2,MEGA,14s,NA,NA,NA,NA,NA,NA,NA,NA,NA,NA
92,N,N2,MESO,14s,NA,NA,NA,NA,NA,NA,NA,NA,NA,NA
93,N,N2,MESO,14s,NA,NA,NA,NA,NA,NA,NA,NA,NA,NA
94,N,N2,MESO,14s,269.1585424,221,NA,0,0,NA,NA,NA,39.25797174,NA
95,N,N2p,CONT,14s,NA,NA,NA,NA,NA,NA,NA,NA,NA,NA
96,N,N2p,CONT,14s,NA,NA,NA,NA,NA,NA,NA,NA,NA,NA
97,N,N2p,CONT,14s,NA,NA,NA,NA,NA,NA,NA,NA,NA,NA
98,N,N2p,CONT,14s,NA,NA,NA,NA,NA,NA,NA,NA,NA,NA
99,N,N2p,CONT,14s,NA,NA,NA,NA,NA,NA,NA,NA,NA,NA
100,N,N2p,CONT,14s,NA,NA,NA,NA,NA,NA,NA,NA,NA,NA
101,N,N3,CONT,14s,NA,NA,NA,NA,NA,NA,NA,NA,NA,NA
102,N,N3,CONT,14s,NA,NA,NA,NA,NA,NA,NA,NA,NA,NA
103,N,N3,CONT,14s,NA,NA,NA,NA,NA,NA,NA,NA,NA,NA
104,N,N3,CONT,14s,NA,NA,NA,NA,NA,NA,NA,NA,NA,NA
105,N,N3,CONT,14s,NA,NA,NA,NA,NA,NA,NA,NA,NA,NA
106,N,N3,CONT,14s,NA,NA,NA,NA,NA,NA,NA,NA,NA,NA
107,N,N3,CONT,14s,NA,NA,NA,NA,NA,NA,NA,NA,NA,NA
108,N,N3,CONT,14s,NA,NA,NA,NA,NA,NA,NA,NA,NA,NA
109,N,N3,CONT,14s,NA,NA,NA,NA,NA,NA,NA,NA,NA,NA
110,N,N3,CONT,14s,NA,NA,NA,NA,NA,NA,NA,NA,NA,NA
111,N,N3,CONT,14s,NA,NA,NA,NA,NA,NA,NA,NA,NA,NA
112,N,N3,LMH,14s,NA,NA,NA,NA,NA,NA,NA,NA,NA,NA
113,N,N3,LMH,14s,NA,NA,NA,NA,NA,NA,NA,NA,NA,NA
114,N,N3,MEGA,14s,NA,NA,NA,NA,NA,NA,NA,NA,NA,NA
115,N,N3,MEGA,14s,NA,NA,NA,NA,NA,NA,NA,NA,NA,NA
116,N,N3,MESO,14s,NA,NA,NA,NA,NA,NA,NA,NA,NA,NA
117,N,N3,MESO,14s,NA,NA,NA,NA,NA,NA,NA,NA,NA,NA
118,N,N3,MESO,14s,NA,NA,NA,NA,NA,NA,NA,NA,NA,NA
119,N,N3,MESO,14s,NA,NA,NA,NA,NA,NA,NA,NA,NA,NA
120,S,S1,CONT,14s,NA,NA,NA,NA,NA,NA,NA,NA,NA,NA
121,S,S1,CONT,14s,NA,NA,NA,NA,NA,NA,NA,NA,NA,NA
122,S,S1,CONT,14s,NA,NA,NA,NA,NA,NA,NA,NA,NA,NA
123,S,S1,CONT,14s,NA,NA,NA,NA,NA,NA,NA,NA,NA,NA
124,S,S1,CONT,14s,NA,NA,NA,NA,NA,NA,NA,NA,NA,NA
125,S,S1,CONT,14s,NA,NA,NA,NA,NA,NA,NA,NA,NA,NA
126,S,S1,CONT,14s,NA,NA,NA,NA,NA,NA,NA,NA,NA,NA
127,S,S1,LMH,14s,NA,NA,NA,NA,NA,NA,NA,NA,NA,NA
128,S,S1,LMH,14s,NA,NA,NA,NA,NA,NA,NA,NA,NA,NA
129,S,S1,LMH,14s,NA,NA,NA,NA,NA,NA,NA,NA,NA,NA
130,S,S1,LMH,14s,NA,NA,NA,NA,NA,NA,NA,NA,NA,NA
131,S,S1,MEGA,14s,NA,NA,NA,NA,NA,NA,NA,NA,NA,NA
132,S,S1,MEGA,14s,NA,NA,NA,NA,NA,NA,NA,NA,NA,NA
133,S,S1p,CONT,14s,NA,NA,NA,NA,NA,NA,NA,NA,NA,NA
134,S,S1p,CONT,14s,NA,NA,NA,NA,NA,NA,NA,NA,NA,NA
135,S,S1p,CONT,14s,NA,NA,NA,NA,NA,NA,NA,NA,NA,NA
136,S,S1p,CONT,14s,NA,NA,NA,NA,NA,NA,NA,NA,NA,NA
137,S,S1p,CONT,14s,NA,NA,NA,NA,NA,NA,NA,NA,NA,NA
138,S,S1p,CONT,14s,NA,NA,NA,NA,NA,NA,NA,NA,NA,NA
139,S,S1p,CONT,14s,NA,NA,NA,NA,NA,NA,NA,NA,NA,NA
140,S,S1p,CONT,14s,NA,NA,NA,NA,NA,NA,NA,NA,NA,NA
141,S,S1p,CONT,14s,NA,NA,NA,NA,NA,NA,NA,NA,NA,NA
142,S,S1p,CONT,14s,NA,NA,NA,NA,NA,NA,NA,NA,NA,NA
143,S,S2,CONT,14s,NA,NA,NA,NA,NA,NA,NA,NA,NA,NA
144,S,S2,CONT,14s,NA,NA,NA,NA,NA,NA,NA,NA,NA,NA
145,S,S2,CONT,14s,NA,NA,NA,NA,NA,NA,NA,NA,NA,NA
146,S,S2,CONT,14s,NA,NA,NA,NA,NA,NA,NA,NA,NA,NA
147,S,S2,CONT,14s,NA,NA,NA,NA,NA,NA,NA,NA,NA,NA
148,S,S2,CONT,14s,NA,NA,NA,NA,NA,NA,NA,NA,NA,NA
149,S,S2,LMH,14s,NA,NA,NA,NA,NA,NA,NA,NA,NA,NA
150,S,S2,LMH,14s,NA,NA,NA,NA,NA,NA,NA,NA,NA,NA
151,S,S2,LMH,14s,NA,NA,NA,NA,NA,NA,NA,NA,NA,NA
152,S,S2,MEGA,14s,NA,NA,NA,NA,NA,NA,NA,NA,NA,NA
153,S,S2,MEGA,14s,NA,NA,NA,NA,NA,NA,NA,NA,NA,NA
154,S,S2,MEGA,14s,NA,NA,NA,NA,NA,NA,NA,NA,NA,NA
155,S,S2,MEGA,14s,NA,NA,NA,NA,NA,NA,NA,NA,NA,NA
156,S,S2,MEGA,14s,NA,NA,NA,NA,NA,NA,NA,NA,NA,NA
157,S,S2,MEGA,14s,NA,NA,NA,NA,NA,NA,NA,NA,NA,NA
158,S,S2,MEGA,14s,NA,NA,NA,NA,NA,NA,NA,NA,NA,NA
159,S,S2,MEGA,14s,NA,NA,NA,NA,NA,NA,NA,NA,NA,NA
160,S,S2,MEGA,14s,NA,NA,NA,NA,NA,NA,NA,NA,NA,NA
161,S,S2,MEGA,14s,NA,NA,NA,NA,NA,NA,NA,NA,NA,NA
162,S,S2,MEGA,14s,NA,NA,NA,NA,NA,NA,NA,NA,NA,NA
163,S,S2,MEGA,14s,NA,NA,NA,NA,NA,NA,NA,NA,NA,NA
164,S,S2,MEGA,14s,NA,NA,NA,NA,NA,NA,NA,NA,NA,NA
165,S,S2,MESO,14s,NA,NA,NA,NA,NA,NA,NA,NA,NA,NA
166,S,S2,MESO,14s,NA,NA,NA,NA,NA,NA,NA,NA,NA,NA
167,S,S2,MESO,14s,NA,NA,NA,NA,NA,NA,NA,NA,NA,NA
168,S,S2,MESO,14s,NA,NA,NA,NA,NA,NA,NA,NA,NA,NA
169,S,S2p,CONT,14s,NA,NA,NA,NA,NA,NA,NA,NA,NA,NA
170,S,S2p,CONT,14s,NA,NA,NA,NA,NA,NA,NA,NA,NA,NA
171,S,S2p,CONT,14s,NA,NA,NA,NA,NA,NA,NA,NA,NA,NA
172,S,S2p,CONT,14s,NA,NA,NA,NA,NA,NA,NA,NA,NA,NA
173,S,S2p,CONT,14s,NA,NA,NA,NA,NA,NA,NA,NA,NA,NA
174,S,S2p,CONT,14s,NA,NA,NA,NA,NA,NA,NA,NA,NA,NA
175,S,S2p,CONT,14s,NA,NA,NA,NA,NA,NA,NA,NA,NA,NA
176,S,S2p,CONT,14s,NA,NA,NA,NA,NA,NA,NA,NA,NA,NA
177,S,S2p,CONT,14s,NA,NA,NA,NA,NA,NA,NA,NA,NA,NA
178,S,S2p,CONT,14s,NA,NA,NA,NA,NA,NA,NA,NA,NA,NA
179,S,S2p,CONT,14s,NA,NA,NA,NA,NA,NA,NA,NA,NA,NA
180,S,S2p,CONT,14s,NA,NA,NA,NA,NA,NA,NA,NA,NA,NA
181,S,S2p,CONT,14s,NA,NA,NA,NA,NA,NA,NA,NA,NA,NA
182,S,S2p,CONT,14s,NA,NA,NA,NA,NA,NA,NA,NA,NA,NA
183,S,S2p,CONT,14s,NA,NA,NA,NA,NA,NA,NA,NA,NA,NA
184,S,S2p,CONT,14s,NA,NA,NA,NA,NA,NA,NA,NA,NA,NA
185,S,S2p,CONT,14s,NA,NA,NA,NA,NA,NA,NA,NA,NA,NA
186,S,S2p,CONT,14s,NA,NA,NA,NA,NA,NA,NA,NA,NA,NA
187,S,S3,CONT,14s,NA,NA,NA,NA,NA,NA,NA,NA,NA,NA
188,S,S3,CONT,14s,NA,NA,NA,NA,NA,NA,NA,NA,NA,NA
189,S,S3,CONT,14s,NA,NA,NA,NA,NA,NA,NA,NA,NA,NA
190,S,S3,CONT,14s,NA,NA,NA,NA,NA,NA,NA,NA,NA,NA
191,S,S3,CONT,14s,NA,NA,NA,NA,NA,NA,NA,NA,NA,NA
192,S,S3,CONT,14s,NA,NA,NA,NA,NA,NA,NA,NA,NA,NA
193,S,S3,LMH,14s,NA,NA,NA,NA,NA,NA,NA,NA,NA,NA
194,S,S3,LMH,14s,NA,NA,NA,NA,NA,NA,NA,NA,NA,NA
195,S,S3,LMH,14s,NA,NA,NA,NA,NA,NA,NA,NA,NA,NA
196,S,S3,LMH,14s,NA,NA,NA,NA,NA,NA,NA,NA,NA,NA
197,S,S3,LMH,14s,NA,NA,NA,NA,NA,NA,NA,NA,NA,NA
198,S,S3,LMH,14s,NA,NA,NA,NA,NA,NA,NA,NA,NA,NA
199,S,S3,LMH,14s,NA,NA,NA,NA,NA,NA,NA,NA,NA,NA
200,S,S3,LMH,14s,NA,NA,NA,NA,NA,NA,NA,NA,NA,NA
201,S,S3,LMH,14s,NA,NA,NA,NA,NA,NA,NA,NA,NA,NA
202,S,S3,LMH,14s,NA,NA,NA,NA,NA,NA,NA,NA,NA,NA
203,S,S3,LMH,14s,NA,NA,NA,NA,NA,NA,NA,NA,NA,NA
204,S,S3,LMH,14s,NA,NA,NA,NA,NA,NA,NA,NA,NA,NA
205,S,S3,LMH,14s,NA,NA,NA,NA,NA,NA,NA,NA,NA,NA
206,S,S3,LMH,14s,NA,NA,NA,NA,NA,NA,NA,NA,NA,NA
207,S,S3,MEGA,14s,NA,NA,NA,NA,NA,NA,NA,NA,NA,NA
208,S,S3,MEGA,14s,NA,NA,NA,NA,NA,NA,NA,NA,NA,NA
209,S,S3,MEGA,14s,NA,NA,NA,NA,NA,NA,NA,NA,NA,NA
210,S,S3,MEGA,14s,NA,NA,NA,NA,NA,NA,NA,NA,NA,NA
211,S,S3,MESO,14s,NA,NA,NA,NA,NA,NA,NA,NA,NA,NA
212,S,S3,MESO,14s,NA,NA,NA,NA,NA,NA,NA,NA,NA,NA
213,S,S3,MESO,14s,NA,NA,NA,NA,NA,NA,NA,NA,NA,NA
214,S,S3,MESO,14s,NA,NA,NA,NA,NA,NA,NA,NA,NA,NA
215,S,S3,MESO,14s,NA,NA,NA,NA,NA,NA,NA,NA,NA,NA
216,S,S3,MESO,14s,NA,NA,NA,NA,NA,NA,NA,NA,NA,NA
217,S,S3,NA,14s,NA,NA,NA,NA,NA,NA,NA,NA,NA,NA
218,C,C1,CONT,14s,NA,NA,NA,NA,NA,0,0,1,NA,7.634610858
219,C,C1,CONT,14s,76.95566824,48,3,0,0,0,0,1,15.52385348,13.77598968
220,C,C1,CONT,14s,30.77786907,27,NA,0,0,NA,NA,0,9.434214109,8.355644721
221,C,C1,CONT,14s,NA,NA,NA,NA,NA,NA,NA,NA,NA,NA
222,C,C1,CONT,14s,17.9450914,155,1,0,0,0,0,1,14.12107852,12.97087448
223,C,C1,CONT,14s,41.39645224,14,2,0,0,NA,NA,0,8.364782781,7.895543157
224,C,C1,CONT,14s,74.20316184,53,NA,0,0,NA,NA,NA,15.85206,12.7232355
225,C,C1,CONT,14s,53.09645014,98,3,0,0,0,0,1,17.40521845,15.08722125
226,C,C1,CONT,14s,NA,NA,NA,NA,NA,NA,NA,NA,NA,NA
227,C,C1,CONT,14s,26.7864756,22,1,0,0,0,0,1,8.411512652,7.843944414
228,C,C1,CONT,14s,71.93061225,79.5,2,0,0,0,0,1,17.96237318,12.40064968
229,C,C1,CONT,14s,67.05541024,17,1,0,0,0,0,1,10.48423233,10.31228322
230,C,C1,CONT,14s,NA,NA,NA,NA,NA,NA,NA,NA,NA,NA
231,C,C1,CONT,14s,17.20210473,71,1,0,0,0,0,1,10.72847043,10.70228739
232,C,C1,CONT,14s,NA,NA,NA,NA,NA,NA,NA,NA,NA,NA
233,C,C1,CONT,14s,NA,NA,NA,NA,NA,NA,NA,NA,NA,NA
234,C,C1,CONT,14s,52.53316257,42,2,0,0,0,0,1,13.0702683,11.5702113
235,C,C1,CONT,14s,35.36184545,91,NA,0,0,NA,NA,NA,14.82518574,NA
236,C,C1,CONT,14s,NA,NA,NA,NA,NA,NA,NA,NA,NA,NA
237,C,C1,CONT,14s,11.70211848,24,NA,0,0,0,0,1,6.567811581,6.730282152
238,C,C1,CONT,14s,23.07217061,20,NA,NA,NA,NA,NA,NA,7.751981858,7.973007021
239,C,C1,CONT,14s,27.24711162,172,1,0,0,0,0,1,16.80770845,13.80297085
240,C,C1,CONT,14s,NA,NA,NA,NA,NA,NA,NA,NA,NA,NA
241,C,C1,CONT,14s,48.52158438,43,3,0,0,0,0,1,12.82858782,10.72216094
242,C,C1,CONT,14s,17.87008587,86.5,1,0,0,0,0,1,11.60623819,6.268932987
243,C,C1,CONT,14s,NA,NA,NA,NA,NA,NA,NA,NA,NA,NA
244,C,C1,CONT,14s,NA,NA,NA,NA,NA,NA,NA,NA,NA,NA
245,C,C1,CONT,14s,NA,NA,NA,NA,NA,NA,NA,NA,NA,NA
246,C,C1,CONT,14s,51.27581865,73,2,0,0,NA,NA,0,15.59266583,10.82515172
247,C,C1,CONT,14s,19.32205146,88,1,0,0,0,0,1,11.98148189,11.55741861
248,C,C1,CONT,14s,28.93791679,142,1,0,0,0,0,1,16.08599662,14.40019897
249,C,C1,CONT,14s,NA,NA,NA,NA,NA,NA,NA,NA,NA,NA
250,C,C1,CONT,14s,NA,NA,NA,NA,NA,NA,NA,NA,NA,NA
251,C,C1,CONT,14s,4.637697615,40,1,0,0,NA,NA,NA,5.718604634,NA
252,C,C1,CONT,14s,4.561671073,45,2,0,0,NA,NA,NA,5.915218059,NA
253,C,C1,CONT,14s,NA,NA,NA,NA,NA,NA,NA,NA,NA,NA
254,C,C1,CONT,14s,1.22718463,29,1,0,0,NA,NA,NA,3.295355574,NA
255,C,C1,CONT,14s,6.469246132,135,1,0,0,NA,NA,NA,9.592060262,NA
256,C,C1,CONT,14s,9.953822164,17,2,0,0,0,0,1,5.545766996,NA
257,C,C1,CONT,14s,NA,NA,NA,NA,NA,NA,NA,NA,NA,NA
258,C,C1,CONT,14s,NA,NA,NA,NA,NA,NA,NA,NA,NA,NA
259,C,C1,CONT,14s,47.66118069,113,NA,NA,NA,NA,NA,NA,17.60642083,NA
260,C,C1,CONT,14s,NA,NA,NA,NA,NA,NA,NA,NA,NA,NA
261,C,C1,CONT,14s,13.7885287,18,1,0,0,0,0,1,6.302283162,6.215731121
262,C,C1,CONT,14s,19.47818861,39,1,0,0,0,0,1,9.155651458,9.209976201
263,C,C1,CONT,14s,26.14818251,69,2,0,0,0,0,1,12.22105528,12.05215302
264,C,C1,CONT,14s,NA,NA,NA,NA,NA,NA,NA,NA,NA,NA
265,C,C1,CONT,14s,9.897980354,32,1,0,0,0,0,1,6.836826324,6.841277659
266,C,C1,CONT,14s,15.62282611,38,1,0,0,0,0,1,8.432261524,8.843885888
267,C,C1,CONT,14s,52.55287607,118,1,0,0,0,0,1,18.45501468,8.995882074
268,C,C1,CONT,14s,8.709201694,94,1,0,0,0,0,1,9.387220295,11.37235355
269,C,C1,CONT,14s,12.13039609,155,1,0,0,0,0,1,12.3905325,12.27727401
270,C,C1,CONT,14s,18.4745283,159,1,0,0,0,0,1,14.38062575,16.78492179
271,C,C1,CONT,14s,67.05541024,45,1,0,0,0,0,1,14.51027871,13.47220848
272,C,C1,LMH,14s,NA,NA,NA,NA,NA,NA,NA,NA,NA,NA
273,C,C1,LMH,14s,NA,NA,NA,NA,NA,NA,NA,NA,NA,NA
274,C,C1,LMH,14s,NA,NA,NA,NA,NA,NA,NA,NA,NA,NA
275,C,C1,LMH,14s,244.9465234,239,4,0,0,0,0,1,39.04935502,36.64733903
276,C,C1,LMH,14s,17.27569654,13.7,1,1,1,0,0,1,6.203105625,13.50231567
277,C,C1,LMH,14s,52.16810951,267,1,0,0,0,0,1,24.17917643,21.82766095
278,C,C1,LMH,14s,8.193980499,68.2,1,0,0,0,0,1,8.263725789,9.986190175
279,C,C1,LMH,14s,NA,NA,NA,NA,NA,NA,NA,NA,NA,NA
280,C,C1,LMH,14s,NA,NA,NA,NA,NA,NA,NA,NA,NA,NA
281,C,C1,LMH,14s,NA,NA,NA,NA,NA,NA,NA,NA,NA,NA
282,C,C1,LMH,14s,NA,NA,NA,NA,NA,NA,NA,NA,NA,NA
283,C,C1,LMH,14s,53.58583173,214,1,1,1,0,0,1,22.65933193,23.05316622
284,C,C1,LMH,14s,NA,NA,NA,NA,NA,NA,NA,NA,NA,NA
285,C,C1,LMH,14s,15.69296216,136.7,1,0,0,0,0,1,12.94817054,7.539296759
286,C,C1,LMH,14s,78.0692843,187,1,10,1,0,0,1,24.56144068,23.85804453
287,C,C1,LMH,14s,NA,NA,NA,NA,NA,NA,NA,NA,NA,NA
288,C,C1,LMH,14s,NA,NA,NA,NA,NA,NA,NA,NA,NA,NA
289,C,C1,LMH,14s,45.12615104,211.4,1,0,0,0,0,1,21.30896758,23.59429458
290,C,C1,LMH,14s,52.16810951,237,1,0,0,0,0,1,23.23595448,25.86658813
291,C,C1,LMH,14s,43.9433414,184,1,0,0,0,0,1,20.16436707,18.35111576
292,C,C1,LMH,14s,62.91235638,303,2,1,1,0,0,1,26.84927004,22.57146102
293,C,C1,LMH,14s,21.23716634,152,2,1,1,0,0,1,14.84073672,16.43173437
294,C,C1,LMH,14s,32.37128486,335,1,0,0,NA,NA,1,22.24069025,24.75386482
295,C,C1,LMH,14s,23.75829444,72,1,0,0,0,0,1,12.00556211,15.8668635
296,C,C1,LMH,14s,38.15534964,154,1,3,1,0,0,1,18.12598234,18.55867971
297,C,C1,LMH,14s,32.87747398,147,2,0,0,NA,NA,NA,16.9813032,NA
298,C,C1,LMH,14s,NA,NA,NA,NA,NA,NA,NA,NA,NA,NA
299,C,C1,LMH,14s,1.790786352,13,1,0,0,0,0,1,2.860006449,5.181977223
300,C,C1,LMH,14s,61.09800809,18,1,0,0,NA,NA,0,10.35939058,8.201344293
301,C,C1,LMH,14s,42.08351855,251,1,0,0,0,0,1,22.04631707,22.15146771
302,C,C1,LMH,14s,31.47004047,101,2,0,0,0,0,1,14.7642538,14.88554141
303,C,C1,LMH,14s,50.0144692,252,1,0,0,0,0,1,23.38545033,21.6444906
304,C,C1,LMH,14s,2.86521104,30,1,0,0,0,0,1,4.423401348,5.280930539
305,C,C1,LMH,14s,23.58582101,178,1,0,0,1,1,1,16.20160001,16.68066674
306,C,C1,LMH,14s,2.986476516,9,1,0,0,0,0,1,3.000571731,3.551277586
307,C,C1,LMH,14s,4.19096314,15,2,0,0,0,0,1,3.98469775,6.109292555
308,C,C1,LMH,14s,37.50127005,131,3,0,0,0,0,1,17.07425808,18.919171
309,C,C1,LMH,14s,8.656972716,49,1,0,0,NA,NA,NA,7.537172651,NA
310,C,C1,LMH,14s,4.714352476,26,1,0,0,0,0,1,4.979758683,5.873012215
311,C,C1,LMH,14s,6.514406526,41,2,0,0,0,0,1,6.458580835,7.221984983
312,C,C1,LMH,14s,29.80240455,58,2,0,0,0,0,1,12.047456,15.61280042
313,C,C1,LMH,14s,46.20411001,200,1,0,0,NA,NA,0,21.08374362,NA
314,C,C1,LMH,14s,30.67961576,124,1,0,0,0,0,1,15.67723173,9.958365664
315,C,C1,LMH,14s,0.636172512,15,1,0,0,0,0,1,2.123539636,2.501153469
316,C,C1,MEGA,14s,14.18625433,65.1,1,0,0,NA,NA,NA,9.772630983,NA
317,C,C1,MEGA,14s,35.36184545,65.5,1,0,0,0,0,1,13.28392772,13.01930419
318,C,C1,MEGA,14s,51.40281754,59.4,NA,NA,NA,NA,NA,NA,14.56757986,13.60460726
319,C,C1,MEGA,14s,94.28610704,82.2,1,1,1,0,0,1,19.88129435,13.99300799
320,C,C1,MEGA,14s,62.89570594,51.3,3,0,0,0,0,1,14.83843475,8.335058878
321,C,C1,MEGA,14s,69.98965777,213,1,0,0,4,1,1,24.7336995,23.11463815
322,C,C1,MEGA,14s,15.55284713,61.4,NA,NA,NA,NA,NA,NA,9.882394141,9.614363026
323,C,C1,MEGA,14s,19.87128039,169,1,0,0,2,1,1,15.03794339,15.15194294
324,C,C1,MEGA,14s,22.7328786,124,NA,NA,NA,NA,NA,NA,14.18416491,8.342394774
325,C,C1,MEGA,14s,22.56417508,231,1,0,0,4,1,1,17.41512059,17.86074587
326,C,C1,MEGA,14s,34.00491304,227,2,1,1,5,1,1,19.85453652,19.65344702
327,C,C1,MEGA,14s,18.17105045,126,1,0,0,0,0,1,13.23270708,11.28174546
328,C,C1,MEGA,14s,10.52087964,45,NA,NA,NA,NA,NA,NA,7.818687673,NA
329,C,C1,MEGA,14s,10.46346703,172,1,0,0,0,0,1,12.21085202,12.30493116
330,C,C1,MEGA,14s,51.27581865,233,3,NA,1,NA,NA,1,22.97159781,25.73885283
331,C,C1,MEGA,14s,30.52198635,47,6,0,0,0,0,1,11.3204597,16.85651063
332,C,C1,MEGA,14s,NA,NA,NA,NA,NA,NA,NA,NA,NA,NA
333,C,C1,MEGA,14s,10.00982105,37.5,2,0,0,0,0,1,7.235683704,7.732870573
334,C,C1,MEGA,14s,44.60661015,45,2,0,0,0,0,1,12.66406014,14.85166082
335,C,C1,MEGA,14s,15.55284713,175,1,0,0,2,1,1,14.01909139,13.73959748
336,C,C1,MEGA,14s,48.49213194,249,3,NA,1,1,1,1,23.05300848,25.56673125
337,C,C1,MEGA,14s,7.596449576,65,1,0,0,1,1,1,7.929207088,6.005145593
338,C,C1,MEGA,14s,NA,NA,NA,NA,NA,NA,NA,NA,NA,12.33566982
339,C,C1,MEGA,14s,NA,NA,NA,NA,NA,NA,NA,NA,NA,NA
340,C,C1,MEGA,14s,50.13989729,177,2,2,1,2,1,1,20.80115157,20.86040681
341,C,C1,MEGA,14s,76.77557645,221,2,1,1,1,1,1,25.82569468,26.62470895
342,C,C1,MEGA,14s,NA,NA,NA,NA,NA,NA,NA,NA,NA,NA
343,C,C1,MEGA,14s,5.982849049,85.4,1,0,0,0,0,1,8.020191,8.428361163
344,C,C1,MEGA,14s,11.46084416,109,1,0,0,0,0,1,10.80962392,9.889678497
345,C,C1,MEGA,14s,8.50122826,104.4,1,0,0,0,0,1,9.643775274,9.86599534
346,C,C1,MEGA,14s,71.93061225,169,2,2,1,0,0,1,23.1049872,22.48311647
347,C,C1,MEGA,14s,67.34600756,175.5,1,0,0,2,1,1,22.8891119,22.28734226
348,C,C1,MEGA,14s,35.46732442,400,1,NA,NA,NA,NA,1,24.32780726,23.76863946
349,C,C1,MEGA,14s,13.46141036,135,1,0,0,0,0,1,12.25053067,12.52970697
350,C,C1,MEGA,14s,NA,NA,NA,NA,NA,NA,NA,NA,NA,NA
351,C,C1,MEGA,14s,NA,NA,NA,NA,NA,NA,NA,NA,NA,NA
352,C,C1,MEGA,14s,52.93905635,255.5,1,NA,1,2,1,1,23.94336461,24.27462832
353,C,C1,MEGA,14s,100.4053797,240,3,5,1,NA,NA,NA,29.03453222,NA
354,C,C1,MEGA,14s,39.86971675,239,3,NA,1,NA,NA,NA,21.30090621,NA
355,C,C1,MEGA,14s,43.1247209,NA,NA,NA,NA,0,0,1,NA,NA
356,C,C1,MEGA,14s,NA,NA,NA,NA,NA,NA,NA,NA,NA,NA
357,C,C1,MEGA,14s,13.20254313,42.8,3,0,0,0,0,1,8.294414559,7.703515457
358,C,C1,MEGA,14s,NA,NA,NA,NA,NA,0,0,1,NA,16.62667369
359,C,C1,MEGA,14s,37.17635083,294,1,NA,NA,0,0,1,22.29905543,23.74340057
360,C,C1,MEGA,14s,NA,NA,NA,NA,NA,NA,NA,NA,NA,NA
361,C,C1,MEGA,14s,48.89268501,400,2,NA,NA,NA,NA,1,27.0798747,27.44531526
362,C,C1,MESO,14s,NA,NA,NA,NA,NA,NA,NA,NA,NA,NA
363,C,C1,MESO,14s,NA,NA,NA,NA,NA,NA,NA,NA,NA,NA
364,C,C1,MESO,14s,27.29337158,34.2,3,0,0,0,0,1,9.807509638,11.11884127
365,C,C1,MESO,14s,1.327322896,9.8,NA,0,0,0,0,1,2.354914922,4.080188851
366,C,C1,MESO,14s,36.85284532,188,1,8,1,4,1,1,19.15090671,20.07107331
367,C,C1,MESO,14s,52.04016815,287,1,NA,NA,NA,NA,1,24.74905007,20.75962999
368,C,C1,MESO,14s,NA,NA,NA,NA,NA,0,0,1,NA,7.909159428
369,C,C1,MESO,14s,11.37837735,27.8,1,0,0,0,0,1,6.833823753,5.852847031
370,C,C1,MESO,14s,64.75325114,225,3,0,0,NA,1,1,24.54487448,26.94099833
371,C,C1,MESO,14s,106.413283,242,1,2,1,2,1,1,29.6854768,30.39019025
372,C,C1,MESO,14s,148.278775,231,4,0,0,0,0,1,32.65134971,30.88441252
373,C,C1,MESO,14s,17.64601178,159.5,2,0,0,0,0,1,14.17687375,14.73927615
374,C,C1,MESO,14s,27.52537819,176,NA,NA,NA,NA,NA,NA,16.99475634,NA
375,C,C1,MESO,14s,NA,NA,NA,NA,NA,NA,NA,NA,NA,NA
376,C,C1,MESO,14s,NA,NA,NA,NA,NA,NA,NA,NA,NA,NA
377,C,C1,MESO,14s,21.07411768,168,1,0,0,0,0,1,15.30555148,16.32082196
378,C,C1,MESO,14s,23.15738631,12.9,NA,NA,NA,NA,NA,NA,6.70454033,NA
379,C,C1,MESO,14s,25.42812948,211,NA,NA,NA,NA,NA,NA,17.58415241,NA
380,C,C1,MESO,14s,NA,NA,NA,NA,NA,NA,NA,NA,NA,NA
381,C,C1,MESO,14s,34.73227028,220,1,0,0,0,0,1,19.78731747,19.35466386
382,C,C1,MESO,14s,1.583676857,45,NA,NA,NA,NA,NA,NA,4.155099793,NA
383,C,C1,MESO,14s,13.20254313,8,1,0,0,0,0,1,4.738334342,6.209556896
384,C,C1,MESO,14s,6.113617844,11,1,0,0,0,0,1,4.075420617,5.020187014
385,C,C1,MESO,14s,8.24479576,11,1,0,0,0,0,1,4.503324672,5.715994041
386,C,C1,MESO,14s,0.738981132,8,1,0,0,0,0,1,1.809834697,2.924937697
387,C,C1,MESO,14s,62.35126794,33,2,0,0,0,0,1,12.76912101,12.51729726
388,C,C1,MESO,14s,3.17308712,21,1,0,0,0,0,1,4.062940736,4.629673847
389,C,C1,MESO,14s,10.92716611,92,1,0,0,1,1,1,10.0533941,10.99828878
390,C,C1,MESO,14s,NA,NA,NA,NA,NA,NA,NA,NA,NA,NA
391,C,C1,MESO,14s,1.583676857,11,1,0,0,0,0,1,2.596128251,3.558518461
392,C,C1,MESO,14s,6.605198554,34,2,0,0,0,0,1,6.095373392,5.740376385
393,C,C1,MESO,14s,18.78051942,49.5,1,0,0,0,0,1,9.794170629,7.386550885
394,C,C1,MESO,14s,NA,NA,NA,NA,NA,NA,NA,NA,NA,8.158784057
395,C,C1,MESO,14s,155.9236051,309,2,0,0,0,0,1,36.59069394,42.89623256
396,C,C1,MESO,14s,64.46830869,379,1,NA,1,NA,1,1,29.16914432,31.59533639
397,C,C1,MESO,14s,87.58257663,200,3,0,0,8,1,1,26.10176811,24.21282111
398,C,C1,MESO,14s,61.37541072,224,NA,0,0,NA,NA,0,24.07394529,NA
399,C,C1,MESO,14s,9.676183913,218,NA,NA,NA,NA,NA,NA,12.87558677,NA
400,C,C1,MESO,14s,10.75210086,36,2,0,0,0,0,1,7.310255103,8.16288552
401,C,C1,MESO,14s,17.34944543,192,NA,NA,NA,NA,NA,NA,14.99724149,NA
402,C,C1,MESO,14s,47.89193067,164,3,0,0,0,0,1,19.96992935,22.35598823
403,C,C2,CONT,14s,NA,NA,NA,NA,NA,NA,NA,NA,NA,NA
404,C,C2,CONT,14s,NA,NA,NA,NA,NA,NA,NA,NA,NA,NA
405,C,C2,LMH,14s,189.6670591,400,1,NA,NA,NA,NA,1,42.57939352,34.2976712
406,C,C2,LMH,14s,61.51434765,400,1,NA,1,NA,NA,1,29.23763483,29.43582867
407,C,C2,LMH,14s,11.46084416,165,1,0,0,0,0,1,12.41430889,12.79052861
408,C,C2,LMH,14s,78.38281525,171.3,2,0,0,0,0,1,23.88474315,24.66284827
409,C,C2,LMH,14s,227.7818822,400,2,NA,NA,NA,NA,1,45.26364812,48.93307931
410,C,C2,LMH,14s,NA,NA,NA,NA,NA,NA,NA,NA,NA,NA
411,C,C2,LMH,14s,2.544690049,76,1,0,0,0,0,1,5.798665843,6.500267023
412,C,C2,LMH,14s,25.24968702,40,NA,NA,NA,NA,NA,NA,10.06902197,NA
413,C,C2,LMH,14s,1.767145868,21.1,1,0,0,0,0,1,3.347046164,4.396347151
414,C,C2,LMH,14s,3.236547292,29.8,1,0,0,0,0,1,4.596799697,NA
415,C,C2,LMH,14s,4.948086969,67,1,0,0,0,0,1,6.941765665,4.036706172
416,C,C2,LMH,14s,0.282743339,5.9,NA,0,0,NA,NA,NA,1.186304081,NA
417,C,C2,LMH,14s,27.24711162,132.3,1,3,1,0,0,1,15.39785498,14.5702063
418,C,C2,LMH,14s,18.4745283,110.7,1,1,1,0,0,1,12.74325067,12.42663853
419,C,C2,LMH,14s,1.517467792,4.2,NA,NA,NA,NA,NA,NA,1.855827259,NA
420,C,C2,LMH,14s,NA,NA,NA,NA,NA,NA,NA,NA,NA,NA
421,C,C2,LMH,14s,4.561671073,20,1,0,0,NA,NA,NA,4.512269683,NA
422,C,C2,LMH,14s,3.905706527,5.5,NA,0,0,0,0,1,2.784244686,NA
423,C,C2,LMH,14s,NA,NA,NA,NA,NA,NA,NA,NA,NA,NA
424,C,C2,LMH,14s,1.36847776,16.3,1,0,0,0,0,1,2.819487571,4.449750683
425,C,C2,LMH,14s,NA,NA,NA,NA,NA,NA,NA,NA,NA,NA
426,C,C2,LMH,14s,NA,NA,NA,NA,NA,NA,NA,NA,NA,NA
427,C,C2,LMH,14s,NA,NA,NA,NA,NA,NA,NA,NA,NA,30.93056223
428,C,C2,LMH,14s,0.373928066,1.7,NA,0,0,NA,NA,NA,0.859628694,NA
429,C,C2,LMH,14s,NA,NA,NA,NA,NA,NA,NA,NA,NA,NA
430,C,C2,LMH,14s,NA,NA,NA,NA,NA,NA,NA,NA,NA,NA
431,C,C2,LMH,14s,2.164243179,22.5,1,0,0,0,0,1,3.659030554,3.942471972
432,C,C2,LMH,14s,NA,NA,NA,NA,NA,NA,NA,NA,NA,NA
433,C,C2,LMH,14s,NA,NA,NA,NA,NA,NA,NA,NA,NA,NA
434,C,C2,LMH,14s,30.97484693,163.2,1,0,0,NA,NA,0,17.23794895,17.16002011
435,C,C2,LMH,14s,269.6750202,400,1,NA,NA,NA,NA,0,47.88812829,47.386403
436,C,C2,LMH,14s,2.601552876,17.4,1,0,0,0,0,1,3.570925604,2.843479942
437,C,C2,LMH,14s,22.81746598,171,1,5,1,3,1,1,15.8102602,16.45052807
438,C,C2,LMH,14s,1.651299639,31,1,0,0,0,0,1,3.720576362,4.012814773
439,C,C2,LMH,14s,88.58066062,172,1,2,1,0,0,1,24.91410264,23.3600462
440,C,C2,LMH,14s,22.56417508,165,1,5,1,0,0,1,15.56473807,16.42247836
441,C,C2,LMH,14s,43.00840343,196,1,4,1,0,0,1,20.44686618,20.27353478
442,C,C2,LMH,14s,9.132688384,75,1,0,0,0,0,1,8.844670448,9.293961693
443,C,C2,LMH,14s,48.64512751,182,2,0,0,0,0,1,20.78443303,19.09020099
444,C,C2,LMH,14s,NA,NA,NA,NA,NA,NA,NA,NA,NA,NA
445,C,C2,LMH,14s,13.33802431,17.4,NA,NA,NA,NA,NA,NA,6.162633304,NA
446,C,C2,LMH,14s,32.775922,174,1,6,1,0,0,0,17.94613244,19.51211629
447,C,C2,LMH,14s,140.185404,400,1,NA,NA,NA,NA,1,38.49184768,37.28974925
448,C,C2,LMH,14s,NA,NA,NA,NA,NA,NA,NA,NA,NA,NA
449,C,C2,LMH,14s,46.8084739,400,1,NA,NA,NA,NA,1,26.68888495,23.71970757
450,C,C2,MEGA,14s,10.57844932,29,1,0,0,0,0,1,6.764284656,10.52760563
451,C,C2,MEGA,14s,3.698361412,NA,1,0,0,0,0,1,NA,NA
452,C,C2,MEGA,14s,59.17009121,34,2,1,1,0,0,1,12.67350103,11.09074423
453,C,C2,MEGA,14s,24.57118154,12,2,0,0,0,0,1,6.67537133,9.908784087
454,C,C2,MEGA,14s,15.83370551,43,1,2,1,0,0,1,8.826950334,10.74658935
455,C,C2,MEGA,14s,86.9203289,130,2,1,1,1,1,1,22.54814354,23.74053289
456,C,C2,MEGA,14s,83.63972077,74,8,4,1,0,0,1,18.44318394,23.80242587
457,C,C2,MEGA,14s,11.52092712,13,1,0,0,0,0,1,5.324329888,6.486231074
458,C,C2,MEGA,14s,4.411502944,NA,1,0,0,0,0,1,NA,NA
459,C,C2,MEGA,14s,5.027255104,NA,1,0,0,0,0,1,NA,NA
460,C,C2,MEGA,14s,5.227924335,NA,1,0,0,0,0,1,NA,NA
461,C,C2,MEGA,14s,9.294087706,NA,1,0,0,0,0,1,NA,NA
462,C,C2,MEGA,14s,4.176511813,NA,3,0,0,0,0,1,NA,3.1506569
463,C,C2,MEGA,14s,126.0791032,65,3,4,1,0,0,1,20.2551811,20.47653357
464,C,C2,MEGA,14s,6.650830187,NA,NA,NA,NA,NA,NA,NA,NA,NA
465,C,C2,MEGA,14s,79.30031738,167,3,7,1,18,1,1,23.77507422,25.30613037
466,C,C2,MEGA,14s,9.676183913,35,1,0,0,0,0,1,6.991355718,6.753522958
467,C,C2,MEGA,14s,17.72054606,32,1,0,0,0,0,1,8.30414829,8.675244424
468,C,C2,MEGA,14s,NA,NA,NA,NA,NA,NA,NA,NA,NA,NA
469,C,C2,MEGA,14s,131.5149225,180,2,17,1,0,0,1,28.86272235,28.12189468
470,C,C2,MEGA,14s,3.870756308,33,1,0,0,NA,NA,NA,5.048809556,NA
471,C,C2,MEGA,14s,8.709201694,56,1,0,0,0,0,1,7.896617803,8.762283973
472,C,C2,MEGA,14s,114.6103266,197,1,5,1,0,0,1,28.41019235,NA
473,C,C2,MEGA,14s,5.309291585,53,1,0,0,0,0,1,6.572037324,7.228113297
474,C,C2,MEGA,14s,318.5728889,86,2,1,1,0,0,1,30.30562501,29.07267017
475,C,C2,MESO,14s,20.83072279,148,2,3,1,0,0,1,14.61460664,19.86150693
476,C,C2,MESO,14s,31.47004047,142,1,9,1,1,1,1,16.54284108,17.99597584
477,C,C2,MESO,14s,47.53889419,127,2,0,0,0,0,1,18.29081971,18.50019767
478,C,C2,MESO,14s,82.19419545,185,1,0,0,NA,NA,0,24.89774305,25.80965964
479,C,C2,MESO,14s,148.613119,204,3,0,0,0,0,1,31.34771809,27.74641842
480,C,C2,MESO,14s,9.511485918,20,1,0,0,0,0,1,5.766792793,6.494577011
481,C,C2,MESO,14s,23.9313962,110,1,1,1,0,0,1,13.86383314,20.45239344
482,C,C2,MESO,14s,4.411502944,27,1,0,0,0,0,1,4.932345939,5.428769041
483,C,C2,MESO,14s,73.13824047,337,1,NA,1,NA,1,1,29.25422628,28.37263522
484,C,C2,MESO,14s,4.987592497,26,1,0,0,NA,NA,NA,5.07431256,NA
485,C,C2,MESO,14s,70.73303714,359,1,NA,1,12,1,1,29.5467286,32.03750353
486,C,C2,MESO,14s,70.88218425,19,1,0,0,0,0,1,11.08434265,11.84860046
487,C,C2,MESO,14s,36.42370377,124,1,0,0,0,0,1,16.60169869,7.422369345
488,C,C2,MESO,14s,40.82821667,58.2,3,1,1,0,0,1,13.39783486,16.9710178
489,C,C2,MESO,14s,169.2099502,217,2,10,1,2,1,1,33.41808738,34.60352491
490,C,C2,MESO,14s,85.60337326,151,3,0,0,0,0,1,23.58351853,21.99536931
491,C,C2,MESO,14s,NA,NA,NA,NA,NA,NA,NA,NA,NA,NA
492,C,C2,MESO,14s,58.08804816,200,1,6,1,2,1,1,22.75801392,22.78795976
493,C,C2,MESO,14s,1.561450089,24.4,1,0,0,0,0,1,3.371223572,3.221666576
494,C,C2,MESO,14s,15.90431281,123.4,1,2,1,0,0,1,12.56919219,12.62009196
495,C,C2,MESO,14s,3.110255267,22.4,2,0,0,0,0,1,4.123804282,4.604499566
496,C,C2,MESO,14s,11.6729802,19.4,2,0,0,0,0,1,6.11235273,5.78558537
497,C,C2,MESO,14s,4.869547153,48.4,NA,NA,NA,NA,NA,NA,6.194422705,NA
498,C,C2,MESO,14s,103.1475974,257,3,NA,1,1,1,1,29.97396468,28.62196547
499,C,C2,MESO,14s,87.25113861,254,2,NA,1,NA,1,1,28.23416539,28.13463117
500,C,C2,MESO,14s,18.6272097,178,1,1,1,2,1,1,14.97398306,14.10040818
501,C,C3,CONT,14s,3.332915646,11.3,0,0,0,NA,NA,NA,3.35825173,NA
502,C,C3,CONT,14s,10.75210086,11.6,2,0,0,NA,NA,NA,5.008767037,NA
503,C,C3,CONT,14s,6.742564693,25.8,1,0,0,0,0,1,5.597187007,6.354931786
504,C,C3,CONT,14s,1.495712262,4.6,NA,0,0,0,0,1,1.903854347,3.39291995
505,C,C3,CONT,14s,174.1317264,55.6,5,0,0,0,0,1,21.41438098,20.55829885
506,C,C3,CONT,14s,NA,NA,NA,NA,NA,NA,NA,NA,NA,NA
507,C,C3,CONT,14s,1.112202339,6.4,NA,0,0,0,0,1,1.925575823,2.791415729
508,C,C3,CONT,14s,1.91134497,10.3,1,0,0,0,0,1,2.704327009,3.746239207
509,C,C3,CONT,14s,NA,NA,NA,NA,NA,NA,NA,NA,NA,NA
510,C,C3,CONT,14s,NA,NA,NA,NA,NA,NA,NA,NA,NA,NA
511,C,C3,CONT,14s,NA,NA,NA,NA,NA,NA,NA,NA,NA,NA
512,C,C3,CONT,14s,NA,NA,NA,NA,NA,NA,NA,NA,NA,NA
513,C,C3,CONT,14s,1.389290811,18.6,1,0,0,0,0,1,2.961397458,5.150617789
514,C,C3,CONT,14s,NA,NA,NA,NA,NA,NA,NA,NA,NA,NA
515,C,C3,CONT,14s,NA,NA,NA,NA,NA,NA,NA,NA,NA,NA
516,C,C3,CONT,14s,NA,NA,NA,NA,NA,NA,NA,NA,NA,NA
517,C,C3,CONT,14s,NA,NA,NA,NA,NA,NA,NA,NA,NA,NA
518,C,C3,CONT,14s,NA,NA,NA,NA,NA,NA,NA,NA,NA,NA
519,C,C3,CONT,14s,NA,NA,NA,NA,NA,NA,NA,NA,NA,9.187501561
520,C,C3,CONT,14s,1.112202339,NA,NA,NA,NA,NA,NA,NA,NA,NA
521,C,C3,CONT,14s,NA,NA,NA,NA,NA,NA,NA,NA,NA,NA
522,C,C3,CONT,14s,180.5046041,137,4,0,0,0,0,1,29.28650205,18.40921082
523,C,C3,CONT,14s,29.70572204,76,1,0,0,0,0,1,13.17083367,9.360776974
524,C,C3,CONT,14s,1.720336137,5,1,0,0,NA,NA,NA,2.051207136,NA
525,C,C3,CONT,14s,NA,NA,NA,NA,NA,NA,NA,NA,NA,NA
526,C,C3,CONT,14s,NA,NA,NA,NA,NA,NA,NA,NA,NA,NA
527,C,C3,CONT,14s,NA,NA,NA,NA,NA,NA,NA,NA,NA,NA
528,C,C3,CONT,14s,NA,NA,NA,NA,NA,NA,NA,NA,NA,NA
529,C,C3,CONT,14s,NA,NA,NA,NA,NA,NA,NA,NA,NA,NA
530,C,C3,CONT,14s,96.36442766,125,5,18,1,0,0,1,23.03451734,13.03922392
531,C,C3,CONT,14s,NA,NA,NA,NA,NA,NA,NA,NA,NA,NA
532,C,C3,CONT,14s,NA,NA,NA,NA,NA,NA,NA,NA,NA,NA
533,C,C3,CONT,14s,NA,NA,NA,NA,NA,NA,NA,NA,NA,NA
534,C,C3,CONT,14s,397.316359,239,3,NA,1,0,0,1,45.89272745,42.73071076
535,C,C3,CONT,14s,281.0350193,243,3,NA,1,0,0,1,41.11000467,39.74711332
536,C,C3,CONT,14s,73.28990086,8,1,0,0,0,0,1,8.397272653,7.348211936
537,C,C3,LMH,14s,120.6142243,211,4,0,0,1,1,1,29.56863726,28.38368989
538,C,C3,LMH,14s,6.6966189,23,1,0,0,0,0,1,5.374302402,6.886743106
539,C,C3,LMH,14s,6.379396582,50,1,0,0,NA,NA,NA,6.852890641,NA
540,C,C3,LMH,14s,4.830512864,19,2,0,0,NA,NA,NA,4.521272453,NA
541,C,C3,LMH,14s,2.925529619,10,1,0,0,0,0,1,3.086672926,3.427260927
542,C,C3,LMH,14s,6.026281568,16.5,1,0,0,0,0,1,4.643806514,5.053736888
543,C,C3,LMH,14s,58.08804816,214,NA,0,0,NA,NA,0,23.27791605,25.59205469
544,C,C3,LMH,14s,NA,NA,NA,NA,NA,NA,NA,NA,NA,NA
545,C,C3,LMH,14s,30.97484693,198,NA,NA,NA,NA,NA,NA,18.38698575,16.98919138
546,C,C3,LMH,14s,1.112202339,8,1,0,0,0,0,1,2.074502278,2.996112958
547,C,C3,LMH,14s,3.236547292,24,1,0,0,0,0,1,4.276338904,3.933295809
548,C,C3,LMH,14s,72.38229474,400,1,NA,NA,NA,NA,0,30.86957379,29.9829212
549,C,C3,LMH,14s,6.026281568,20,1,0,0,0,0,1,4.951831583,6.862960628
550,C,C3,LMH,14s,132.0284943,196,4,2,1,0,0,1,29.73372331,28.63481855
551,C,C3,LMH,14s,7.645379882,108,1,0,0,0,0,1,9.414078165,9.243765124
552,C,C3,LMH,14s,7.360830127,4.7,3,0,0,0,0,1,3.264386203,7.171920625
553,C,C3,LMH,14s,45.12615104,184,2,5,1,0,0,1,20.34396559,20.28909488
554,C,C3,LMH,14s,111.5943976,222,2,1,1,0,0,1,29.30421421,24.98180531
555,C,C3,LMH,14s,48.89268501,91,2,0,0,0,0,1,16.51869228,16.12818344
556,C,C3,LMH,14s,106.2305208,210,NA,0,0,NA,NA,0,28.29638955,25.72079195
557,C,C3,LMH,14s,65.18184292,169,1,0,0,NA,NA,NA,22.35740032,NA
558,C,C3,LMH,14s,75.73782985,304,1,0,0,NA,NA,0,28.59635689,27.1175302
559,C,C3,LMH,14s,2.488455541,26,1,0,0,0,0,1,4.023165251,3.103073983
560,C,C3,LMH,14s,40.48916028,267,1,0,0,0,0,1,22.2175411,21.34915354
561,C,C3,LMH,14s,NA,NA,NA,NA,NA,NA,NA,NA,NA,NA
562,C,C3,LMH,14s,7.450601137,163,NA,0,0,0,0,1,10.70819326,9.68602188
563,C,C3,LMH,14s,NA,NA,NA,NA,NA,NA,NA,NA,NA,NA
564,C,C3,LMH,14s,NA,NA,NA,NA,NA,NA,NA,NA,NA,NA
565,C,C3,MEGA,14s,40.03928421,149,1,1,1,0,0,1,18.21812837,16.35277378
566,C,C3,MEGA,14s,91.22006969,200,2,0,0,1,1,1,26.45878703,25.38802034
567,C,C3,MEGA,14s,7.163145409,36,1,0,0,0,0,1,6.383297548,4.728827293
568,C,C3,MEGA,14s,5.982849049,30,2,0,0,0,0,1,5.655942388,5.830460388
569,C,C3,MEGA,14s,5.067074791,10,1,0,0,0,0,1,3.707927072,5.209161992
570,C,C3,MEGA,14s,62.07166619,162,NA,0,0,NA,NA,0,21.68698841,16.72841947
571,C,C3,MEGA,14s,27.9922974,172,1,2,1,0,0,1,16.95979392,17.18539408
572,C,C3,MEGA,14s,3.268512997,25,1,0,0,0,0,1,4.349264268,6.657771045
573,C,C3,MEGA,14s,2.190396938,15,1,0,0,NA,NA,NA,3.208631122,NA
574,C,C3,MEGA,14s,NA,NA,NA,NA,NA,NA,NA,NA,NA,NA
575,C,C3,MEGA,14s,6.514406526,18,1,0,0,0,0,1,4.906619312,8.159209152
576,C,C3,MEGA,14s,44.53278272,185,1,8,1,1,1,1,20.29094833,15.05887345
577,C,C3,MEGA,14s,NA,NA,NA,NA,NA,NA,NA,NA,NA,NA
578,C,C3,MEGA,14s,16.25970548,70,1,0,0,NA,NA,0,10.47881757,5.978906315
579,C,C3,MEGA,14s,NA,NA,NA,NA,NA,NA,NA,NA,NA,NA
580,C,C3,MEGA,14s,19.2442185,113,1,6,1,1,1,1,13.00708211,15.01968778
581,C,C3,MEGA,14s,3.698361412,27,NA,0,0,NA,NA,0,4.650378634,3.059784432
582,C,C3,MEGA,14s,1.790786352,10,NA,0,0,NA,NA,NA,2.62015607,NA
583,C,C3,MEGA,14s,4.830512864,34,1,0,0,0,0,1,5.490763298,5.198419495
584,C,C3,MEGA,14s,87.70517729,234,2,8,1,0,0,1,27.51924487,31.26719175
585,C,C3,MEGA,14s,158.5908173,218,1,0,0,0,0,1,32.75299935,30.1022003
586,C,C3,MEGA,14s,33.38759009,62,1,0,0,0,0,1,12.79484011,12.35999752
587,C,C3,MEGA,14s,9.34820164,124,1,1,1,0,0,1,10.5429639,13.32586863
588,C,C3,MEGA,14s,52.04016815,NA,NA,NA,NA,NA,NA,NA,NA,NA
589,C,C3,MEGA,14s,24.6300864,NA,NA,NA,NA,NA,NA,NA,NA,NA
590,C,C3,MEGA,14s,14.86169675,NA,NA,NA,NA,NA,NA,NA,NA,NA
591,C,C3,MEGA,14s,89.92023573,NA,NA,NA,NA,NA,NA,NA,NA,NA
592,C,C3,MEGA,14s,2.432849351,11,1,0,0,0,0,1,2.996206902,3.690361493
593,C,C3,MEGA,14s,42.77623973,NA,NA,NA,NA,NA,NA,NA,NA,NA
594,C,C3,MEGA,14s,NA,NA,NA,NA,NA,NA,NA,NA,NA,NA
595,C,C3,MEGA,14s,9.676183913,7,1,0,0,NA,NA,NA,4.085179108,NA
596,C,C3,MEGA,14s,22.6484483,15,1,0,0,0,0,1,6.998655508,8.101055177
597,C,C3,MESO,14s,67.34600756,194,2,2,1,0,0,1,23.66789211,25.62487372
598,C,C3,MESO,14s,44.17864669,173.2,4,6,1,0,0,1,19.79651367,25.3818148
599,C,C3,MESO,14s,35.28958882,146,2,1,1,0,0,1,17.34788615,17.48200831
600,C,C3,MESO,14s,243.2111077,155.5,5,28,1,2,1,1,33.7492603,31.49946431
601,C,C3,MESO,14s,3.236547292,21.9,1,0,0,0,0,1,4.147590858,4.708975358
602,C,C3,MESO,14s,1.674154725,27.5,1,0,0,0,0,1,3.591148653,3.500018199
603,C,C3,MESO,14s,107.8544886,152.5,5,8,1,1,1,1,25.55892709,26.95900185
604,C,C3,MESO,14s,NA,NA,NA,NA,NA,NA,NA,NA,NA,NA
605,C,C3,MESO,14s,86.13312432,240,2,0,0,2,1,1,27.58575763,26.52414319
606,C,C3,MESO,14s,55.40300746,46.3,6,1,1,0,0,1,13.74449313,18.10451974
607,C,C3,MESO,14s,78.3450376,12.4,5,0,0,0,0,1,9.939189747,9.842468361
608,C,C3,MESO,14s,19.55649281,18.4,4,0,0,0,0,1,7.134340846,8.297898177
609,C,C3,MESO,14s,44.68648514,164,2,3,1,0,0,1,19.51337109,18.79390357
610,C,C3,MESO,14s,NA,NA,NA,NA,NA,NA,NA,NA,NA,NA
611,C,C3,MESO,14s,24.16073246,21.3,5,0,0,0,0,1,8.039473027,9.01523319
612,C,C3,MESO,14s,554.3599419,252,4,19,1,15,1,1,52.20550513,32.58277241
613,C,C3,MESO,14s,10.46346703,36.6,4,0,0,0,0,1,7.284231892,8.349046075
614,C,C3,MESO,14s,0.899202357,2.2,NA,0,0,0,0,1,1.255777686,2.724405759
615,C,C3,MESO,14s,20.18858125,85.6,2,0,0,0,0,1,12.04653239,12.38779553
616,C,C3,MESO,14s,254.6688888,174,5,0,0,NA,NA,0,35.58253152,NA
617,C,C3,MESO,14s,24.51447579,102,3,2,1,0,0,1,13.62780242,11.30052065
618,C,C3,MESO,14s,9.132688384,110,1,0,0,0,0,1,10.05104463,9.564095363
619,C,C3,MESO,14s,15.48302523,117,1,0,0,NA,NA,NA,12.23751695,NA
620,C,C3,MESO,14s,37.467655,111,3,0,0,0,0,1,16.15072269,16.30058718
621,C,C3,MESO,14s,72.68420179,128,2,1,1,0,0,1,21.13143735,17.21668288
622,C,C3,MESO,14s,5.599024967,52.3,1,0,0,0,0,1,6.660029533,6.450078073
623,C,C3,MESO,14s,21.15556347,75.8,1,1,1,0,0,1,11.74942788,9.544593522
624,N,N1,CONT,14s,NA,NA,NA,NA,NA,NA,NA,NA,NA,NA
625,N,N1,CONT,14s,NA,NA,NA,NA,NA,NA,NA,NA,NA,NA
626,N,N1,CONT,14s,67.55374537,55,3,0,0,0,0,1,15.55407766,13.5700534
627,N,N1,CONT,14s,NA,NA,NA,NA,NA,NA,NA,NA,NA,NA
628,N,N1,CONT,14s,9.240130853,72.8,2,0,0,0,0,1,8.791456033,11.20456265
629,N,N1,CONT,14s,64.18399455,174,NA,NA,NA,NA,NA,NA,22.46011248,21.03419601
630,N,N1,CONT,14s,NA,NA,NA,NA,NA,NA,NA,NA,NA,NA
631,N,N1,CONT,14s,62.21138852,92.4,1,4,1,NA,NA,0,17.99361983,13.87434433
632,N,N1,CONT,14s,31.00783365,105.1,1,7,1,0,0,1,14.88797348,13.91154439
633,N,N1,CONT,14s,43.59156156,108.5,1,9,1,0,0,1,16.85925224,18.77636391
634,N,N1,CONT,14s,34.31569509,87.3,1,0,0,NA,NA,NA,14.47530439,NA
635,N,N1,CONT,14s,NA,NA,NA,NA,NA,NA,NA,NA,NA,NA
636,N,N1,CONT,14s,24.89468705,81.8,2,0,0,NA,NA,NA,12.72503343,NA
637,N,N1,CONT,14s,142.1861273,120,5,3,1,0,0,1,25.87384459,21.47585727
638,N,N1,CONT,14s,NA,NA,NA,NA,NA,NA,NA,NA,NA,8.327477925
639,N,N1,CONT,14s,40.58513593,112,NA,NA,NA,NA,NA,NA,16.63720517,13.64674571
640,N,N1,CONT,14s,20.74990532,60.4,2,0,0,NA,NA,NA,10.82134631,NA
641,N,N1,CONT,14s,NA,NA,NA,NA,NA,0,0,NA,NA,NA
642,N,N1,CONT,14s,43.59156156,26.6,5,0,0,NA,NA,0,10.54405245,13.20053793
643,N,N1,CONT,14s,NA,NA,NA,NA,NA,NA,NA,NA,NA,NA
644,N,N1,CONT,14s,64.61070137,90.5,5,1,1,NA,NA,NA,18.09642346,NA
645,N,N1,CONT,14s,NA,NA,NA,NA,NA,NA,NA,NA,NA,NA
646,N,N1,CONT,14s,13.92047559,127,2,NA,NA,NA,NA,NA,12.13835648,NA
647,N,N1,CONT,14s,6.605198554,40.5,2,0,0,NA,NA,NA,6.461968651,NA
648,N,N1,CONT,14s,5.557163245,77.8,3,0,0,NA,NA,NA,7.585244795,NA
649,N,N1,CONT,14s,5.350210829,38.4,1,0,0,0,0,1,5.916880902,5.080051751
650,N,N1,CONT,14s,5.896455252,26.3,5,0,0,0,0,1,5.386558809,4.253735868
651,N,N1,CONT,14s,6.559724001,37.4,2,0,0,0,0,1,6.277945818,6.784025339
652,N,N1,CONT,14s,4.300526183,8.6,NA,0,0,0,0,1,3.337963713,4.653056212
653,N,N1,CONT,14s,99.94348709,49.9,6,1,1,0,0,1,17.16028392,15.73384082
654,N,N1,CONT,14s,NA,NA,NA,NA,NA,NA,NA,NA,NA,NA
655,N,N1,CONT,14s,NA,NA,NA,NA,NA,NA,NA,NA,NA,NA
656,N,N1,CONT,14s,21.97866074,41,2,0,0,0,0,1,9.692849151,11.89065841
657,N,N1,CONT,14s,13.33166258,62,2,0,0,0,0,1,9.417358269,9.037576333
658,N,N1,CONT,14s,NA,NA,NA,NA,NA,NA,NA,NA,NA,NA
659,N,N1,CONT,14s,34.41960327,83,3,7,1,0,0,1,14.2476327,11.08695671
660,N,N1,CONT,14s,NA,NA,NA,NA,NA,NA,NA,NA,NA,NA
661,N,N1,CONT,14s,5.641043769,78,2,1,1,NA,NA,NA,7.629814334,NA
662,N,N1,CONT,14s,6.742564693,37,NA,NA,NA,NA,NA,NA,6.313127147,NA
663,N,N1,CONT,14s,NA,NA,NA,NA,NA,NA,NA,NA,NA,NA
664,N,N1,CONT,14s,32.67452709,51,2,0,0,NA,NA,0,11.90110304,11.08915299
665,N,N1,CONT,14s,58.35853929,136,2,5,1,0,0,1,20.03970127,19.85650773
666,N,N1,CONT,14s,14.65741468,135,1,2,1,0,0,1,12.6036469,13.31079502
667,N,N1,CONT,14s,NA,NA,NA,NA,NA,NA,NA,NA,NA,NA
668,N,N1,CONT,14s,42.89224304,155,2,NA,1,NA,NA,0,18.88892745,11.2487327
669,N,N1,CONT,14s,NA,NA,NA,NA,NA,NA,NA,NA,NA,NA
670,N,N1,CONT,14s,46.36016863,87,3,5,1,0,0,1,15.98625316,17.35033006
671,N,N1,CONT,14s,41.85386813,72,NA,NA,NA,NA,NA,NA,14.5038303,NA
672,N,N1,LMH,14s,41.73927854,211.5,1,8,1,0,0,1,20.7643844,21.65326687
673,N,N1,LMH,14s,1.038689071,14.8,1,0,0,0,0,1,2.489970229,2.783787515
674,N,N1,LMH,14s,1.22718463,13.2,1,0,0,0,0,1,2.533872325,4.659515377
675,N,N1,LMH,14s,NA,NA,NA,NA,NA,NA,NA,NA,NA,NA
676,N,N1,LMH,14s,1.674154725,14.1,NA,NA,NA,NA,NA,NA,2.873289011,NA
677,N,N1,LMH,14s,3.17308712,25.4,1,0,0,0,0,1,4.329335207,9.085503213
678,N,N1,LMH,14s,1.168986626,7.4,NA,0,0,0,0,1,2.055086475,4.420153832
679,N,N1,LMH,14s,0.882473376,10.9,0,0,0,0,0,1,2.129198442,4.914733766
680,N,N1,LMH,14s,NA,NA,NA,NA,NA,NA,NA,NA,NA,NA
681,N,N1,LMH,14s,NA,NA,NA,NA,NA,NA,NA,NA,NA,17.05450341
682,N,N1,LMH,14s,2.323521927,13.8,1,0,0,0,0,1,3.182621019,6.693309851
683,N,N1,LMH,14s,NA,NA,NA,NA,NA,NA,NA,NA,NA,NA
684,N,N1,LMH,14s,NA,NA,NA,NA,NA,NA,NA,NA,NA,NA
685,N,N1,LMH,14s,51.27581865,226,NA,NA,NA,NA,NA,NA,22.73885268,24.8839901
686,N,N1,LMH,14s,NA,NA,NA,NA,NA,NA,NA,NA,NA,NA
687,N,N1,LMH,14s,1.347821788,7.2,NA,NA,NA,NA,NA,NA,2.135487682,NA
688,N,N1,LMH,14s,NA,NA,NA,NA,NA,NA,NA,NA,NA,NA
689,N,N1,LMH,14s,NA,NA,NA,NA,NA,NA,NA,NA,NA,27.31453738
690,N,N1,LMH,14s,20.26829916,165.5,NA,NA,NA,NA,NA,NA,15.0321963,13.34237275
691,N,N1,LMH,14s,NA,NA,NA,NA,NA,NA,NA,NA,NA,NA
692,N,N1,LMH,14s,NA,NA,NA,NA,NA,NA,NA,NA,NA,NA
693,N,N1,LMH,14s,NA,NA,NA,NA,NA,NA,NA,NA,NA,NA
694,N,N1,LMH,14s,NA,NA,NA,NA,NA,NA,NA,NA,NA,NA
695,N,N1,LMH,14s,1.989020849,8.9,NA,0,0,0,0,1,2.610075669,3.849872049
696,N,N1,LMH,14s,NA,NA,NA,NA,NA,NA,NA,NA,NA,NA
697,N,N1,LMH,14s,94.34328402,233,2,12,1,2,1,1,28.15748281,27.5700539
698,N,N1,LMH,14s,43.00840343,141,1,2,1,0,0,1,18.31783057,18.8259807
699,N,N1,LMH,14s,NA,NA,NA,NA,NA,NA,NA,NA,NA,NA
700,N,N1,LMH,14s,6.788667565,100.9,1,1,1,0,0,1,8.844777912,9.156423748
701,N,N1,LMH,14s,NA,NA,NA,NA,NA,NA,NA,NA,NA,NA
702,N,N1,LMH,14s,7.450601137,101.5,1,0,0,0,0,1,9.141896584,9.574572491
703,N,N1,LMH,14s,21.15556347,183,1,0,0,0,0,1,15.76913941,16.43557853
704,N,N1,LMH,14s,12.94618917,161.5,1,2,1,0,0,1,12.83757528,12.91748727
705,N,N1,LMH,14s,NA,NA,NA,NA,NA,0,0,1,NA,3.561317676
706,N,N1,LMH,14s,13.95566143,114.5,1,3,1,0,0,1,11.73554591,12.51850539
707,N,N1,LMH,14s,13.39645793,116.4,1,0,0,0,0,1,11.6401929,12.45807529
708,N,N1,LMH,14s,7.210661998,82.1,1,0,0,0,0,1,8.424325448,9.221026632
709,N,N1,LMH,14s,69.03461361,129.5,3,2,1,0,0,1,20.85206186,23.08045112
710,N,N1,LMH,14s,9.34820164,62.2,NA,NA,NA,NA,NA,NA,8.373965536,8.969415012
711,N,N1,LMH,14s,3.766848131,29.2,1,0,0,NA,NA,NA,4.802926136,NA
712,N,N1,LMH,14s,28.12243788,71.2,2,1,1,0,0,1,12.65356257,17.15395635
713,N,N1,LMH,14s,15.20530844,17.5,1,0,0,0,0,1,6.450515921,9.92598777
714,N,N1,LMH,14s,3.766848131,43.8,1,0,0,0,0,1,5.499127172,6.806256517
715,N,N1,LMH,14s,3.204738666,33.9,1,0,0,0,0,1,4.783145504,6.095373392
716,N,N1,LMH,14s,NA,NA,NA,NA,NA,NA,NA,NA,NA,19.43426272
717,N,N1,LMH,14s,NA,NA,NA,NA,NA,NA,NA,NA,NA,NA
718,N,N1,LMH,14s,NA,NA,NA,NA,NA,NA,NA,NA,NA,NA
719,N,N1,LMH,14s,NA,NA,NA,NA,NA,NA,NA,NA,NA,NA
720,N,N1,LMH,14s,NA,NA,NA,NA,NA,NA,NA,NA,NA,NA
721,N,N1,LMH,14s,NA,NA,NA,NA,NA,NA,NA,NA,NA,NA
722,N,N1,LMH,14s,NA,NA,NA,NA,NA,NA,NA,NA,NA,NA
723,N,N1,LMH,14s,NA,NA,NA,NA,NA,NA,NA,NA,NA,NA
724,N,N1,LMH,14s,112.3446099,400,1,NA,NA,NA,NA,1,35.74942085,32.37582675
725,N,N1,LMH,14s,55.02256059,264,1,0,0,0,0,1,24.52037014,25.42402666
726,N,N1,LMH,14s,11.22208312,86.2,1,0,0,0,0,1,9.925046489,9.741393791
727,N,N1,LMH,14s,12.44102107,291,1,NA,1,NA,NA,1,15.41998986,21.61945057
728,N,N1,LMH,14s,NA,NA,NA,NA,NA,NA,NA,NA,NA,NA
729,N,N1,LMH,14s,5.47391104,30.5,1,1,1,3,1,1,5.520921004,8.749149574
730,N,N1,LMH,14s,11.04466167,29.2,7,0,0,0,0,1,6.878147565,8.115711833
731,N,N1,LMH,14s,3.732526232,19.1,NA,NA,NA,NA,NA,NA,4.155601781,NA
732,N,N1,LMH,14s,4.448809357,30.1,1,0,0,0,0,1,5.129004304,6.912202795
733,N,N1,LMH,14s,12.62928101,58.9,1,0,0,0,0,1,9.091693784,11.71267304
734,N,N1,MEGA,14s,63.05302119,83,NA,NA,NA,NA,NA,NA,17.43859829,13.90315805
735,N,N1,MEGA,14s,NA,NA,NA,NA,NA,NA,NA,NA,NA,NA
736,N,N1,MEGA,14s,6.069871166,92,1,0,0,0,0,1,8.261744061,8.873293926
737,N,N1,MEGA,14s,43.59156156,180,2,0,0,0,0,1,19.96331008,NA
738,N,N1,MEGA,14s,1.410260942,23,1,0,0,0,0,1,3.194880772,3.110474632
739,N,N1,MEGA,14s,52.29620795,203,NA,NA,NA,NA,NA,NA,22.08330125,25.98071063
740,N,N1,MEGA,14s,NA,NA,NA,NA,NA,NA,NA,NA,NA,NA
741,N,N1,MEGA,14s,NA,NA,NA,NA,NA,NA,NA,NA,NA,NA
742,N,N1,MEGA,14s,47.53889419,160,1,0,0,0,0,1,19.75711977,19.43940507
743,N,N1,MEGA,14s,16.83650189,92,NA,NA,NA,NA,NA,NA,11.61424338,NA
744,N,N1,MEGA,14s,21.56514861,44,NA,NA,NA,NA,NA,NA,9.861349716,NA
745,N,N1,MEGA,14s,63.90030873,248,NA,NA,NA,NA,NA,NA,25.24351431,24.89863516
746,N,N1,MEGA,14s,9.132688384,156,1,0,0,0,0,1,11.29449242,12.56569703
747,N,N1,MEGA,14s,NA,NA,NA,NA,NA,NA,NA,NA,NA,NA
748,N,N1,MEGA,14s,13.33166258,27.5,1,0,0,0,0,1,7.178947391,9.518115677
749,N,N1,MEGA,14s,110.4737915,94,1,0,0,0,0,1,21.92128549,22.29589712
750,N,N1,MEGA,14s,1.935927933,259,1,0,0,1,1,1,7.969936126,18.19544064
751,N,N1,MEGA,14s,49.63912742,151,1,0,0,0,0,1,19.66064189,18.19316384
752,N,N1,MEGA,14s,26.7864756,25,NA,NA,NA,NA,NA,NA,8.778261129,NA
753,N,N1,MEGA,14s,6.245800355,70,2,0,0,0,0,1,7.613597231,6.914832555
754,N,N1,MEGA,14s,7.306166415,81,1,0,0,0,0,1,8.423394805,6.736336825
755,N,N1,MEGA,14s,8.092821215,115,1,0,0,0,0,1,9.79782275,9.011111371
756,N,N1,MEGA,14s,NA,NA,NA,NA,NA,NA,NA,NA,NA,NA
757,N,N1,MEGA,14s,29.32056278,144,1,0,0,0,0,1,16.23231419,12.87815309
758,N,N1,MEGA,14s,NA,NA,NA,NA,NA,NA,NA,NA,NA,NA
759,N,N1,MEGA,14s,NA,NA,NA,NA,NA,NA,NA,NA,NA,NA
760,N,N1,MEGA,14s,13.65721012,45,1,0,0,0,0,1,8.530259679,8.537191445
761,N,N1,MEGA,14s,6.069871166,21,1,0,0,0,0,1,5.045275106,7.359283405
762,N,N1,MEGA,14s,6.881344548,43.5,1,0,0,0,0,1,6.70909435,6.611822289
763,N,N1,MEGA,14s,6.742564693,27,NA,NA,NA,0,0,1,5.682786596,6.996875761
764,N,N1,MEGA,14s,1.767145868,25,1,0,0,0,0,1,3.542029617,3.510425946
765,N,N1,MEGA,14s,3.300635782,33,1,0,0,0,0,1,4.787262527,4.75602694
766,N,N1,MEGA,14s,32.775922,203,2,0,0,2,1,1,18.89387222,19.71755011
767,N,N1,MEGA,14s,2.717163486,30,1,0,0,0,0,1,4.34574448,4.535528992
768,N,N1,MEGA,14s,6.97464985,68,1,0,0,0,0,1,7.8232975,5.637182169
769,N,N1,MEGA,14s,72.83539094,238,1,3,1,0,0,1,26.01106649,20.54834388
770,N,N1,MEGA,14s,93.14201753,263,5,1,1,NA,NA,1,29.19417667,30.52439212
771,N,N1,MEGA,14s,75.27578011,325,1,0,0,NA,NA,1,29.18154986,28.17344161
772,N,N1,MESO,14s,318.256609,292,3,NA,1,0,0,1,45.56321371,47.60073087
773,N,N1,MESO,14s,NA,NA,NA,NA,NA,NA,NA,NA,NA,NA
774,N,N1,MESO,14s,12.69234848,10,2,0,0,0,0,1,5.038078943,9.84229832
775,N,N1,MESO,14s,39.25804866,NA,NA,NA,NA,NA,NA,NA,NA,20.52254796
776,N,N1,MESO,14s,107.6970163,324,2,NA,1,NA,NA,0,32.85422266,30.1488304
777,N,N1,MESO,14s,194.3333452,262,2,0,0,0,0,1,37.27140487,35.18850757
778,N,N1,MESO,14s,99.93280567,251,1,0,0,NA,NA,0,29.42580383,29.84896599
779,N,N1,MESO,14s,70.88218425,30.5,1,NA,1,0,0,1,12.9816922,28.08394512
780,N,N1,MESO,14s,297.7294426,400,2,NA,1,NA,NA,1,49.49679058,49.58162572
781,N,N1,MESO,14s,133.9603382,400,1,NA,NA,NA,NA,1,37.9125564,37.05486004
782,N,N1,MESO,14s,373.5951353,NA,NA,NA,NA,NA,NA,NA,NA,NA
783,N,N1,MESO,14s,NA,NA,NA,NA,NA,NA,NA,NA,NA,NA
784,N,N1,MESO,14s,386.0301874,NA,NA,NA,NA,NA,NA,NA,NA,NA
785,N,N1,MESO,14s,NA,NA,NA,NA,NA,NA,NA,NA,NA,NA
786,N,N1,MESO,14s,NA,NA,NA,NA,NA,NA,NA,NA,NA,NA
787,N,N1,MESO,14s,NA,NA,NA,NA,NA,NA,NA,NA,NA,NA
788,N,N1,MESO,14s,236.2257764,400,3,NA,NA,NA,NA,0,45.81704459,47.71388739
789,N,N1,MESO,14s,69.2502054,400,1,NA,1,NA,NA,1,30.41704148,30.80512923
790,N,N1,MESO,14s,21.15556347,51,3,0,0,0,0,1,10.29346674,12.79010078
791,N,N1,MESO,14s,50.89576448,NA,NA,NA,NA,NA,NA,NA,NA,NA
792,N,N1,MESO,14s,116.8986626,201,NA,NA,NA,NA,NA,NA,28.79088232,NA
793,N,N1,MESO,14s,2.717163486,39,1,0,0,0,0,1,4.743556072,5.828076948
794,N,N1,MESO,14s,33.69554471,339,1,NA,1,NA,NA,1,22.62988635,24.42266299
795,N,N1,MESO,14s,24.27948466,253,1,0,0,NA,NA,1,18.3966792,19.31083249
796,N,N1,MESO,14s,101.3553188,374,2,NA,NA,NA,NA,1,33.77532671,35.21065048
797,N,N1,MESO,14s,75.42963961,400,1,NA,1,NA,NA,1,31.29750808,30.09174314
798,N,N1,MESO,14s,48.27496935,385,1,NA,1,NA,NA,1,26.62327839,26.96545064
799,N,N1,MESO,14s,45.60367312,350,NA,0,0,NA,NA,0,25.30399914,25.64975632
800,N,N1,MESO,14s,166.4993841,395,1,NA,1,NA,NA,1,40.59632921,42.12079154
801,N,N1,MESO,14s,467.9780034,169,NA,NA,NA,NA,NA,NA,43.1746536,44.3208285
802,N,N1,MESO,14s,NA,NA,NA,NA,NA,NA,NA,NA,NA,NA
803,N,N1,MESO,14s,NA,NA,NA,NA,NA,NA,NA,1,NA,37.32882584
804,N,N1p,CONT,14s,NA,NA,NA,NA,NA,NA,NA,NA,NA,NA
805,N,N1p,CONT,14s,NA,NA,NA,NA,NA,NA,NA,NA,NA,NA
806,N,N1p,CONT,14s,145.4809511,43,1,6,1,0,0,1,18.50894715,21.02295458
807,N,N1p,CONT,14s,NA,NA,NA,NA,NA,NA,NA,NA,NA,NA
808,N,N1p,CONT,14s,NA,NA,NA,NA,NA,NA,NA,NA,NA,NA
809,N,N1p,CONT,14s,145.0536945,103,1,2,1,0,0,1,24.75181705,18.02037466
810,N,N1p,CONT,14s,110.4737915,102,1,5,1,1,1,1,22.52726194,NA
811,N,N1p,CONT,14s,111.4072372,51,1,0,0,0,0,1,17.92378963,17.89008022
812,N,N1p,CONT,14s,NA,NA,NA,NA,NA,NA,NA,NA,NA,NA
813,N,N1p,CONT,14s,NA,NA,NA,NA,NA,NA,NA,NA,NA,NA
814,N,N1p,CONT,14s,40.71504079,89,NA,NA,NA,NA,NA,NA,15.424683,NA
815,N,N1p,CONT,14s,NA,NA,NA,NA,NA,NA,NA,NA,NA,NA
816,N,N1p,CONT,14s,NA,NA,NA,NA,NA,NA,NA,NA,NA,NA
817,N,N1p,CONT,14s,NA,NA,NA,NA,NA,NA,NA,NA,NA,NA
818,N,N1p,CONT,14s,24.98320142,165,1,0,0,3,1,1,16.10302589,NA
819,N,N1p,CONT,14s,6.157521601,5.5,NA,0,0,NA,NA,NA,3.241241737,NA
820,N,N1p,CONT,14s,130.6655143,207,2,1,1,0,0,1,30.17600376,26.52614705
821,N,N1p,CONT,14s,NA,NA,NA,NA,NA,NA,NA,NA,NA,NA
822,N,N1p,CONT,14s,NA,NA,NA,NA,NA,NA,NA,NA,NA,NA
823,N,N1p,CONT,14s,10.98583535,61,1,0,0,NA,NA,0,8.780335276,8.673138834
824,N,N1p,CONT,14s,10.75210086,112,1,0,0,0,0,1,10.67804602,8.579127853
825,N,N1p,CONT,14s,NA,NA,NA,NA,NA,NA,NA,NA,NA,NA
826,N,N1p,CONT,14s,0.865901475,10,1,0,0,0,0,1,2.055761493,4.466126389
827,N,N1p,CONT,14s,NA,NA,NA,NA,NA,NA,NA,NA,NA,NA
828,N,N1p,CONT,14s,NA,NA,NA,NA,NA,NA,NA,NA,NA,NA
829,N,N1p,CONT,14s,NA,NA,NA,NA,NA,NA,NA,NA,NA,NA
830,N,N1p,CONT,14s,39.7035265,29,NA,NA,NA,NA,NA,NA,10.51930355,NA
831,N,N1p,CONT,14s,29.70572204,62,1,0,0,0,0,1,12.30534286,19.52435221
832,N,N1p,CONT,14s,22.98711199,58,1,0,0,0,0,1,11.04709927,12.3386611
833,N,N1p,CONT,14s,NA,NA,NA,NA,NA,NA,NA,NA,NA,NA
834,N,N1p,CONT,14s,NA,NA,NA,NA,NA,NA,NA,NA,NA,NA
835,N,N1p,CONT,14s,56.07939236,77,1,0,0,0,0,1,16.35454807,13.45399735
836,N,N1p,CONT,14s,NA,NA,NA,NA,NA,NA,NA,NA,NA,NA
837,N,N1p,CONT,14s,47.90622491,58,1,0,0,NA,NA,NA,14.11611394,NA
838,N,N1p,CONT,14s,NA,NA,NA,NA,NA,NA,NA,NA,NA,NA
839,N,N1p,CONT,14s,NA,NA,NA,NA,NA,NA,NA,NA,NA,NA
840,N,N1p,CONT,14s,NA,NA,NA,NA,NA,NA,NA,NA,NA,NA
841,N,N1p,CONT,14s,NA,NA,NA,NA,NA,NA,NA,NA,NA,NA
842,N,N1p,CONT,14s,NA,NA,NA,NA,NA,NA,NA,NA,NA,NA
843,N,N1p,CONT,14s,NA,NA,NA,NA,NA,NA,NA,NA,NA,NA
844,N,N1p,CONT,14s,NA,NA,NA,NA,NA,NA,NA,NA,NA,NA
845,N,N2,CONT,14s,58.22321519,52,1,0,0,0,0,1,14.52649704,16.79843157
846,N,N2,CONT,14s,3.63050301,23,1,0,0,0,0,1,4.380820398,6.410529419
847,N,N2,CONT,14s,0.950331778,39,1,0,0,0,0,1,3.340324732,4.987872936
848,N,N2,CONT,14s,61.51434765,71,1,0,0,0,0,1,16.41678121,16.7696197
849,N,N2,CONT,14s,74.20316184,121,1,0,0,NA,NA,0,20.8820761,19.8757738
850,N,N2,CONT,14s,7.793113276,44,1,0,0,0,0,1,7.020391755,7.68994075
851,N,N2,CONT,14s,33.7985104,174,1,2,1,0,0,1,18.13114761,17.68374649
852,N,N2,CONT,14s,NA,NA,NA,NA,NA,NA,NA,NA,NA,NA
853,N,N2,CONT,14s,58.9014065,55,2,1,1,NA,NA,NA,14.85840954,NA
854,N,N2,CONT,14s,5.641043769,31,1,0,0,NA,NA,NA,5.606989839,NA
855,N,N2,CONT,14s,NA,NA,NA,NA,NA,NA,NA,NA,NA,NA
856,N,N2,CONT,14s,NA,NA,NA,NA,NA,NA,NA,NA,NA,NA
857,N,N2,CONT,14s,131.103688,25,NA,NA,NA,NA,NA,NA,14.91639209,NA
858,N,N2,CONT,14s,70.80183801,60,2,0,0,NA,NA,0,16.26555206,NA
859,N,N2,CONT,14s,90.9315144,41,NA,NA,NA,NA,NA,NA,15.5718573,NA
860,N,N2,CONT,14s,77.13246137,11,NA,NA,NA,NA,NA,NA,9.499911721,8.616383193
861,N,N2,CONT,14s,NA,NA,NA,NA,NA,NA,NA,NA,NA,NA
862,N,N2,CONT,14s,95.82517328,76,2,4,1,0,0,1,19.47251073,15.08312839
863,N,N2,CONT,14s,NA,NA,NA,NA,NA,NA,NA,NA,NA,NA
864,N,N2,CONT,14s,NA,NA,NA,NA,NA,NA,NA,NA,NA,NA
865,N,N2,CONT,14s,NA,NA,NA,NA,NA,NA,NA,NA,NA,NA
866,N,N2,CONT,14s,NA,NA,NA,NA,NA,NA,NA,NA,NA,NA
867,N,N2,CONT,14s,118.051313,129,NA,NA,NA,NA,NA,NA,24.91014178,NA
868,N,N2,CONT,14s,NA,NA,NA,NA,NA,NA,NA,NA,NA,NA
869,N,N2,LMH,14s,148.7054033,183,2,0,0,NA,NA,0,30.23745672,26.99801373
870,N,N2,LMH,14s,8.346897521,73,1,0,0,NA,NA,NA,8.5058583,NA
871,N,N2,LMH,14s,NA,NA,NA,NA,NA,NA,NA,NA,NA,NA
872,N,N2,LMH,14s,11.58116716,117,1,0,0,1,1,1,11.10692418,7.815968353
873,N,N2,LMH,14s,542.4261309,238,1,0,0,0,0,1,50.84797879,48.18380194
874,N,N2,LMH,14s,NA,NA,NA,NA,NA,NA,NA,NA,NA,NA
875,N,N2,LMH,14s,24.98320142,145,1,2,1,0,0,1,15.423156,15.49320769
876,N,N2,LMH,14s,436.6942594,288,NA,NA,NA,NA,NA,NA,50.40635749,NA
877,N,N2,LMH,14s,NA,NA,NA,NA,NA,NA,NA,NA,NA,NA
878,N,N2,LMH,14s,7.942260388,22,1,0,0,0,0,1,5.605462688,6.238859741
879,N,N2,LMH,14s,9.786767974,104,1,0,0,0,0,1,10.09503662,9.956334079
880,N,N2,LMH,14s,6.605198554,53,1,0,0,0,0,1,7.069119873,7.7761029
881,N,N2,LMH,14s,NA,NA,NA,NA,NA,NA,NA,NA,NA,NA
882,N,N2,LMH,14s,6.026281568,38,1,0,0,0,0,1,6.135181577,5.977243468
883,N,N2,LMH,14s,9.025874234,56,1,1,1,2,1,1,7.9913366,13.28881365
884,N,N2,LMH,14s,199.8072563,225,1,3,1,0,0,1,35.75441019,37.53348511
885,N,N2,LMH,14s,278.2829841,280,3,0,0,NA,NA,0,42.96053761,54.03065299
886,N,N2,LMH,14s,3.664353671,76,1,0,0,NA,NA,NA,6.54933508,NA
887,N,N2,LMH,14s,50.76939392,239,1,0,0,NA,NA,NA,23.09077232,NA
888,N,N2,LMH,14s,20.58874161,125,1,0,0,0,0,1,13.75956249,12.1368399
889,N,N2,LMH,14s,NA,NA,NA,NA,NA,2,1,1,NA,26.24967725
890,N,N2,LMH,14s,NA,NA,NA,NA,NA,NA,NA,NA,NA,NA
891,N,N2,LMH,14s,127.6762889,256,1,0,0,5,1,1,32.1447759,15.4392046
892,N,N2,LMH,14s,109.1735648,231,1,0,0,3,1,1,29.47895621,24.28810819
893,N,N2,LMH,14s,NA,91,NA,0,0,NA,NA,NA,NA,NA
894,N,N2,LMH,14s,69.98965777,194,1,0,0,NA,NA,0,23.9740941,13.11935171
895,N,N2,LMH,14s,NA,225,1,3,1,2,1,1,NA,11.47581949
896,N,N2,LMH,14s,106.413283,243,NA,0,0,NA,NA,0,29.72637288,NA
897,N,N2,LMH,14s,68.66147094,197,1,4,1,5,1,1,23.94358969,23.98206303
898,N,N2,LMH,14s,NA,NA,NA,NA,NA,NA,NA,NA,NA,NA
899,N,N2,LMH,14s,NA,NA,NA,NA,NA,NA,NA,NA,NA,NA
900,N,N2,LMH,14s,NA,NA,NA,NA,NA,NA,NA,NA,NA,NA
901,N,N2,LMH,14s,NA,NA,NA,NA,NA,NA,NA,NA,NA,NA
902,N,N2,MEGA,14s,222.4631658,187,NA,NA,NA,NA,NA,NA,34.84022079,NA
903,N,N2,MEGA,14s,NA,NA,NA,NA,NA,NA,NA,NA,NA,NA
904,N,N2,MEGA,14s,13.20254313,47.5,1,0,0,NA,NA,NA,8.588006072,NA
905,N,N2,MEGA,14s,148.2734343,400,1,NA,1,1,1,1,39.21944997,24.6279373
906,N,N2,MEGA,14s,62.24162635,58,3,0,0,0,0,1,15.40529736,5.687551936
907,N,N2,MEGA,14s,66.18738819,45,3,0,0,0,0,1,14.44729844,13.93082461
908,N,N2,MEGA,14s,15.7632553,61,1,0,0,NA,NA,NA,9.905191418,NA
909,N,N2,MEGA,14s,NA,NA,NA,NA,NA,NA,NA,NA,NA,NA
910,N,N2,MEGA,14s,NA,NA,NA,NA,NA,NA,NA,NA,NA,NA
911,N,N2,MEGA,14s,NA,NA,NA,NA,NA,NA,NA,NA,NA,NA
912,N,N2,MEGA,14s,453.6441728,269,NA,NA,NA,NA,NA,NA,49.90121386,NA
913,N,N2,MEGA,14s,152.1837747,213,1,0,0,0,0,1,32.05588652,NA
914,N,N2,MEGA,14s,53.4561625,194,1,1,1,NA,NA,NA,21.91138586,NA
915,N,N2,MEGA,14s,131.5098959,239,NA,NA,NA,NA,NA,NA,31.72758495,NA
916,N,N2,MEGA,14s,76.8214437,240,1,0,0,NA,NA,NA,26.55196855,NA
917,N,N2,MEGA,14s,NA,NA,NA,NA,NA,NA,NA,NA,NA,NA
918,N,N2,MEGA,14s,NA,NA,NA,NA,NA,NA,NA,NA,NA,NA
919,N,N2,MEGA,14s,16.47482603,81,1,0,0,1,1,1,11.05044099,9.248430715
920,N,N2,MEGA,14s,4.486272849,52,1,0,0,0,0,1,6.173293284,6.390521111
921,N,N2,MEGA,14s,2.405281875,10,1,0,0,0,0,1,2.891349588,3.1388757
922,N,N2,MEGA,14s,4.411502944,12,1,0,0,0,0,1,3.762511344,4.184562009
923,N,N2,MEGA,14s,6.6966189,9,1,0,0,0,0,1,3.929014327,4.600827376
924,N,N2,MEGA,14s,5.853493972,68,1,0,0,0,0,1,7.378728604,7.453993948
925,N,N2,MEGA,14s,NA,NA,NA,NA,NA,NA,NA,NA,NA,NA
926,N,N2,MEGA,14s,11.34114948,70,1,0,0,0,0,1,9.291370224,7.98754449
927,N,N2,MEGA,14s,5.896455252,63,1,0,0,0,0,1,7.210552881,6.459436679
928,N,N2,MEGA,14s,18.6272097,125,1,0,0,0,0,1,13.3072468,11.05315875
929,N,N2,MEGA,14s,113.6635291,24,NA,NA,NA,NA,NA,NA,14.02970426,NA
930,N,N2,MEGA,14s,NA,NA,NA,NA,NA,NA,NA,NA,NA,NA
931,N,N2,MEGA,14s,NA,NA,NA,NA,NA,NA,NA,NA,NA,NA
932,N,N2,MEGA,14s,91.10061063,58,1,NA,NA,0,0,1,17.49452479,17.16755649
933,N,N2,MEGA,14s,46.8084739,170,1,0,0,0,0,1,20.05711755,19.96191645
934,N,N2,MEGA,14s,295.4342736,400,3,NA,1,NA,NA,1,49.36907666,49.09467991
935,N,N2,MEGA,14s,NA,NA,NA,NA,NA,NA,NA,1,NA,19.83168257
936,N,N2,MEGA,14s,94.17120329,400,1,NA,1,NA,NA,1,33.70426038,34.01184041
937,N,N2,MEGA,14s,7.258335667,90,1,0,0,0,0,1,8.705845034,8.382484817
938,N,N2,MEGA,14s,7.021538121,68,1,0,0,NA,NA,NA,7.840816591,NA
939,N,N2,MESO,14s,61.51434765,208,1,0,0,0,0,1,23.50337851,22.05028948
940,N,N2,MESO,14s,76.04664841,206,2,0,0,0,0,1,25.1465333,21.88579726
941,N,N2,MESO,14s,1.389290811,13,NA,0,0,NA,NA,NA,2.627604383,NA
942,N,N2,MESO,14s,60.13204689,124,NA,0,0,NA,NA,0,19.62631281,NA
943,N,N2,MESO,14s,11.82369811,76,1,0,0,0,0,1,9.68377686,9.516320789
944,N,N2,MESO,14s,0.916088418,7,1,NA,NA,NA,NA,NA,1.859635425,NA
945,N,N2,MESO,14s,44.34365885,166,2,0,0,0,0,1,19.5421863,20.0206645
946,N,N2,MESO,14s,15.62282611,105,1,0,0,1,1,1,11.83877677,14.12397719
947,N,N2,MESO,14s,76.20129331,223,1,0,0,0,0,1,25.83863876,26.60887546
948,N,N2,MESO,14s,343.3981467,238,2,0,0,0,0,1,43.65062504,43.70059004
949,N,N2,MESO,14s,57.01236684,209,1,0,0,1,1,1,22.9512435,23.07783497
950,N,N2,MESO,14s,43.9433414,178,1,0,0,0,0,1,19.94242188,20.47548494
951,N,N2,MESO,14s,NA,NA,NA,NA,NA,NA,NA,NA,NA,NA
952,N,N2,MESO,14s,109.7298624,239,1,1,1,0,0,1,29.86656543,28.77542349
953,N,N2,MESO,14s,NA,NA,NA,NA,NA,NA,NA,NA,NA,NA
954,N,N2,MESO,14s,285.3222722,261,2,4,1,6,1,1,42.31588242,40.09519147
955,N,N2,MESO,14s,27.80505848,179,NA,0,0,NA,NA,0,17.14870316,NA
956,N,N2,MESO,14s,5.227924335,77,NA,NA,NA,NA,NA,NA,7.406551337,NA
957,N,N2,MESO,14s,NA,NA,NA,NA,NA,NA,NA,NA,NA,NA
958,N,N2,MESO,14s,NA,NA,NA,NA,NA,NA,NA,NA,NA,NA
959,N,N2,MESO,14s,NA,NA,NA,NA,NA,NA,NA,NA,NA,NA
960,N,N2,MESO,14s,NA,NA,NA,NA,NA,NA,NA,NA,NA,NA
961,N,N2,MESO,14s,82.51589454,187,2,6,1,3,1,1,25.01988885,26.19767105
962,N,N2,MESO,14s,186.2650284,201,2,5,1,0,0,1,33.63565257,33.91634794
963,N,N2,MESO,14s,NA,NA,NA,NA,NA,NA,NA,NA,NA,NA
964,N,N2,MESO,14s,25.87698453,162,1,3,1,2,1,1,16.19360226,18.36523868
965,N,N2,MESO,14s,131.7132355,201,1,5,1,0,0,1,29.96090846,30.59227548
966,N,N2,MESO,14s,36.85284532,105,1,1,1,0,0,1,15.76652899,15.68558584
967,N,N2,MESO,14s,19.95036999,95,NA,0,0,NA,NA,0,12.42360739,9.187272703
968,N,N2,MESO,14s,144.2010663,NA,NA,NA,NA,NA,NA,NA,NA,NA
969,N,N2,MESO,14s,NA,NA,NA,NA,NA,NA,NA,NA,NA,NA
970,N,N2,MESO,14s,20.10902042,94,1,0,0,1,1,1,12.41257424,16.58609341
971,N,N2,MESO,14s,54.49791462,180,1,0,0,0,0,1,21.50841266,24.98569762
972,N,N2,MESO,14s,NA,NA,NA,NA,NA,NA,NA,NA,NA,NA
973,N,N2,MESO,14s,42.89224304,182,1,0,0,0,0,1,19.92919747,19.69433859
974,N,N2,MESO,14s,2.89529179,6,1,0,0,0,0,1,2.593703299,4.622217322
975,N,N2,MESO,14s,56.74501731,157,1,1,1,0,0,1,20.82788316,20.41181993
976,N,N2,MESO,14s,45.00716321,177,1,0,0,0,0,1,20.06454284,19.88741782
977,N,N2,MESO,14s,86.26059445,228,1,0,0,0,0,1,27.13078636,29.6637672
978,N,N2,MESO,14s,52.55287607,44,1,2,1,0,0,1,13.27650542,18.84550274
979,N,N2p,CONT,14s,NA,NA,NA,NA,NA,NA,NA,NA,NA,NA
980,N,N2p,CONT,14s,NA,NA,NA,NA,NA,NA,NA,NA,NA,NA
981,N,N2p,CONT,14s,NA,NA,NA,NA,NA,NA,NA,NA,NA,NA
982,N,N2p,CONT,14s,NA,NA,NA,NA,NA,NA,NA,NA,NA,NA
983,N,N2p,CONT,14s,NA,NA,NA,NA,NA,0,0,1,NA,10.46209074
984,N,N2p,CONT,14s,NA,NA,NA,NA,NA,NA,NA,NA,NA,NA
985,N,N2p,CONT,14s,29.12892562,29,1,0,0,2,1,1,9.485992626,11.18653371
986,N,N2p,CONT,14s,102.6082645,61,NA,0,0,NA,NA,0,18.51232792,17.68318716
987,N,N2p,CONT,14s,NA,NA,NA,NA,NA,NA,NA,NA,NA,NA
988,N,N2p,CONT,14s,14.58963482,21,NA,0,0,NA,NA,NA,6.761392666,NA
989,N,N2p,CONT,14s,NA,NA,NA,NA,NA,NA,NA,NA,NA,NA
990,N,N2p,CONT,14s,NA,NA,NA,NA,NA,NA,NA,NA,NA,NA
991,N,N2p,CONT,14s,NA,NA,NA,NA,NA,NA,NA,NA,NA,NA
992,N,N2p,CONT,14s,42.08351855,68,1,0,0,NA,NA,0,14.25570692,6.664769123
993,N,N2p,CONT,14s,52.16810951,38,1,0,0,NA,NA,0,12.61137644,7.823824697
994,N,N2p,CONT,14s,NA,NA,NA,NA,NA,NA,NA,NA,NA,NA
995,N,N2p,CONT,14s,NA,NA,NA,NA,NA,NA,NA,NA,NA,NA
996,N,N2p,CONT,14s,90.76257526,62,3,0,0,NA,NA,0,17.86621902,14.24588648
997,N,N2p,CONT,14s,NA,NA,NA,NA,NA,0,0,1,NA,8.256931035
998,N,N2p,CONT,14s,16.54684705,42,1,0,0,NA,NA,NA,8.887639947,NA
999,N,N2p,CONT,14s,34.52366853,25,2,0,0,0,0,1,9.554304722,10.93955482
1000,N,N2p,CONT,14s,72.081016,98,1,0,0,NA,NA,0,19.27523643,17.04313637
1001,N,N2p,CONT,14s,24.6300864,45,NA,0,0,NA,NA,0,10.3863331,10.52510733
1002,N,N2p,CONT,14s,207.9050255,40,NA,0,0,NA,NA,NA,20.35458491,NA
1003,N,N2p,CONT,14s,NA,NA,NA,NA,NA,NA,NA,NA,NA,NA
1004,N,N3,CONT,14s,10.46346703,37,1,1,1,0,0,1,7.310713129,7.943399919
1005,N,N3,CONT,14s,8.709201694,38,1,1,1,0,0,1,6.937763667,5.867844159
1006,N,N3,CONT,14s,40.03928421,13,2,0,0,0,0,1,8.070060329,7.142505041
1007,N,N3,CONT,14s,23.24275909,NA,NA,NA,NA,NA,NA,NA,NA,11.86022863
1008,N,N3,CONT,14s,NA,NA,NA,NA,NA,NA,NA,NA,NA,NA
1009,N,N3,CONT,14s,6.788667565,NA,NA,NA,NA,NA,NA,NA,NA,4.353512562
1010,N,N3,CONT,14s,NA,NA,NA,NA,NA,NA,NA,NA,NA,NA
1011,N,N3,CONT,14s,NA,NA,NA,NA,NA,NA,NA,NA,NA,NA
1012,N,N3,CONT,14s,NA,NA,NA,NA,NA,NA,NA,NA,NA,NA
1013,N,N3,CONT,14s,93.48445113,83,1,4,1,0,0,1,19.88890605,20.21580338
1014,N,N3,CONT,14s,25.42812948,50,1,0,0,0,0,1,10.87330644,10.52510733
1015,N,N3,CONT,14s,NA,NA,NA,NA,NA,NA,NA,NA,NA,NA
1016,N,N3,CONT,14s,71.48034349,85,1,0,0,NA,NA,0,18.32956569,18.1292849
1017,N,N3,CONT,14s,12.94618917,30,1,0,0,0,0,1,7.318505665,9.12168002
1018,N,N3,CONT,14s,132.1203859,69,1,6,1,0,0,1,20.98847073,20.44470489
1019,N,N3,CONT,14s,9.186331078,121,1,0,0,1,1,1,10.39631019,11.05311361
1020,N,N3,CONT,14s,12.88249338,61,1,0,0,0,0,1,9.259816213,10.15724354
1021,N,N3,CONT,14s,NA,NA,NA,NA,NA,NA,NA,NA,NA,NA
1022,N,N3,CONT,14s,58.74731138,87.3,2,8,1,0,0,1,17.32127256,18.64522609
1023,N,N3,CONT,14s,36.42370377,131,1,1,1,0,0,1,16.90887413,17.65118515
1024,N,N3,CONT,14s,31.56955042,100,2,7,1,NA,NA,NA,14.73080753,NA
1025,N,N3,CONT,14s,92.80021225,72.2,1,0,0,0,0,1,18.93800712,17.47024057
1026,N,N3,CONT,14s,5.067074791,19.6,3,0,0,0,0,1,4.641950687,4.283541437
1027,N,N3,CONT,14s,NA,NA,NA,NA,NA,NA,NA,NA,NA,NA
1028,N,N3,CONT,14s,NA,NA,NA,NA,NA,NA,NA,NA,NA,NA
1029,N,N3,CONT,14s,NA,NA,NA,NA,NA,NA,NA,NA,NA,NA
1030,N,N3,CONT,14s,NA,NA,NA,NA,NA,NA,NA,NA,NA,NA
1031,N,N3,CONT,14s,NA,NA,NA,NA,NA,NA,NA,NA,NA,NA
1032,N,N3,CONT,14s,NA,NA,NA,NA,NA,NA,NA,NA,NA,NA
1033,N,N3,CONT,14s,27.06238598,22.5,2,0,0,0,0,1,8.503901269,10.89885271
1034,N,N3,CONT,14s,NA,NA,NA,NA,NA,NA,NA,NA,NA,NA
1035,N,N3,CONT,14s,50.51712403,NA,1,0,0,0,0,1,NA,15.25253729
1036,N,N3,CONT,14s,26.42079422,52.3,NA,NA,NA,NA,NA,NA,11.17981581,10.54499464
1037,N,N3,CONT,14s,21.89564416,25.5,2,0,0,0,0,1,8.261303359,12.43129835
1038,N,N3,CONT,14s,31.66921744,33.2,1,0,0,NA,NA,0,10.20507255,10.37500828
1039,N,N3,CONT,14s,17.72054606,63.5,1,0,0,0,0,1,10.43894061,12.19065883
1040,N,N3,CONT,14s,26.60332075,62.5,1,1,1,0,0,1,11.89229059,13.85768161
1041,N,N3,CONT,14s,40.15151761,113.9,1,1,1,0,0,1,16.67101161,12.30555729
1042,N,N3,CONT,14s,22.6484483,623.2,1,3,1,0,0,1,24.28627902,12.20380339
1043,N,N3,CONT,14s,NA,NA,NA,NA,NA,NA,NA,NA,NA,NA
1044,N,N3,CONT,14s,42.31379729,60.5,1,0,0,0,0,1,13.73523069,13.73976
1045,N,N3,CONT,14s,37.31842935,74.1,1,0,0,0,0,1,14.09357891,11.27367924
1046,N,N3,CONT,14s,18.09557368,55.6,1,0,0,0,0,1,10.05611305,11.94329802
1047,N,N3,CONT,14s,26.97025877,135.5,1,10,1,0,0,1,15.46837362,13.53842306
1048,N,N3,CONT,14s,NA,NA,NA,NA,NA,NA,NA,NA,NA,NA
1049,N,N3,CONT,14s,23.24275909,92.9,NA,NA,NA,NA,NA,NA,12.97636901,12.22807097
1050,N,N3,CONT,14s,NA,NA,NA,NA,NA,NA,NA,NA,NA,NA
1051,N,N3,CONT,14s,20.34817416,52.8,1,1,1,0,0,1,10.27895389,11.72949101
1052,N,N3,CONT,14s,80.91368229,89.4,1,11,1,0,0,1,19.42864589,16.89481413
1053,N,N3,CONT,14s,97.29268975,119,2,11,1,2,1,1,22.73196899,27.24925701
1054,N,N3,CONT,14s,102.6082645,66.6,8,1,1,0,0,1,19.06318641,15.71704157
1055,N,N3,CONT,14s,NA,NA,NA,NA,NA,NA,NA,NA,NA,NA
1056,N,N3,LMH,14s,16.61902514,52.4,1,2,1,0,0,1,9.582843229,9.042648341
1057,N,N3,LMH,14s,51.40281754,91.5,1,33,1,5,1,1,16.82786465,17.02610411
1058,N,N3,LMH,14s,114.5987027,141.9,8,7,1,NA,NA,0,25.46193544,23.32115413
1059,N,N3,LMH,14s,NA,NA,NA,NA,NA,NA,NA,NA,NA,NA
1060,N,N3,LMH,14s,30.1907054,87.5,NA,NA,NA,NA,NA,NA,13.88004807,NA
1061,N,N3,LMH,14s,NA,NA,NA,NA,NA,NA,NA,NA,NA,NA
1062,N,N3,LMH,14s,12.44102107,51.2,1,5,1,0,0,1,8.632848028,12.15188122
1063,N,N3,LMH,14s,119.4032188,127.1,7,113,1,1,1,1,24.88145526,29.8313748
1064,N,N3,LMH,14s,NA,NA,NA,NA,NA,NA,NA,NA,NA,NA
1065,N,N3,LMH,14s,50.0144692,187,1,0,0,NA,NA,0,21.16862467,20.38788818
1066,N,N3,LMH,14s,181.4583917,252,1,13,1,0,0,1,35.95793135,36.27450753
1067,N,N3,LMH,14s,NA,NA,NA,NA,NA,NA,NA,NA,NA,NA
1068,N,N3,LMH,14s,51.5299735,233,1,22,1,0,0,1,23.00954776,23.26863979
1069,N,N3,LMH,14s,NA,NA,NA,NA,NA,0,0,1,NA,10.21081329
1070,N,N3,LMH,14s,NA,NA,NA,NA,NA,NA,NA,NA,NA,NA
1071,N,N3,LMH,14s,134.3709443,278,1,NA,NA,0,0,1,33.61039495,35.7027408
1072,N,N3,LMH,14s,NA,NA,NA,NA,NA,0,0,NA,NA,13.5941507
1073,N,N3,LMH,14s,19.6194032,63.5,2,0,0,0,0,1,10.79979335,11.83884508
1074,N,N3,LMH,14s,39.81528865,174.5,1,3,1,1,1,1,19.16882282,16.74468212
1075,N,N3,LMH,14s,NA,NA,NA,NA,NA,NA,NA,NA,NA,NA
1076,N,N3,LMH,14s,NA,NA,NA,NA,NA,NA,NA,NA,NA,NA
1077,N,N3,LMH,14s,12.88249338,113,1,1,1,0,0,1,11.37600878,8.938114411
1078,N,N3,LMH,14s,8.972702778,130,1,0,0,0,0,1,10.56500594,10.82509879
1079,N,N3,LMH,14s,NA,NA,NA,NA,NA,NA,NA,NA,NA,NA
1080,N,N3,LMH,14s,NA,NA,NA,NA,NA,NA,NA,NA,NA,NA
1081,N,N3,LMH,14s,NA,NA,NA,NA,NA,0,0,1,NA,14.55277905
1082,N,N3,LMH,14s,NA,NA,NA,NA,NA,0,0,1,NA,8.636458819
1083,N,N3,LMH,14s,17.05539236,57.5,3,0,0,0,0,1,9.970537095,12.35884465
1084,N,N3,LMH,14s,13.33166258,35.8,4,0,0,0,0,1,7.83976892,11.43898591
1085,N,N3,LMH,14s,30.06205718,58.3,1,0,0,0,0,1,12.10322471,16.00586473
1086,N,N3,LMH,14s,NA,NA,NA,NA,NA,NA,NA,NA,NA,NA
1087,N,N3,LMH,14s,NA,NA,NA,NA,NA,NA,NA,NA,NA,20.98133767
1088,N,N3,LMH,14s,14.11957402,105.9,1,0,0,NA,NA,NA,11.47824911,NA
1089,N,N3,LMH,14s,NA,NA,NA,NA,NA,NA,NA,NA,NA,NA
1090,N,N3,LMH,14s,10.81029886,83.2,1,0,0,0,0,1,9.686711026,9.001364609
1091,N,N3,LMH,14s,2.986476516,38.5,1,0,0,0,0,1,4.87456043,5.263642461
1092,N,N3,LMH,14s,NA,NA,NA,NA,NA,NA,NA,NA,NA,NA
1093,N,N3,LMH,14s,1.862650284,20.7,1,1,1,1,1,1,3.38468408,4.982167122
1094,N,N3,LMH,14s,11.82369811,90.5,1,2,1,0,0,1,10.26507656,10.60384753
1095,N,N3,LMH,14s,NA,NA,NA,NA,NA,NA,NA,NA,NA,37.84050411
1096,N,N3,LMH,14s,65.75549774,117.1,2,11,1,1,1,1,19.83808182,18.59008875
1097,N,N3,LMH,14s,148.9216234,171,1,15,1,NA,NA,0,29.57484064,NA
1098,N,N3,LMH,14s,42.19857938,197,1,3,1,3,1,1,20.35206714,23.75879092
1099,N,N3,LMH,14s,85.43946067,250,1,19,1,0,0,1,27.88889235,28.37858256
1100,N,N3,LMH,14s,NA,NA,NA,NA,NA,NA,NA,NA,NA,NA
1101,N,N3,MEGA,14s,9.079202769,39,1,0,0,NA,NA,1,7.09607325,5.130008004
1102,N,N3,MEGA,14s,53.06809726,NA,NA,NA,NA,NA,NA,NA,NA,NA
1103,N,N3,MEGA,14s,15.34385268,NA,NA,NA,NA,NA,NA,NA,NA,NA
1104,N,N3,MEGA,14s,10.12229007,95,1,0,0,0,0,1,9.90539426,9.689975755
1105,N,N3,MEGA,14s,2.955924528,25,1,0,0,0,0,1,4.205726254,5.330131274
1106,N,N3,MEGA,14s,NA,NA,NA,NA,NA,0,0,1,NA,4.578690556
1107,N,N3,MEGA,14s,NA,NA,NA,NA,NA,NA,NA,NA,NA,NA
1108,N,N3,MEGA,14s,NA,NA,NA,NA,NA,NA,NA,NA,NA,NA
1109,N,N3,MEGA,14s,7.694467267,20,1,0,0,0,0,1,5.37275393,6.077189891
1110,N,N3,MEGA,14s,NA,NA,NA,NA,NA,NA,NA,NA,NA,NA
1111,N,N3,MEGA,14s,NA,NA,NA,NA,NA,NA,NA,NA,NA,NA
1112,N,N3,MEGA,14s,4.047078196,62,3,0,0,0,0,1,6.325302615,6.764332065
1113,N,N3,MEGA,14s,97.9898877,337,3,NA,NA,0,0,1,32.25519587,32.55823903
1114,N,N3,MEGA,14s,6.559724001,16,1,0,0,0,0,1,4.7283572,NA
1115,N,N3,MEGA,14s,45.36459792,162,1,0,0,NA,NA,1,19.53156038,NA
1116,N,N3,MEGA,14s,6.742564693,NA,1,0,0,NA,NA,NA,NA,NA
1117,N,N3,MEGA,14s,2.164243179,16,1,0,0,NA,NA,NA,3.265393592,NA
1118,N,N3,MEGA,14s,16.83650189,33,1,0,0,NA,NA,NA,8.247774333,NA
1119,N,N3,MEGA,14s,41.99178404,NA,2,NA,1,0,0,1,NA,23.68783187
1120,N,N3,MEGA,14s,87.95312749,NA,3,NA,1,NA,NA,1,NA,25.6026556
1121,N,N3,MEGA,14s,NA,NA,NA,NA,NA,NA,NA,NA,NA,NA
1122,N,N3,MEGA,14s,76.04664841,249,1,NA,1,0,0,1,26.78949972,13.08186462
1123,N,N3,MEGA,14s,236.4225186,228,2,5,1,2,1,1,37.98804028,36.29817174
1124,N,N3,MEGA,14s,31.969161,185,1,21,1,3,1,1,18.16541313,18.54404045
1125,N,N3,MEGA,14s,NA,NA,NA,NA,NA,NA,NA,NA,NA,NA
1126,N,N3,MEGA,14s,3.110255267,17,1,0,0,0,0,1,3.760999369,3.885182475
1127,N,N3,MEGA,14s,NA,NA,NA,NA,NA,NA,NA,NA,NA,NA
1128,N,N3,MEGA,14s,0.650388219,7,1,0,0,0,0,1,1.658681059,3.335674716
1129,N,N3,MEGA,14s,112.4950137,248,4,NA,NA,NA,1,1,30.48970357,27.82788851
1130,N,N3,MEGA,14s,3.36535259,6,1,0,0,0,0,1,2.727302969,2.928047152
1131,N,N3,MEGA,14s,14.11957402,NA,NA,NA,NA,NA,NA,NA,NA,NA
1132,N,N3,MEGA,14s,17.05539236,24,1,0,0,0,0,1,7.447961483,7.740089564
1133,N,N3,MEGA,14s,32.47220853,25,1,NA,NA,0,0,1,9.36088703,8.581551304
1134,N,N3,MEGA,14s,36.74532431,11,1,0,0,NA,NA,NA,7.416662832,NA
1135,N,N3,MEGA,14s,18.55079046,23,1,0,0,0,0,1,7.55183471,8.156747063
1136,N,N3,MEGA,14s,9.821404033,16,2,0,0,0,0,1,5.410407413,7.616803327
1137,N,N3,MEGA,14s,20.02961666,12,1,0,0,0,0,1,6.235125682,7.842853595
1138,N,N3,MEGA,14s,20.74990532,46,1,0,0,0,0,1,9.88084207,9.154835293
1139,N,N3,MEGA,14s,19.71357244,10,1,0,0,0,0,1,5.83585715,7.635039735
1140,N,N3,MEGA,14s,32.90025052,45,3,1,1,0,0,1,11.44031935,11.03503396
1141,N,N3,MESO,14s,68.47753069,122,3,0,0,0,0,1,20.38563544,10.53541203
1142,N,N3,MESO,14s,21.40084332,30,1,2,1,0,0,1,8.655614656,10.79968229
1143,N,N3,MESO,14s,7.450601137,22,1,0,0,0,0,1,5.487142321,7.782999355
1144,N,N3,MESO,14s,14.11957402,28,1,2,1,1,1,1,7.362046085,9.2243184
1145,N,N3,MESO,14s,16.83650189,37,1,1,1,1,1,1,8.568898071,9.721397295
1146,N,N3,MESO,14s,9.786767974,37.5,1,0,0,0,0,1,7.181450789,8.906759163
1147,N,N3,MESO,14s,16.85158153,37,2,0,0,0,0,1,8.571459512,12.54797097
1148,N,N3,MESO,14s,34.01355242,28,3,2,1,0,0,1,9.873523221,11.52694645
1149,N,N3,MESO,14s,23.71973139,92,2,1,1,1,1,1,13.02227778,15.08846424
1150,N,N3,MESO,14s,27.76272552,101,4,2,1,1,1,1,14.15918888,17.60046045
1151,N,N3,MESO,14s,60.95954239,32,NA,0,0,0,0,NA,12.54372554,13.15307335
1152,N,N3,MESO,14s,NA,NA,NA,NA,NA,NA,NA,NA,NA,NA
1153,N,N3,MESO,14s,11.40091828,59,1,1,1,1,1,1,8.791336709,10.2203639
1154,N,N3,MESO,14s,10.92716611,78,1,0,0,NA,NA,NA,9.514325611,NA
1155,N,N3,MESO,14s,22.14516515,102,1,0,0,0,0,1,13.17311585,11.7101926
1156,N,N3,MESO,14s,25.78689936,140,1,1,1,1,1,1,15.40551331,13.59355303
1157,N,N3,MESO,14s,57.28034469,174,2,0,0,3,1,1,21.62284053,18.93440595
1158,N,N3,MESO,14s,75.91360196,NA,NA,NA,NA,NA,NA,NA,NA,NA
1159,N,N3,MESO,14s,40.71504079,126,1,10,1,0,0,1,17.32291279,17.75313644
1160,N,N3,MESO,14s,70.88218425,126,2,4,1,0,0,1,20.84518595,18.18641002
1161,N,N3,MESO,14s,116.1333707,NA,2,NA,NA,7,1,1,NA,31.22908029
1162,N,N3,MESO,14s,15.69296216,162,1,10,1,3,1,1,13.70340809,13.59332058
1163,N,N3,MESO,14s,63.33482206,NA,1,NA,NA,NA,NA,0,NA,NA
1164,N,N3,MESO,14s,39.03625222,174,1,11,1,5,1,1,19.02455024,19.50195769
1165,N,N3,MESO,14s,86.42529244,244,2,NA,NA,NA,1,1,27.76978102,31.42005607
1166,N,N3,MESO,14s,35.67875361,NA,1,NA,NA,NA,NA,1,NA,21.27807517
1167,N,N3,MESO,14s,67.34600756,324,1,NA,1,NA,1,1,28.08808675,29.56433618
1168,N,N3,MESO,14s,70.73303714,200,1,5,1,5,1,1,24.30470142,26.33879132
1169,N,N3,MESO,14s,153.0596507,NA,NA,NA,NA,NA,NA,NA,NA,NA
1170,S,S1,CONT,14s,NA,NA,NA,NA,NA,1,1,1,NA,13.27715355
1171,S,S1,CONT,14s,NA,NA,NA,NA,NA,NA,NA,NA,NA,NA
1172,S,S1,CONT,14s,NA,NA,NA,NA,NA,NA,NA,NA,NA,NA
1173,S,S1,CONT,14s,32.06945635,99,NA,0,0,0,0,1,14.75867222,11.68861493
1174,S,S1,CONT,14s,19.87128039,67,1,0,0,0,0,1,11.04190545,9.568127612
1175,S,S1,CONT,14s,NA,NA,NA,NA,NA,NA,NA,NA,NA,NA
1176,S,S1,CONT,14s,10.23538741,30,1,0,0,0,0,1,6.766393676,8.490163293
1177,S,S1,CONT,14s,NA,NA,NA,NA,NA,NA,NA,NA,NA,NA
1178,S,S1,CONT,14s,14.86169675,86,NA,NA,NA,NA,NA,NA,10.89240081,NA
1179,S,S1,CONT,14s,27.80505848,99,1,0,0,0,0,1,14.07211634,13.85778199
1180,S,S1,CONT,14s,25.69697127,59,1,0,0,NA,NA,NA,11.53145776,NA
1181,S,S1,CONT,14s,16.76385256,4,NA,NA,NA,NA,NA,NA,4.071484074,NA
1182,S,S1,CONT,14s,NA,NA,NA,NA,NA,NA,NA,NA,NA,NA
1183,S,S1,CONT,14s,8.709201694,68,1,0,0,0,0,1,8.425419725,9.5126121
1184,S,S1,CONT,14s,12.5036173,103,1,0,0,1,1,1,10.92011809,12.41521749
1185,S,S1,CONT,14s,9.56622817,102,1,0,0,1,1,1,9.953776263,11.65998446
1186,S,S1,CONT,14s,39.1470719,62,1,0,0,NA,NA,NA,13.49300121,NA
1187,S,S1,CONT,14s,6.742564693,48,1,0,0,0,0,1,6.886247727,7.303911659
1188,S,S1,CONT,14s,NA,NA,NA,NA,NA,NA,NA,NA,NA,NA
1189,S,S1,CONT,14s,17.9450914,37,2,0,0,0,0,1,8.753273985,9.956637875
1190,S,S1,CONT,14s,11.40091828,32,1,0,0,NA,NA,NA,7.167217911,NA
1191,S,S1,CONT,14s,NA,NA,NA,NA,NA,NA,NA,NA,NA,NA
1192,S,S1,CONT,14s,11.04466167,57,1,0,0,NA,NA,0,8.599078153,6.448199001
1193,S,S1,CONT,14s,21.23716634,58,NA,NA,NA,NA,NA,NA,10.75890113,NA
1194,S,S1,CONT,14s,2.89529179,35,1,0,0,0,0,1,4.673268103,3.566747485
1195,S,S1,CONT,14s,18.09557368,223,NA,NA,NA,NA,NA,NA,15.98887041,NA
1196,S,S1,CONT,14s,3.110255267,7,NA,NA,NA,NA,NA,NA,2.796754408,NA
1197,S,S1,CONT,14s,15.20530844,33,3,0,0,0,0,1,7.971898255,12.3703668
1198,S,S1,CONT,14s,57.28034469,54,1,0,0,NA,NA,NA,14.6307182,NA
1199,S,S1,CONT,14s,27.80505848,109,1,0,0,1,1,1,14.53153169,7.139261814
1200,S,S1,CONT,14s,36.63796038,41,2,0,0,0,0,1,11.4958884,11.6174113
1201,S,S1,CONT,14s,12.25417484,77,3,0,0,0,0,1,9.842943597,7.290029181
1202,S,S1,LMH,14s,152.1888012,NA,NA,NA,NA,NA,NA,NA,NA,NA
1203,S,S1,LMH,14s,150.0050802,235,1,0,0,2,1,1,32.96617247,36.03800631
1204,S,S1,LMH,14s,135.6065327,385,1,6,1,NA,NA,1,37.58480363,39.28709225
1205,S,S1,LMH,14s,153.4985312,312,1,1,1,NA,NA,1,36.51731099,38.58797403
1206,S,S1,LMH,14s,298.4475322,NA,NA,0,0,NA,NA,0,NA,37.66127102
1207,S,S1,LMH,14s,244.1867293,285,2,0,0,NA,NA,1,41.36996509,43.21826881
1208,S,S1,LMH,14s,158.1447111,238,1,0,0,1,1,1,33.69528458,34.7709788
1209,S,S1,LMH,14s,58.35853929,400,1,0,0,NA,NA,1,28.72806962,34.05701982
1210,S,S1,LMH,14s,359.2386852,NA,NA,NA,NA,NA,NA,NA,NA,NA
1211,S,S1,LMH,14s,353.1179202,400,3,NA,NA,NA,NA,1,52.39798175,55.52049217
1212,S,S1,LMH,14s,172.0336137,400,0,0,0,NA,NA,1,41.21463207,40.01590655
1213,S,S1,LMH,14s,183.8538561,400,1,NA,1,NA,NA,1,42.13918323,36.50190256
1214,S,S1,LMH,14s,190.6447227,400,1,NA,1,NA,NA,1,42.65254156,40.44873101
1215,S,S1,LMH,14s,233.4341572,400,NA,NA,NA,NA,NA,NA,45.63556694,NA
1216,S,S1,LMH,14s,157.47673,400,1,NA,1,NA,NA,1,40.01590655,37.85438535
1217,S,S1,LMH,14s,282.3361884,400,NA,NA,NA,NA,NA,NA,48.62729107,NA
1218,S,S1,LMH,14s,925.3964856,400,4,NA,NA,NA,NA,NA,72.27691335,NA
1219,S,S1,LMH,14s,293.7668733,400,1,NA,1,NA,NA,1,49.27587964,50.30825376
1220,S,S1,LMH,14s,28.84264799,157,1,8,1,10,1,1,16.61611311,17.89161336
1221,S,S1,LMH,14s,52.29620795,NA,NA,NA,NA,NA,NA,NA,NA,NA
1222,S,S1,LMH,14s,NA,NA,NA,NA,NA,NA,NA,NA,NA,NA
1223,S,S1,LMH,14s,2.516494255,23.2,1,0,0,0,0,1,3.887512244,5.783246917
1224,S,S1,LMH,14s,2.269800692,21.6,1,0,0,6,1,1,3.667345764,5.480368092
1225,S,S1,LMH,14s,509.9043638,188,NA,NA,NA,NA,NA,NA,46.03803005,NA
1226,S,S1,LMH,14s,166.4993841,160.5,1,15,1,2,1,1,30.0546127,25.76666663
1227,S,S1,LMH,14s,161.6200195,347,3,NA,1,NA,NA,1,38.49367755,37.70599085
1228,S,S1,LMH,14s,53.4561625,152,1,4,1,0,0,1,20.19741776,23.33470073
1229,S,S1,LMH,14s,3.36535259,30,1,0,0,0,0,1,4.667493077,6.922528255
1230,S,S1,LMH,14s,55.81424194,151,1,6,1,0,0,1,20.44549226,21.85834741
1231,S,S1,LMH,14s,144.6730906,119.5,NA,NA,NA,NA,NA,NA,25.98780763,21.5698426
1232,S,S1,LMH,14s,NA,NA,NA,NA,NA,NA,NA,NA,NA,NA
1233,S,S1,LMH,14s,129.8888341,179.8,1,0,0,0,0,1,28.73242268,26.61100657
1234,S,S1,LMH,14s,2.573042923,16.8,1,0,0,0,0,1,3.516375797,3.857320093
1235,S,S1,LMH,14s,11.46084416,35.6,1,0,0,1,1,1,7.439913964,9.939498774
1236,S,S1,LMH,14s,0.933131558,8.4,NA,0,0,0,0,1,1.988543044,3.700205426
1237,S,S1,LMH,14s,11.04466167,49.2,1,0,0,1,1,1,8.186828669,11.60264245
1238,S,S1,LMH,14s,NA,NA,NA,NA,NA,NA,NA,NA,NA,NA
1239,S,S1,LMH,14s,508.269636,212,NA,NA,NA,NA,NA,NA,47.87080443,45.45253698
1240,S,S1,LMH,14s,248.0074557,232,NA,NA,NA,NA,NA,NA,38.82437778,43.52977429
1241,S,S1,MEGA,14s,71.03148844,307,1,0,0,0,0,1,28.08230995,28.40164432
1242,S,S1,MEGA,14s,74.05055898,278,NA,NA,NA,NA,NA,NA,27.54743808,26.05922024
1243,S,S1,MEGA,14s,NA,NA,NA,NA,NA,NA,NA,NA,NA,NA
1244,S,S1,MEGA,14s,97.64266317,248,1,0,0,0,0,1,29.08195637,25.98141375
1245,S,S1,MEGA,14s,20.18858125,119,1,2,1,0,0,1,13.44704529,13.73216061
1246,S,S1,MEGA,14s,NA,NA,NA,NA,NA,NA,NA,NA,NA,NA
1247,S,S1,MEGA,14s,30.1907054,108,NA,NA,NA,NA,NA,NA,14.89052441,17.54328633
1248,S,S1,MEGA,14s,56.07939236,400,1,6,1,NA,NA,1,28.3485264,26.82720494
1249,S,S1,MEGA,14s,72.83539094,245,NA,NA,NA,NA,NA,NA,26.26400935,24.65545156
1250,S,S1,MEGA,14s,52.16810951,321,1,0,0,NA,NA,0,25.71267903,24.64729065
1251,S,S1,MEGA,14s,22.81746598,22,3,0,0,0,0,1,7.973007021,7.164416678
1252,S,S1,MEGA,14s,NA,NA,NA,NA,NA,NA,NA,NA,NA,NA
1253,S,S1,MEGA,14s,NA,NA,NA,NA,NA,NA,NA,NA,NA,NA
1254,S,S1,MEGA,14s,18.55079046,29,2,0,0,0,0,1,8.159453816,8.360011654
1255,S,S1,MEGA,14s,3.300635782,9,0,0,0,0,0,1,3.102457953,4.960738649
1256,S,S1,MEGA,14s,70.13801949,39,3,0,0,0,0,1,14.04249798,12.34129981
1257,S,S1,MEGA,14s,NA,NA,NA,NA,NA,NA,NA,NA,NA,NA
1258,S,S1,MEGA,14s,55.81424194,102,NA,NA,NA,NA,NA,NA,17.93566524,NA
1259,S,S1,MEGA,14s,NA,NA,NA,NA,NA,NA,NA,NA,NA,NA
1260,S,S1,MEGA,14s,NA,NA,NA,NA,NA,NA,NA,NA,NA,NA
1261,S,S1,MEGA,14s,NA,NA,NA,NA,NA,NA,NA,NA,NA,NA
1262,S,S1,MEGA,14s,NA,NA,NA,NA,NA,NA,NA,0,NA,5.097723914
1263,S,S1,MEGA,14s,NA,NA,NA,NA,NA,0,0,1,NA,3.802298859
1264,S,S1,MEGA,14s,NA,NA,NA,NA,NA,NA,NA,NA,NA,NA
1265,S,S1,MEGA,14s,NA,NA,NA,NA,NA,NA,NA,NA,NA,NA
1266,S,S1,MEGA,14s,16.04599864,16,NA,NA,NA,NA,NA,NA,6.373885457,NA
1267,S,S1,MEGA,14s,32.775922,24,NA,NA,NA,NA,NA,NA,9.262923073,8.041995804
1268,S,S1,MEGA,14s,38.59454429,58,NA,NA,NA,NA,NA,NA,13.13342787,NA
1269,S,S1,MEGA,14s,NA,NA,NA,NA,NA,NA,NA,NA,NA,NA
1270,S,S1,MEGA,14s,NA,NA,NA,NA,NA,NA,NA,NA,NA,NA
1271,S,S1,MESO,14s,NA,NA,NA,NA,NA,NA,NA,NA,NA,NA
1272,S,S1,MESO,14s,53.97578192,364,1,NA,1,0,0,1,27.12146607,28.44852658
1273,S,S1,MESO,14s,1.5393804,12.6,1,0,0,0,0,1,2.690931283,4.531741823
1274,S,S1,MESO,14s,2.010619298,14.3,1,0,0,0,0,1,3.068837235,6.565388032
1275,S,S1,MESO,14s,79.48512157,270,1,12,1,0,0,1,27.93289979,33.93040292
1276,S,S1,MESO,14s,88.91461192,314,1,NA,1,NA,NA,1,30.49715379,32.19105205
1277,S,S1,MESO,14s,63.33482206,232,1,22,1,0,0,1,24.61452901,25.45697596
1278,S,S1,MESO,14s,86.75515967,73.5,2,0,0,0,0,1,18.6275335,26.51316566
1279,S,S1,MESO,14s,109.7298624,296,2,NA,1,0,0,1,32.07729734,23.35925081
1280,S,S1,MESO,14s,40.82821667,147.5,1,2,1,0,0,1,18.27535464,21.84135933
1281,S,S1,MESO,14s,64.0420731,344,2,NA,NA,0,0,1,28.17820291,28.75368639
1282,S,S1,MESO,14s,NA,NA,NA,NA,NA,NA,NA,NA,NA,13.78837049
1283,S,S1,MESO,14s,52.04016815,181,1,1,1,0,0,1,21.21880372,22.38404821
1284,S,S1,MESO,14s,31.86902274,275.8,1,NA,1,0,0,1,20.73420163,22.31875199
1285,S,S1,MESO,14s,77.75638167,314,2,NA,1,0,0,1,29.16197449,29.58220626
1286,S,S1,MESO,14s,31.76904155,338,1,NA,1,0,0,1,22.16756937,21.97307157
1287,S,S1,MESO,14s,NA,NA,NA,NA,NA,NA,NA,NA,NA,NA
1288,S,S1,MESO,14s,65.89930414,182,1,5,1,4,1,1,23.00134875,27.04596605
1289,S,S1,MESO,14s,115.370592,264,3,NA,1,6,1,1,31.39623324,33.44816475
1290,S,S1,MESO,14s,161.6065892,87,NA,NA,NA,NA,NA,NA,24.25479361,11.03816319
1291,S,S1,MESO,14s,95.03317777,400,2,NA,1,NA,NA,1,33.80694172,39.84590557
1292,S,S1,MESO,14s,24.10512627,289,1,NA,1,1,1,1,19.18595228,20.34153124
1293,S,S1,MESO,14s,105.3190663,410,1,NA,NA,0,0,1,35.27656504,33.65278326
1294,S,S1,MESO,14s,NA,NA,NA,NA,NA,NA,NA,NA,NA,NA
1295,S,S1,MESO,14s,9.621127502,113.8,1,0,0,0,0,1,10.34402204,11.96274656
1296,S,S1p,CONT,14s,18.55079046,38,2,0,0,0,0,1,8.929972672,8.773495582
1297,S,S1p,CONT,14s,62.49130443,167,1,0,0,0,0,1,21.95752783,19.42975571
1298,S,S1p,CONT,14s,6.157521601,83,1,0,0,0,0,1,8.020919273,9.137260227
1299,S,S1p,CONT,14s,11.82369811,22,1,0,0,0,0,1,6.401822284,6.1795566
1300,S,S1p,CONT,14s,8.398184021,8,1,0,0,0,0,1,4.074118819,6.772610792
1301,S,S1p,CONT,14s,36.96052341,40,1,0,0,0,0,1,11.43492428,9.169542923
1302,S,S1p,CONT,14s,13.01004204,32,1,0,0,0,0,1,7.490194942,7.901026445
1303,S,S1p,CONT,14s,7.450601137,51,1,0,0,0,0,1,7.265245228,7.557627684
1304,S,S1p,CONT,14s,6.026281568,8,1,0,0,0,0,1,3.646817843,3.905615045
1305,S,S1p,CONT,14s,11.52092712,23,1,0,0,0,0,1,6.441507377,7.940726415
1306,S,S1p,CONT,14s,11.76282975,100,1,0,0,0,0,1,10.59465169,13.40574625
1307,S,S1p,CONT,14s,9.456900746,41,2,0,0,0,0,1,7.314397049,8.354347373
1308,S,S1p,CONT,14s,60.54508778,97,1,1,1,2,1,1,18.12284041,17.86540565
1309,S,S1p,CONT,14s,10.1787602,25,4,0,0,0,0,1,6.355040488,6.370991846
1310,S,S1p,CONT,14s,NA,NA,NA,NA,NA,NA,NA,NA,NA,NA
1311,S,S1p,CONT,14s,47.05131901,45,2,0,0,0,0,1,12.89166772,12.20352473
1312,S,S1p,CONT,14s,56.87861353,NA,NA,NA,NA,NA,NA,NA,NA,NA
1313,S,S1p,CONT,14s,3.463605901,18,1,0,0,0,0,1,3.973673244,4.90275423
1314,S,S1p,CONT,14s,NA,NA,NA,NA,NA,NA,NA,NA,NA,NA
1315,S,S1p,CONT,14s,1.36847776,11,NA,NA,NA,NA,NA,NA,2.472580874,NA
1316,S,S1p,CONT,14s,22.31229788,131,1,0,0,0,0,1,14.35682403,8.174526161
1317,S,S1p,CONT,14s,NA,NA,NA,NA,NA,NA,NA,NA,NA,NA
1318,S,S1p,CONT,14s,12.31629984,33,1,1,1,0,0,1,7.430355292,6.916629785
1319,S,S1p,CONT,14s,NA,NA,NA,NA,NA,NA,NA,NA,NA,NA
1320,S,S1p,CONT,14s,16.83650189,48,1,0,0,0,0,1,9.346802859,8.431337804
1321,S,S1p,CONT,14s,41.39645224,102,2,2,1,0,0,1,16.23266983,17.20603229
1322,S,S1p,CONT,14s,26.05762611,162,1,0,0,2,1,1,16.23125445,16.57815699
1323,S,S1p,CONT,14s,5.147185404,49,1,0,0,0,0,1,6.336167666,6.862790995
1324,S,S1p,CONT,14s,15.13627194,181,1,0,0,0,0,1,14.04983371,12.81456004
1325,S,S1p,CONT,14s,14.11957402,103,1,0,0,NA,NA,NA,11.37234043,NA
1326,S,S1p,CONT,14s,34.211944,57,3,0,0,0,0,1,12.54238464,12.6907774
1327,S,S1p,CONT,14s,3.63050301,22,1,0,0,0,0,1,4.316288307,3.920855053
1328,S,S1p,CONT,14s,4.791635655,12,1,0,0,0,0,1,3.867782642,4.369158531
1329,S,S1p,CONT,14s,9.56622817,90,1,0,0,0,0,1,9.546422128,8.606083235
1330,S,S1p,CONT,14s,NA,NA,NA,NA,NA,NA,NA,NA,NA,NA
1331,S,S2,CONT,14s,NA,NA,NA,NA,NA,NA,NA,NA,NA,NA
1332,S,S2,CONT,14s,NA,NA,NA,NA,NA,NA,NA,NA,NA,NA
1333,S,S2,CONT,14s,37.06835858,109,1,0,0,3,1,1,15.99566422,14.82683725
1334,S,S2,CONT,14s,117.2822511,NA,NA,NA,NA,NA,NA,NA,NA,14.09186987
1335,S,S2,CONT,14s,57.45540994,147,2,0,0,0,0,1,20.46005564,17.72884553
1336,S,S2,CONT,14s,130.4552633,387,2,NA,1,NA,1,1,37.16623075,NA
1337,S,S2,CONT,14s,99.07954911,118,NA,NA,NA,0,0,NA,22.80616134,25.15491535
1338,S,S2,CONT,14s,NA,NA,NA,NA,NA,NA,NA,NA,NA,NA
1339,S,S2,CONT,14s,NA,NA,NA,NA,NA,NA,NA,NA,NA,NA
1340,S,S2,CONT,14s,8.919688402,67,NA,NA,NA,NA,NA,NA,8.45095877,7.305554666
1341,S,S2,CONT,14s,NA,NA,NA,NA,NA,NA,NA,NA,NA,NA
1342,S,S2,CONT,14s,0.882473376,8,1,0,0,0,0,1,1.920295467,4.424440089
1343,S,S2,CONT,14s,2.405281875,NA,NA,NA,NA,NA,NA,NA,NA,NA
1344,S,S2,CONT,14s,4.19096314,NA,NA,NA,NA,NA,NA,NA,NA,7.515118188
1345,S,S2,CONT,14s,NA,NA,NA,NA,NA,NA,NA,NA,NA,5.665506698
1346,S,S2,CONT,14s,NA,NA,NA,NA,NA,NA,NA,NA,NA,NA
1347,S,S2,CONT,14s,NA,NA,NA,NA,NA,NA,NA,NA,NA,NA
1348,S,S2,CONT,14s,29.70572204,25,1,0,0,NA,NA,NA,9.08670646,NA
1349,S,S2,CONT,14s,9.511485918,89,NA,0,0,NA,NA,0,9.492673829,8.767179705
1350,S,S2,CONT,14s,8.919688402,85,NA,0,0,1,1,1,9.149709263,8.968600376
1351,S,S2,CONT,14s,6.245800355,34,1,0,0,0,0,1,5.982580217,5.388632907
1352,S,S2,CONT,14s,16.4029621,122,NA,0,0,NA,NA,NA,12.65112281,NA
1353,S,S2,CONT,14s,3.236547292,30,NA,NA,NA,NA,NA,NA,4.60707633,NA
1354,S,S2,CONT,14s,33.08104918,NA,NA,NA,NA,NA,NA,NA,NA,17.63880034
1355,S,S2,CONT,14s,67.05541024,3,47,0,0,0,0,1,5.875422455,15.2399589
1356,S,S2,CONT,14s,35.36184545,200,NA,NA,NA,NA,NA,NA,19.28291239,12.385372
1357,S,S2,CONT,14s,26.87828865,94,1,0,0,NA,NA,NA,13.67509587,NA
1358,S,S2,CONT,14s,35.89081111,40,3,0,0,0,0,1,11.32335454,10.21044518
1359,S,S2,CONT,14s,NA,NA,NA,NA,NA,NA,NA,NA,NA,NA
1360,S,S2,CONT,14s,NA,NA,NA,NA,NA,NA,NA,NA,NA,NA
1361,S,S2,CONT,14s,2.659044022,31,1,0,0,0,0,1,4.361977484,4.099061184
1362,S,S2,CONT,14s,NA,NA,NA,NA,NA,NA,NA,NA,NA,NA
1363,S,S2,CONT,14s,7.645379882,12,1,0,0,0,0,1,4.520693709,5.914040649
1364,S,S2,CONT,14s,23.75829444,14.9,1,0,0,0,0,1,7.095468912,14.99516259
1365,S,S2,CONT,14s,18.09557368,NA,NA,NA,NA,NA,NA,NA,NA,8.794311977
1366,S,S2,CONT,14s,32.57831582,100,2,0,0,1,1,1,14.88630824,18.3619632
1367,S,S2,CONT,14s,31.56955042,98,1,0,0,0,0,1,14.6317877,10.33932115
1368,S,S2,CONT,14s,6.92791866,NA,NA,NA,NA,NA,NA,NA,NA,9.013812286
1369,S,S2,CONT,14s,67.63723319,92,1,0,0,0,0,1,18.47623826,20.02152413
1370,S,S2,LMH,14s,NA,NA,NA,NA,NA,NA,NA,NA,NA,NA
1371,S,S2,LMH,14s,19.16654262,83,1,0,0,0,0,1,11.71811133,6.883086336
1372,S,S2,LMH,14s,174.5798746,168,4,0,0,30,1,1,31.00301276,32.32217015
1373,S,S2,LMH,14s,NA,NA,NA,NA,NA,NA,NA,NA,NA,NA
1374,S,S2,LMH,14s,270.9674715,214,2,0,0,15,1,1,38.92533113,38.89794731
1375,S,S2,LMH,14s,39.92720789,217,1,0,0,5,1,1,20.6350722,27.26078074
1376,S,S2,LMH,14s,530.9291585,270,3,0,0,14,1,1,52.65723688,53.59871387
1377,S,S2,LMH,14s,124.357589,389,2,NA,1,NA,1,1,36.63999435,44.11981979
1378,S,S2,LMH,14s,3.63050301,22,1,0,0,1,1,1,4.316288307,4.994617291
1379,S,S2,LMH,14s,101.5338398,241,2,1,1,15,1,1,29.18355151,29.34393139
1380,S,S3,LMH,14s,4.19096314,63,1,0,0,10,1,1,6.433783052,16.48431937
1381,S,S2,LMH,14s,NA,NA,NA,NA,NA,NA,NA,NA,NA,NA
1382,S,S2,LMH,14s,89.08182319,131,1,0,0,6,1,1,22.79204174,21.12250413
1383,S,S2,LMH,14s,4.448809357,45.5,1,0,0,1,1,1,5.887630256,8.118158318
1384,S,S2,LMH,14s,33.59273609,143,1,1,1,4,1,1,16.94694959,19.15117487
1385,S,S2,LMH,14s,25.17625229,183,2,0,0,NA,NA,1,16.71228268,25.17559074
1386,S,S2,LMH,14s,23.15738631,222,1,0,0,NA,NA,1,17.3351295,19.89627638
1387,S,S2,LMH,14s,141.6582612,145,4,0,0,7,1,1,27.52704818,27.73565592
1388,S,S2,LMH,14s,NA,NA,NA,NA,NA,NA,NA,NA,NA,NA
1389,S,S2,LMH,14s,91.77856632,217,1,0,0,2,1,1,27.24476686,28.45486623
1390,S,S2,LMH,14s,271.1323265,356,2,NA,NA,NA,NA,1,46.14378099,41.32828608
1391,S,S2,LMH,14s,87.91464298,188,1,0,0,5,1,1,25.60043668,27.88180302
1392,S,S2,LMH,14s,116.4061395,148,2,0,0,6,1,1,25.95749864,24.01898934
1393,S,S2,LMH,14s,159.9329057,152,3,2,1,4,1,1,29.11976479,29.92988381
1394,S,S2,LMH,14s,46.44538433,138,1,0,0,0,0,1,18.65962187,18.81536707
1395,S,S2,LMH,14s,129.2867479,243,3,NA,NA,NA,NA,1,31.72280375,32.8080036
1396,S,S2,LMH,14s,6.469246132,72,NA,NA,NA,NA,NA,NA,7.776259617,7.357134743
1397,S,S2,LMH,14s,19.63495408,137,1,0,0,0,0,1,13.96426476,15.89885497
1398,S,S2,LMH,14s,24.71812954,94,1,1,1,4,1,1,13.29789667,15.75477273
1399,S,S2,LMH,14s,87.96019607,273,2,NA,NA,NA,NA,1,29.00064034,29.84701721
1400,S,S2,LMH,14s,NA,NA,NA,NA,NA,NA,NA,NA,NA,NA
1401,S,S2,LMH,14s,18.39842322,184,1,0,0,NA,1,1,15.07829374,16.97503383
1402,S,S2,LMH,14s,8.398184021,75,1,0,0,2,1,1,8.600528415,9.871286892
1403,S,S2,LMH,14s,2.573042923,25,1,0,0,0,0,1,4.015391018,3.672140836
1404,S,S2,LMH,14s,59.31020625,400,1,NA,1,NA,NA,1,28.88362777,25.42744509
1405,S,S2,LMH,14s,43.59352506,183,2,0,0,9,1,1,20.07407974,22.02726245
1406,S,S2,LMH,14s,44.29653496,267,1,NA,NA,0,0,1,22.89425101,24.45331524
1407,S,S2,LMH,14s,37.18781764,306,2,NA,NA,NA,1,1,22.60120019,27.57205438
1408,S,S2,LMH,14s,135.7358093,400,2,1,1,NA,1,1,38.07957425,36.88091102
1409,S,S2,LMH,14s,5.107051557,49,1,0,0,1,1,1,6.319630969,8.689536317
1410,S,S2,LMH,14s,37.60989061,400,NA,NA,NA,NA,1,1,24.80888874,24.90454751
1411,S,S2,MEGA,14s,68.51468002,70,1,0,0,0,0,1,16.93783624,15.44347384
1412,S,S2,MEGA,14s,NA,NA,NA,NA,NA,NA,NA,NA,NA,NA
1413,S,S2,MEGA,14s,NA,NA,NA,NA,NA,NA,NA,NA,NA,NA
1414,S,S2,MEGA,14s,NA,NA,NA,NA,NA,NA,NA,NA,NA,NA
1415,S,S2,MEGA,14s,NA,NA,NA,NA,NA,NA,NA,NA,NA,NA
1416,S,S2,MEGA,14s,4.263848089,35,1,0,0,NA,NA,0,5.317944656,5.77342964
1417,S,S2,MEGA,14s,1.093588403,6,1,0,0,0,0,1,1.873942184,2.215440526
1418,S,S2,MEGA,14s,1.431388153,13,1,0,0,NA,NA,0,2.653921536,2.155954121
1419,S,S2,MEGA,14s,5.725552611,16,1,0,0,0,0,1,4.518460022,5.00103808
1420,S,S2,MEGA,14s,NA,NA,NA,NA,NA,NA,NA,NA,NA,NA
1421,S,S2,MEGA,14s,34.73227028,3,1,0,0,NA,NA,NA,4.716917484,NA
1422,S,S2,MEGA,14s,0.664761005,5,1,0,0,0,0,1,1.493301148,2.021507003
1423,S,S2,MEGA,14s,4.227327075,11,1,0,0,0,0,1,3.603122531,3.509182502
1424,S,S2,MEGA,14s,121.5431932,400,1,NA,NA,NA,1,1,36.70112939,37.0744624
1425,S,S2,MEGA,14s,0.933131558,7,1,0,0,0,0,1,1.871114792,2.465629086
1426,S,S2,MEGA,14s,22.90221044,20,1,0,0,0,0,1,7.732870572,6.361231964
1427,S,S2,MEGA,14s,198.0573106,400,2,NA,NA,NA,NA,1,43.19917809,44.38985442
1428,S,S2,MEGA,14s,NA,NA,NA,NA,NA,NA,NA,NA,NA,NA
1429,S,S2,MEGA,14s,0.738981132,6,1,0,0,NA,NA,0,1.644100126,1.939931626
1430,S,S2,MEGA,14s,2.925529619,40,1,0,0,0,0,1,4.903290434,3.890894322
1431,S,S2,MEGA,14s,0.636172512,5,1,0,0,NA,NA,NA,1.471546578,NA
1432,S,S2,MEGA,14s,0.693977817,5,1,0,0,0,0,1,1.514899116,0.925161293
1433,S,S2,MEGA,14s,0.865901475,4,1,0,0,0,0,1,1.51398277,1.996050124
1434,S,S2,MEGA,14s,1.5393804,7,1,0,0,0,0,1,2.211465599,3.059894783
1435,S,S2,MEGA,14s,23.41397589,400,1,NA,1,NA,NA,1,21.17835611,NA
1436,S,S2,MEGA,14s,12.81895466,97,1,0,0,0,0,1,10.792862,4.940096044
1437,S,S2,MEGA,14s,NA,NA,NA,NA,NA,NA,NA,NA,NA,NA
1438,S,S2,MEGA,14s,NA,NA,NA,NA,NA,NA,NA,NA,NA,NA
1439,S,S2,MEGA,14s,NA,NA,NA,NA,NA,NA,NA,NA,NA,NA
1440,S,S2,MEGA,14s,24.6300864,304,1,NA,1,NA,1,1,19.65366726,20.19192185
1441,S,S2,MEGA,14s,29.6091966,18,1,0,0,0,0,1,8.134019928,8.686847525
1442,S,S2,MEGA,14s,33.38759009,24,3,0,0,0,0,1,9.320279044,8.077807768
1443,S,S2,MEGA,14s,78.85428976,400,1,NA,1,NA,NA,1,31.76489792,47.95712631
1444,S,S2,MEGA,14s,12.25417484,78,1,0,0,0,0,1,9.885436353,17.47613729
1445,S,S2,MEGA,14s,51.14897685,400,1,NA,NA,NA,NA,1,27.49082486,27.536297
1446,S,S2,MEGA,14s,50.51712403,400,1,NA,1,0,0,1,27.37698034,9.671083634
1447,S,S2,MEGA,14s,5.641043769,62.5,1,0,0,0,0,1,7.085864545,7.293967609
1448,S,S2,MEGA,14s,NA,NA,NA,NA,NA,NA,NA,NA,NA,NA
1449,S,S2,MEGA,14s,12.94618917,NA,NA,NA,NA,NA,NA,NA,NA,6.910936467
1450,S,S2,MEGA,14s,NA,NA,NA,NA,NA,NA,NA,NA,NA,NA
1451,S,S2,MEGA,14s,21.56514861,NA,NA,NA,NA,NA,NA,NA,NA,NA
1452,S,S2,MEGA,14s,11.94590607,21,1,0,0,0,0,1,6.324841219,5.559397317
1453,S,S2,MEGA,14s,11.82369811,53,NA,NA,NA,NA,NA,NA,8.585880561,7.968512573
1454,S,S2,MESO,14s,13.59178646,123,1,0,0,0,0,1,11.91393777,5.984497608
1455,S,S2,MESO,14s,20.02961666,208,1,1,1,NA,NA,1,16.16011737,17.63558218
1456,S,S2,MESO,14s,43.24119544,213,1,0,0,0,0,1,21.0605262,20.72922338
1457,S,S2,MESO,14s,29.99624082,168,1,0,0,2,1,1,17.22002678,17.59322691
1458,S,S2,MESO,14s,85.04558349,141,2,0,0,3,1,1,22.9999106,21.16866935
1459,S,S2,MESO,14s,30.77786907,181,1,0,0,1,1,1,17.80614626,18.94812706
1460,S,S2,MESO,14s,24.89468705,97,1,0,0,2,1,1,13.47007135,14.96856643
1461,S,S2,MESO,14s,NA,NA,NA,NA,NA,NA,NA,NA,NA,NA
1462,S,S2,MESO,14s,3.766848131,30,NA,0,0,NA,NA,0,4.846461416,5.50116593
1463,S,S2,MESO,14s,18.24668429,26,1,0,0,0,0,1,7.824055188,7.128129179
1464,S,S2,MESO,14s,2.190396938,8,1,0,0,0,0,1,2.601229344,3.663971145
1465,S,S2,MESO,14s,7.306166415,40,1,0,0,0,0,1,6.655604839,6.899206818
1466,S,S2,MESO,14s,46.32466863,80,1,1,1,1,1,1,15.54081365,15.62256525
1467,S,S2,MESO,14s,11.82369811,44,1,0,0,0,0,1,8.068673029,8.988563499
1468,S,S2,MESO,14s,16.54684705,145,1,0,0,0,0,1,13.44115962,14.07570814
1469,S,S2,MESO,14s,12.06874234,121,1,0,0,0,0,1,11.38798699,11.53301749
1470,S,S2,MESO,14s,NA,NA,NA,NA,NA,NA,NA,NA,NA,7.712261749
1471,S,S2,MESO,14s,14.38723772,26,1,0,0,0,0,1,7.227307386,6.42039979
1472,S,S2,MESO,14s,2.1124069,16,1,0,0,0,0,1,3.239072104,4.108487641
1473,S,S2,MESO,14s,13.72279087,40,1,0,0,0,0,1,8.214471004,8.614031084
1474,S,S2,MESO,14s,26.97025877,NA,NA,NA,NA,NA,NA,NA,NA,NA
1475,S,S2,MESO,14s,NA,NA,NA,NA,NA,NA,NA,NA,NA,NA
1476,S,S2,MESO,14s,14.65741468,23,1,0,0,0,0,1,6.980685292,7.56173286
1477,S,S2,MESO,14s,5.067074791,72,1,0,0,0,0,1,7.167217911,8.585604075
1478,S,S2,MESO,14s,74.50883881,NA,NA,NA,NA,NA,NA,NA,NA,NA
1479,S,S2,MESO,14s,9.676183913,NA,NA,NA,NA,NA,NA,NA,NA,NA
1480,S,S2,MESO,14s,8.656972716,NA,NA,NA,NA,NA,NA,NA,NA,NA
1481,S,S2,MESO,14s,NA,NA,NA,NA,NA,NA,NA,NA,NA,NA
1482,S,S2,MESO,14s,5.896455252,NA,NA,NA,NA,NA,NA,NA,NA,NA
1483,S,S2,MESO,14s,NA,NA,NA,NA,NA,NA,NA,NA,NA,NA
1484,S,S2,MESO,14s,56.07939236,NA,NA,NA,NA,NA,NA,NA,NA,NA
1485,S,S2,MESO,14s,NA,NA,NA,NA,NA,NA,NA,NA,NA,NA
1486,S,S2p,CONT,14s,11.58116716,33,1,0,0,NA,NA,NA,7.27924766,NA
1487,S,S2p,CONT,14s,NA,NA,NA,NA,NA,NA,NA,NA,NA,NA
1488,S,S2p,CONT,14s,16.61902514,NA,1,0,0,0,0,1,NA,10.09940168
1489,S,S2p,CONT,14s,15.83370551,70.5,1,0,0,0,0,1,10.41105925,10.92661533
1490,S,S2p,CONT,14s,50.51712403,71,1,0,0,0,0,1,15.3720333,13.12183396
1491,S,S2p,CONT,14s,8.552985999,62,1,0,0,0,0,1,8.120339945,8.90626298
1492,S,S2p,CONT,14s,NA,NA,NA,NA,NA,NA,NA,NA,NA,NA
1493,S,S2p,CONT,14s,40.60202199,103,1,0,0,0,0,1,16.18061404,12.81338257
1494,S,S2p,CONT,14s,10.06597702,81,1,0,0,0,0,1,9.374490725,11.7619628
1495,S,S2p,CONT,14s,18.39842322,77,1,0,0,0,0,1,11.2732244,12.33228465
1496,S,S2p,CONT,14s,64.89595799,132,1,0,0,0,0,1,20.55690597,18.48899297
1497,S,S2p,CONT,14s,NA,NA,NA,NA,NA,NA,NA,NA,NA,NA
1498,S,S2p,CONT,14s,NA,NA,NA,NA,NA,NA,NA,NA,NA,NA
1499,S,S2p,CONT,14s,NA,NA,NA,NA,NA,NA,NA,NA,NA,NA
1500,S,S2p,CONT,14s,NA,NA,NA,NA,NA,NA,NA,NA,NA,NA
1501,S,S2p,CONT,14s,NA,NA,NA,NA,NA,NA,NA,NA,NA,NA
1502,S,S2p,CONT,14s,NA,NA,NA,NA,NA,NA,NA,NA,NA,NA
1503,S,S2p,CONT,14s,NA,NA,NA,NA,NA,NA,NA,NA,NA,NA
1504,S,S2p,CONT,14s,NA,NA,NA,NA,NA,NA,NA,NA,NA,NA
1505,S,S2p,CONT,14s,NA,NA,NA,NA,NA,NA,NA,NA,NA,NA
1506,S,S2p,CONT,14s,NA,NA,NA,NA,NA,NA,NA,NA,NA,NA
1507,S,S2p,CONT,14s,12.69234848,46,1,0,0,0,0,1,8.385440372,9.765206735
1508,S,S2p,CONT,14s,NA,NA,NA,NA,NA,NA,NA,NA,NA,NA
1509,S,S2p,CONT,14s,NA,NA,NA,NA,NA,NA,NA,NA,NA,NA
1510,S,S2p,CONT,14s,11.28153776,30,1,0,0,NA,NA,0,6.989837074,6.724325992
1511,S,S2p,CONT,14s,NA,NA,NA,NA,NA,NA,NA,NA,NA,NA
1512,S,S2p,CONT,14s,8.814130889,27,1,0,0,NA,NA,NA,6.214498898,NA
1513,S,S2p,CONT,14s,28.55778408,47,NA,NA,NA,NA,NA,NA,11.07183851,10.43384773
1514,S,S2p,CONT,14s,24.6300864,63,1,0,0,0,0,1,11.62109137,10.61214344
1515,S,S2p,CONT,14s,13.65721012,43,1,0,0,0,0,1,8.401768715,9.878209031
1516,S,S2p,CONT,14s,NA,NA,NA,NA,NA,NA,NA,NA,NA,NA
1517,S,S2p,CONT,14s,NA,NA,NA,NA,NA,NA,NA,NA,NA,NA
1518,S,S2p,CONT,14s,10.1787602,51,NA,NA,NA,NA,NA,NA,8.062838886,8.625605142
1519,S,S2p,CONT,14s,21.97866074,44,1,0,0,NA,NA,NA,9.924078767,NA
1520,S,S2p,CONT,14s,19.16654262,56,1,0,0,2,1,1,10.27557602,10.62530982
1521,S,S3,CONT,14s,NA,NA,NA,NA,NA,NA,NA,NA,NA,NA
1522,S,S3,CONT,14s,NA,NA,NA,NA,NA,NA,NA,NA,NA,NA
1523,S,S3,CONT,14s,NA,NA,NA,NA,NA,NA,NA,NA,NA,NA
1524,S,S3,CONT,14s,8.092821215,77.5,1,0,0,0,0,1,8.588339097,7.212111566
1525,S,S3,CONT,14s,6.201582438,67.9,2,0,0,NA,NA,NA,7.51871359,NA
1526,S,S3,CONT,14s,12.56637061,41.2,2,0,0,0,0,1,8.055664892,9.53037726
1527,S,S3,CONT,14s,1.306981084,6.4,NA,0,0,0,0,1,2.032163206,3.821781863
1528,S,S3,CONT,14s,24.0181827,82.3,1,0,0,4,1,1,12.5992765,12.26342829
1529,S,S3,CONT,14s,9.731397404,60.4,1,0,0,0,0,1,8.404234313,5.14630151
1530,S,S3,CONT,14s,40.37645564,52.8,1,0,0,0,0,1,12.92121157,11.04252556
1531,S,S3,CONT,14s,30.3857983,150,1,0,0,3,1,1,16.65226345,16.30480585
1532,S,S3,CONT,14s,7.892387604,58.2,1,0,0,2,1,1,7.740149875,9.037899338
1533,S,S3,CONT,14s,19.79234788,141,1,0,0,0,0,1,14.13670823,10.71085254
1534,S,S3,CONT,14s,49.14087083,150,1,0,0,0,0,1,19.55111907,19.26422105
1535,S,S3,CONT,14s,12.25417484,61.4,1,0,0,0,0,1,9.126414648,11.02435391
1536,S,S3,CONT,14s,30.67961576,114,1,0,0,0,0,1,15.24327472,7.133992212
1537,S,S3,CONT,14s,21.73008223,102,1,0,0,NA,NA,NA,13.0901641,NA
1538,S,S3,CONT,14s,14.18625433,67.8,1,0,0,NA,NA,NA,9.90611805,NA
1539,S,S3,CONT,14s,NA,NA,NA,NA,NA,0,0,1,NA,8.629191681
1540,S,S3,CONT,14s,9.402472653,60,1,0,0,NA,NA,0,8.289901328,NA
1541,S,S3,CONT,14s,NA,NA,NA,NA,NA,NA,NA,NA,NA,NA
1542,S,S3,CONT,14s,55.02256059,200,1,0,0,9,1,1,22.34979579,22.24394324
1543,S,S3,CONT,14s,43.47461578,155,1,0,0,5,1,1,18.97416396,18.42920986
1544,S,S3,CONT,14s,31.07357148,134,1,0,0,0,0,1,16.15713622,10.67786722
1545,S,S3,CONT,14s,NA,NA,NA,NA,NA,NA,NA,NA,NA,NA
1546,S,S3,CONT,14s,16.61902514,105,1,0,0,0,0,1,12.08563067,12.193415
1547,S,S3,CONT,14s,15.55284713,101,3,0,0,0,0,1,11.66875688,8.484019201
1548,S,S3,CONT,14s,22.06183441,98,2,0,0,NA,NA,0,12.98199922,12.28571911
1549,S,S3,CONT,14s,NA,NA,NA,NA,NA,NA,NA,NA,NA,NA
1550,S,S3,CONT,14s,NA,NA,NA,NA,NA,NA,NA,NA,NA,NA
1551,S,S3,CONT,14s,19.87128039,100,1,0,0,0,0,1,12.62143522,16.12799811
1552,S,S3,CONT,14s,13.01004204,39,1,0,0,0,0,NA,8.001577511,8.181428119
1553,S,S3,CONT,14s,44.17864669,85,1,0,0,0,0,1,15.60940616,13.94665132
1554,S,S3,CONT,14s,NA,NA,NA,NA,NA,NA,NA,NA,NA,NA
1555,S,S3,CONT,14s,67.92908715,32,NA,NA,NA,NA,NA,NA,13.00535278,NA
1556,S,S3,CONT,14s,224.8488128,61,3,0,0,NA,NA,NA,24.05503965,NA
1557,S,S3,CONT,14s,NA,NA,NA,NA,NA,NA,NA,NA,NA,NA
1558,S,S3,CONT,14s,NA,NA,NA,NA,NA,NA,NA,NA,NA,NA
1559,S,S3,CONT,14s,NA,NA,NA,NA,NA,NA,NA,NA,NA,NA
1560,S,S3,CONT,14s,NA,NA,NA,NA,NA,NA,NA,NA,NA,NA
1561,S,S3,CONT,14s,NA,NA,NA,NA,NA,NA,NA,NA,NA,NA
1562,S,S3,CONT,14s,NA,NA,NA,NA,NA,NA,NA,NA,NA,NA
1563,S,S3,CONT,14s,3.36535259,21,1,0,0,NA,NA,NA,4.143523907,NA
1564,S,S3,LMH,14s,23.84476678,125,1,0,0,0,0,1,14.45080092,14.91176651
1565,S,S3,LMH,14s,6.605198554,53,1,0,0,1,1,1,7.069119873,9.13512293
1566,S,S3,LMH,14s,NA,NA,NA,NA,NA,0,0,1,NA,10.41710328
1567,S,S3,LMH,14s,NA,NA,NA,NA,NA,NA,NA,NA,NA,NA
1568,S,S3,LMH,14s,27.06238598,160,1,0,0,0,0,1,16.36954128,17.08003917
1569,S,S3,LMH,14s,36.53075354,89,NA,NA,NA,NA,NA,NA,14.87624161,13.94599881
1570,S,S3,LMH,14s,5.641043769,35,1,0,0,2,1,1,5.838828524,6.922455104
1571,S,S3,LMH,14s,NA,NA,NA,NA,NA,NA,NA,NA,NA,NA
1572,S,S3,LMH,14s,NA,NA,NA,NA,NA,NA,NA,NA,NA,NA
1573,S,S3,LMH,14s,NA,NA,NA,NA,NA,NA,NA,NA,NA,NA
1574,S,S3,LMH,14s,NA,NA,NA,NA,NA,NA,NA,NA,NA,NA
1575,S,S3,LMH,14s,6.113617844,29,1,1,1,0,0,1,5.632802922,4.585932154
1576,S,S3,LMH,14s,3.529893506,15,1,0,0,0,0,1,3.762757322,4.459719006
1577,S,S3,LMH,14s,34.99734216,13,NA,0,0,NA,NA,0,7.715479196,14.43862731
1578,S,S3,LMH,14s,46.32466863,152,1,0,0,5,1,1,19.25463579,18.2128789
1579,S,S3,LMH,14s,11.58116716,73,NA,NA,NA,NA,NA,NA,9.488565061,9.786294226
1580,S,S3,LMH,14s,102.3546595,283,2,0,0,NA,NA,1,30.87436083,26.67191505
1581,S,S3,LMH,14s,NA,NA,NA,NA,NA,NA,NA,NA,NA,NA
1582,S,S3,LMH,14s,5.68321965,40,1,0,0,0,0,1,6.120209017,5.777486561
1583,S,S3,LMH,14s,28.74753628,155,1,0,0,0,0,1,16.52691065,18.80214748
1584,S,S3,LMH,14s,1.814583917,16,1,0,0,0,0,1,3.078835045,3.128136049
1585,S,S3,LMH,14s,32.97918304,183,NA,NA,NA,NA,NA,NA,18.28854469,17.28107686
1586,S,S3,LMH,14s,18.78051942,156,1,0,0,NA,NA,0,14.36804796,13.09855926
1587,S,S3,LMH,14s,42.54470435,231,1,0,0,0,0,1,21.52172819,20.22790852
1588,S,S3,LMH,14s,17.34944543,203,NA,NA,NA,NA,NA,NA,15.27878405,14.66844048
1589,S,S3,LMH,14s,1.149901451,10,1,0,0,0,0,1,2.25995752,2.602159659
1590,S,S3,LMH,14s,NA,NA,NA,NA,NA,NA,NA,NA,NA,NA
1591,S,S3,LMH,14s,NA,NA,NA,NA,NA,NA,NA,NA,NA,NA
1592,S,S3,LMH,14s,NA,NA,NA,NA,NA,NA,NA,NA,NA,NA
1593,S,S3,LMH,14s,39.25804866,156,NA,NA,NA,NA,NA,NA,18.37820968,16.5323024
1594,S,S3,LMH,14s,NA,NA,NA,NA,NA,NA,NA,NA,NA,NA
1595,S,S3,LMH,14s,NA,NA,NA,NA,NA,NA,NA,NA,NA,NA
1596,S,S3,LMH,14s,NA,NA,NA,NA,NA,NA,NA,NA,NA,NA
1597,S,S3,LMH,14s,12.62928101,42,NA,NA,NA,NA,NA,NA,8.121079474,8.20099
1598,S,S3,LMH,14s,NA,NA,NA,NA,NA,NA,NA,NA,NA,NA
1599,S,S3,LMH,14s,NA,NA,NA,NA,NA,NA,NA,NA,NA,NA
1600,S,S3,LMH,14s,1.517467792,11,1,0,0,0,0,1,2.559376748,2.627605909
1601,S,S3,LMH,14s,1.22718463,8,1,0,0,0,0,1,2.14376894,2.197914962
1602,S,S3,LMH,14s,4.263848089,48,1,0,0,0,0,1,5.909339196,6.344214593
1603,S,S3,LMH,14s,NA,NA,NA,NA,NA,NA,NA,NA,NA,NA
1604,S,S3,LMH,14s,35.46732442,83,1,0,0,0,0,1,14.390977,9.93098413
1605,S,S3,LMH,14s,84.94866535,49,3,0,0,NA,NA,0,16.15535611,NA
1606,S,S3,LMH,14s,35.25652355,186,1,0,0,3,1,1,18.8026135,17.87401415
1607,S,S3,LMH,14s,NA,NA,NA,NA,NA,NA,NA,NA,NA,NA
1608,S,S3,LMH,14s,NA,NA,NA,NA,NA,NA,NA,NA,NA,NA
1609,S,S3,LMH,14s,NA,NA,NA,NA,NA,NA,NA,NA,NA,NA
1610,S,S3,LMH,14s,NA,NA,NA,NA,NA,NA,NA,NA,NA,NA
1611,S,S3,LMH,14s,32.67452709,NA,NA,NA,NA,NA,NA,NA,NA,NA
1612,S,S3,LMH,14s,56.47829609,NA,NA,NA,NA,NA,NA,NA,NA,NA
1613,S,S3,LMH,14s,258.1600621,297,2,NA,NA,NA,NA,0,42.73001455,50.56216163
1614,S,S3,LMH,14s,NA,NA,NA,NA,NA,NA,NA,NA,NA,NA
1615,S,S3,LMH,14s,9.240130853,107,1,0,0,2,1,1,9.997647517,9.604532869
1616,S,S3,LMH,14s,16.69136031,220,2,0,0,0,0,1,15.49324537,15.73556546
1617,S,S3,LMH,14s,12.88249338,172,NA,NA,NA,NA,NA,NA,13.08882416,12.66663099
1618,S,S3,LMH,14s,23.07217061,161,1,0,0,0,0,1,15.55290844,12.9116235
1619,S,S3,LMH,14s,12.75557303,87,2,0,0,0,0,1,10.39065163,8.947373096
1620,S,S3,LMH,14s,60.2695701,195,2,0,0,0,0,1,22.84593408,22.64004451
1621,S,S3,LMH,14s,2.08672438,12,1,0,0,0,0,1,2.93046407,3.518519377
1622,S,S3,LMH,14s,62.21138852,95,1,0,0,4,1,1,18.16109223,22.62106362
1623,S,S3,MEGA,14s,188.2052761,400,2,0,0,NA,NA,1,42.46955403,40.87926261
1624,S,S3,MEGA,14s,6.379396582,114,1,4,1,NA,NA,NA,9.023393991,NA
1625,S,S3,MEGA,14s,0.490166994,4,1,0,0,0,0,1,1.252041554,NA
1626,S,S3,MEGA,14s,8.295768101,54,1,0,0,0,0,1,7.675678084,7.246354572
1627,S,S3,MEGA,14s,22.26917952,35,2,0,0,0,0,1,9.234527928,9.342216593
1628,S,S3,MEGA,14s,3.07907496,20,1,0,0,0,0,1,3.957362382,4.519222929
1629,S,S3,MEGA,14s,11.64156428,34,4,0,0,0,0,1,7.364936479,6.340042525
1630,S,S3,MEGA,14s,12.06874234,48,3,0,0,0,0,1,8.363574609,6.903990149
1631,S,S3,MEGA,14s,68.65919328,203,2,0,0,0,0,1,24.18435109,25.04614355
1632,S,S3,MEGA,14s,NA,NA,NA,NA,NA,NA,NA,NA,NA,NA
1633,S,S3,MEGA,14s,7.743711732,59,1,0,0,0,0,1,7.726297654,7.408756359
1634,S,S3,MEGA,14s,3.664353671,20,1,0,0,0,0,1,4.194084272,3.893966388
1635,S,S3,MEGA,14s,NA,NA,NA,NA,NA,NA,NA,NA,NA,NA
1636,S,S3,MEGA,14s,71.92299389,276,2,0,0,1,1,1,27.21495625,25.76299295
1637,S,S3,MEGA,14s,55.15411479,174,3,0,0,0,0,1,21.35149928,NA
1638,S,S3,MEGA,14s,NA,NA,NA,NA,NA,NA,NA,NA,NA,NA
1639,S,S3,MEGA,14s,7.793113276,146,1,0,0,0,0,1,10.47763457,10.11921905
1640,S,S3,MEGA,14s,4.561671073,78,1,0,0,1,1,1,7.107571837,8.371657279
1641,S,S3,MEGA,14s,11.52092712,58,2,0,0,0,0,1,8.771919228,8.026963917
1642,S,S3,MEGA,14s,18.28799623,140,2,0,0,0,0,1,13.73583025,11.95414281
1643,S,S3,MEGA,14s,5.432520556,129,1,0,0,0,0,1,8.912451309,9.546007522
1644,S,S3,MEGA,14s,6.6966189,29,1,0,0,0,0,1,5.806717695,5.59329996
1645,S,S3,MEGA,14s,23.67197918,46,1,0,0,0,0,1,10.32514761,9.510409497
1646,S,S3,MEGA,14s,12.44102107,41,1,0,0,NA,NA,0,8.015716073,NA
1647,S,S3,MEGA,14s,NA,NA,NA,NA,NA,NA,NA,NA,NA,NA
1648,S,S3,MEGA,14s,1.743662463,10,1,0,0,NA,NA,NA,2.596932961,NA
1649,S,S3,MEGA,14s,17.4233514,29,NA,NA,NA,NA,NA,NA,7.990429867,8.616047867
1650,S,S3,MEGA,14s,9.085800113,6.9,NA,0,0,0,0,1,3.981045666,2.975321658
1651,S,S3,MEGA,14s,NA,NA,NA,NA,NA,NA,NA,NA,NA,NA
1652,S,S3,MEGA,14s,77.62443478,136.4,4,0,0,0,0,1,22.06372981,24.59861391
1653,S,S3,MEGA,14s,NA,NA,NA,NA,NA,NA,NA,NA,NA,NA
1654,S,S3,MEGA,14s,3.496671163,12.5,1,0,0,0,0,1,3.529397644,4.607417193
1655,S,S3,MEGA,14s,NA,NA,NA,NA,NA,NA,NA,NA,NA,NA
1656,S,S3,MEGA,14s,NA,NA,NA,NA,NA,NA,NA,NA,NA,NA
1657,S,S3,MEGA,14s,NA,NA,NA,NA,NA,NA,NA,NA,NA,NA
1658,S,S3,MEGA,14s,53.71565805,400,1,NA,NA,0,0,1,27.94388048,20.49784934
1659,S,S3,MEGA,14s,1.168986626,17,1,0,0,0,0,1,2.712826569,3.336603386
1660,S,S3,MEGA,14s,NA,NA,NA,NA,NA,NA,NA,NA,NA,NA
1661,S,S3,MEGA,14s,7.258335667,171,1,1,1,0,0,1,10.78629981,10.17558881
1662,S,S3,MEGA,14s,21.81278465,57,3,0,0,0,0,1,10.7925436,10.87466014
1663,S,S3,MEGA,14s,10.92716611,38,1,0,0,0,0,1,7.483648066,8.730131163
1664,S,S3,MEGA,14s,20.42820623,81,1,0,0,0,0,1,11.87310271,11.03898308
1665,S,S3,MEGA,14s,31.27149181,48,1,0,0,0,0,1,11.49301399,12.37387187
1666,S,S3,MEGA,14s,26.42079422,23,1,0,0,NA,NA,NA,8.498183918,NA
1667,S,S3,MEGA,14s,8.042477193,64,1,0,0,0,0,1,8.039968141,7.786178181
1668,S,S3,MEGA,14s,18.09557368,23,2,0,0,0,0,1,7.489455177,7.963127244
1669,S,S3,MEGA,14s,21.31892629,74,1,0,0,0,0,1,11.68550476,12.23833311
1670,S,S3,MEGA,14s,5.350210829,23,1,0,0,0,0,1,4.986283345,6.615792118
1671,S,S3,MEGA,14s,36.85284532,140,1,0,0,0,0,1,17.35588409,14.67257925
1672,S,S3,MEGA,14s,31.1473989,55,3,0,0,0,0,1,12.01143972,12.08219965
1673,S,S3,MEGA,14s,6.379396582,89,1,0,0,0,0,1,8.307612261,9.246859514
1674,S,S3,MEGA,14s,27.15380632,NA,NA,0,0,NA,NA,0,NA,12.5751004
1675,S,S3,MEGA,14s,21.81278465,143,13,0,0,0,0,1,14.67180168,16.26642676
1676,S,S3,MEGA,14s,NA,NA,NA,NA,NA,NA,NA,NA,NA,NA
1677,S,S3,MESO,14s,12.94618917,134.8,1,0,0,0,0,1,12.0859744,11.60987558
1678,S,S3,MESO,14s,7.021538121,27.7,1,0,0,0,0,1,5.809657548,6.017274729
1679,S,S3,MESO,14s,19.55649281,19.6,4,0,0,0,0,1,7.286417976,6.656238347
1680,S,S3,MESO,14s,25.24968702,192.4,1,0,0,0,0,1,17.01063804,17.27532837
1681,S,S3,MESO,14s,14.18625433,116.2,1,0,0,0,0,1,11.85813119,12.59456734
1682,S,S3,MESO,14s,9.621127502,57.1,2,0,0,0,0,1,8.21674231,8.145525413
1683,S,S3,MESO,14s,24.45447137,181.4,1,1,1,2,1,1,16.50232333,17.05221154
1684,S,S3,MESO,14s,NA,NA,NA,NA,NA,NA,NA,NA,NA,NA
1685,S,S3,MESO,14s,NA,NA,NA,NA,NA,NA,NA,NA,NA,NA
1686,S,S3,MESO,14s,NA,NA,NA,NA,NA,NA,NA,NA,NA,NA
1687,S,S3,MESO,14s,NA,NA,NA,NA,NA,NA,NA,NA,NA,NA
1688,S,S3,MESO,14s,NA,NA,NA,NA,NA,NA,NA,NA,NA,NA
1689,S,S3,MESO,14s,NA,NA,NA,NA,NA,NA,NA,NA,NA,7.942085425
1690,S,S3,MESO,14s,NA,NA,NA,NA,NA,NA,NA,NA,NA,NA
1691,S,S3,MESO,14s,8.604900818,113,1,0,0,0,0,1,9.942178619,10.68658027
1692,S,S3,MESO,14s,30.67961576,317,1,NA,NA,NA,NA,1,21.44661194,21.43338553
1693,S,S3,MESO,14s,52.55287607,227,1,0,0,0,0,1,22.96019003,24.70351833
1694,S,S3,MESO,14s,44.88833247,315.5,1,NA,NA,1,1,1,24.31368109,24.96373882
1695,S,S3,MESO,14s,41.85386813,294,1,NA,NA,0,0,1,23.19900074,23.63912482
1696,S,S3,MESO,14s,NA,NA,NA,NA,NA,NA,NA,NA,NA,NA
1697,S,S3,MESO,14s,77.91275445,292.2,1,NA,NA,0,0,1,28.48889648,24.46240551
1698,S,S3,MESO,14s,NA,NA,NA,NA,NA,NA,NA,NA,NA,NA
1699,S,S3,MESO,14s,NA,NA,NA,NA,NA,NA,NA,NA,NA,NA
1700,S,S3,MESO,14s,NA,NA,NA,NA,NA,NA,NA,NA,NA,NA
1701,S,S3,MESO,14s,5.067074791,35.3,1,0,0,0,0,1,5.649436244,5.339620415
1702,S,S3,MESO,14s,11.28153776,42.4,4,0,0,0,0,1,7.845597663,8.111538925
1703,S,S3,MESO,14s,2.688025214,23.4,1,0,0,0,0,1,3.985445508,3.465563625
1704,S,S3,MESO,14s,NA,NA,NA,NA,NA,NA,NA,NA,NA,NA
1705,S,S3,MESO,14s,0.754296396,9.6,NA,NA,NA,NA,NA,NA,1.936634334,NA
1706,S,S3,MESO,14s,1.767145868,14.4,1,0,0,0,0,1,2.9462495,2.759372795
1707,S,S3,MESO,14s,1.814583917,19.1,1,0,0,0,0,1,3.2663586,3.382677618
1708,S,S3,MESO,14s,3.07907496,11.5,2,0,0,0,0,1,3.289813054,4.289928245
1709,S,S3,MESO,14s,1.474113813,14.9,1,0,0,0,0,1,2.804986047,4.482825317
1710,S,S3,MESO,14s,0.899202357,12.9,1,0,0,0,0,1,2.266545296,2.39136104
1711,S,S3,MESO,14s,92.45903529,197.4,2,0,0,0,0,1,26.46236924,26.26499289
1712,S,S3,MESO,14s,NA,NA,NA,NA,NA,NA,NA,NA,NA,10.41928655
1713,S,S3,MESO,14s,34.94150035,221,1,0,0,4,1,1,19.85707479,18.86621003
1714,S,S3,MESO,14s,30.09339457,202.5,1,2,1,4,1,1,18.34776026,19.38132761
1715,S,S3,MESO,14s,NA,NA,NA,NA,NA,NA,NA,NA,NA,NA
1716,S,S3,MESO,14s,13.01004204,47.2,3,0,0,NA,NA,NA,8.527939965,NA
1717,C,C3,MEGA,14s,NA,NA,NA,NA,NA,0,0,NA,NA,11.6657649
1718,N,N2,LMH,14s,NA,NA,NA,NA,NA,12,1,NA,NA,23.33245576
1719,S,S1,MESO,14s,1.583676857,13.8,1,0,0,NA,NA,NA,2.800307413,NA
1,C,C1,CONT,15w,NA,NA,NA,NA,NA,NA,NA,NA,NA,NA
2,C,C1,CONT,15w,38.92558962,54,2,0,0,NA,NA,NA,12.86043596,NA
3,C,C1,CONT,15w,NA,NA,NA,NA,NA,NA,NA,NA,NA,NA
4,C,C1,CONT,15w,NA,NA,NA,NA,NA,NA,NA,NA,NA,NA
5,C,C1,LMH,15w,NA,NA,NA,NA,NA,NA,NA,NA,NA,NA
6,C,C1,LMH,15w,NA,NA,NA,NA,NA,NA,NA,NA,NA,NA
7,C,C1,LMH,15w,NA,NA,NA,NA,NA,NA,NA,NA,NA,NA
8,C,C1,LMH,15w,12.06874234,40.79,1,0,0,NA,NA,NA,7.921236641,NA
9,C,C1,LMH,15w,NA,NA,NA,NA,NA,NA,NA,NA,NA,NA
10,C,C1,LMH,15w,NA,NA,NA,NA,NA,NA,NA,NA,NA,NA
11,C,C1,LMH,15w,NA,NA,NA,NA,NA,NA,NA,NA,NA,NA
12,C,C1,MEGA,15w,NA,NA,NA,NA,NA,NA,NA,NA,NA,NA
13,C,C1,MEGA,15w,NA,NA,NA,NA,NA,NA,NA,NA,NA,NA
14,C,C1,MESO,15w,NA,NA,NA,NA,NA,NA,NA,NA,NA,NA
15,C,C1,MESO,15w,NA,NA,NA,NA,NA,NA,NA,NA,NA,NA
16,C,C1,MESO,15w,NA,NA,NA,NA,NA,NA,NA,NA,NA,NA
17,C,C1,MESO,15w,NA,NA,NA,NA,NA,NA,NA,NA,NA,NA
18,C,C1,MESO,15w,NA,NA,NA,NA,NA,NA,NA,NA,NA,NA
19,C,C2,LMH,15w,NA,NA,NA,NA,NA,NA,NA,NA,NA,NA
20,C,C2,LMH,15w,NA,NA,NA,NA,NA,NA,NA,NA,NA,NA
21,C,C2,LMH,15w,NA,NA,NA,NA,NA,NA,NA,NA,NA,NA
22,C,C2,LMH,15w,NA,NA,NA,NA,NA,NA,NA,NA,NA,NA
23,C,C2,LMH,15w,NA,NA,NA,NA,NA,NA,NA,NA,NA,NA
24,C,C2,LMH,15w,NA,NA,NA,NA,NA,NA,NA,NA,NA,NA
25,C,C2,LMH,15w,NA,NA,NA,NA,NA,NA,NA,NA,NA,NA
26,C,C2,MEGA,15w,NA,NA,NA,NA,NA,NA,NA,NA,NA,NA
27,C,C2,MEGA,15w,NA,NA,NA,NA,NA,NA,NA,NA,NA,NA
28,C,C3,CONT,15w,NA,NA,NA,NA,NA,NA,NA,NA,NA,NA
29,C,C3,CONT,15w,NA,NA,NA,NA,NA,NA,NA,NA,NA,NA
30,C,C3,CONT,15w,NA,NA,NA,NA,NA,NA,NA,NA,NA,NA
31,C,C3,LMH,15w,NA,NA,NA,NA,NA,NA,NA,NA,NA,NA
32,C,C3,LMH,15w,NA,NA,NA,NA,NA,NA,NA,NA,NA,NA
33,C,C3,LMH,15w,NA,NA,NA,NA,NA,NA,NA,NA,NA,NA
34,C,C3,LMH,15w,NA,NA,NA,NA,NA,NA,NA,NA,NA,NA
35,C,C3,LMH,15w,NA,NA,NA,NA,NA,NA,NA,NA,NA,NA
36,C,C3,LMH,15w,NA,NA,NA,NA,NA,NA,NA,NA,NA,NA
37,C,C3,MEGA,15w,NA,NA,NA,NA,NA,NA,NA,NA,NA,NA
38,C,C3,MEGA,15w,NA,NA,NA,NA,NA,NA,NA,NA,NA,NA
39,C,C3,MEGA,15w,NA,NA,NA,NA,NA,NA,NA,NA,NA,NA
40,C,C3,MEGA,15w,NA,NA,NA,NA,NA,NA,NA,NA,NA,NA
41,C,C3,MESO,15w,NA,NA,NA,NA,NA,NA,NA,NA,NA,NA
42,C,C3,MESO,15w,NA,NA,NA,NA,NA,NA,NA,NA,NA,NA
43,N,N1,CONT,15w,NA,NA,NA,NA,NA,NA,NA,NA,NA,NA
44,N,N1,CONT,15w,NA,NA,NA,NA,NA,NA,NA,NA,NA,NA
45,N,N1,CONT,15w,NA,NA,NA,NA,NA,NA,NA,NA,NA,NA
46,N,N1,CONT,15w,NA,NA,NA,NA,NA,NA,NA,NA,NA,NA
47,N,N1,CONT,15w,NA,NA,NA,NA,NA,NA,NA,NA,NA,NA
48,N,N1,LMH,15w,NA,NA,NA,NA,NA,NA,NA,NA,NA,NA
49,N,N1,LMH,15w,NA,NA,NA,NA,NA,NA,NA,NA,NA,NA
50,N,N1,LMH,15w,NA,NA,NA,NA,NA,NA,NA,NA,NA,NA
51,N,N1,LMH,15w,NA,NA,NA,NA,NA,NA,NA,NA,NA,NA
52,N,N1,LMH,15w,NA,NA,NA,NA,NA,NA,NA,NA,NA,NA
53,N,N1,LMH,15w,NA,NA,NA,NA,NA,NA,NA,NA,NA,NA
54,N,N1,MEGA,15w,NA,NA,NA,NA,NA,NA,NA,NA,NA,NA
55,N,N1,MEGA,15w,NA,NA,NA,NA,NA,NA,NA,NA,NA,NA
56,N,N1,MEGA,15w,NA,NA,NA,NA,NA,NA,NA,NA,NA,NA
57,N,N1,MEGA,15w,NA,NA,NA,NA,NA,NA,NA,NA,NA,NA
58,N,N1,MEGA,15w,NA,NA,NA,NA,NA,NA,NA,NA,NA,NA
59,N,N1,MEGA,15w,NA,NA,NA,NA,NA,NA,NA,NA,NA,NA
60,N,N1,MEGA,15w,NA,NA,NA,NA,NA,NA,NA,NA,NA,NA
61,N,N1,MEGA,15w,NA,NA,NA,NA,NA,NA,NA,NA,NA,NA
62,N,N1,MESO,15w,NA,NA,NA,NA,NA,NA,NA,NA,NA,NA
63,N,N1,MESO,15w,NA,NA,NA,NA,NA,NA,NA,NA,NA,NA
64,N,N1,MESO,15w,NA,NA,NA,NA,NA,NA,NA,NA,NA,NA
65,N,N1,MESO,15w,NA,NA,NA,NA,NA,NA,NA,NA,NA,NA
66,N,N1,MESO,15w,NA,NA,NA,NA,NA,NA,NA,NA,NA,NA
67,N,N1,MESO,15w,NA,NA,NA,NA,NA,NA,NA,NA,NA,NA
68,N,N1,MESO,15w,NA,NA,NA,NA,NA,NA,NA,NA,NA,NA
69,N,N1,MESO,15w,NA,NA,NA,NA,NA,NA,NA,NA,NA,NA
70,N,N1p,CONT,15w,NA,NA,NA,NA,NA,NA,NA,NA,NA,NA
71,N,N1p,CONT,15w,NA,NA,NA,NA,NA,NA,NA,NA,NA,NA
72,N,N1p,CONT,15w,NA,NA,NA,NA,NA,NA,NA,NA,NA,NA
73,N,N1p,CONT,15w,NA,NA,NA,NA,NA,NA,NA,NA,NA,NA
74,N,N1p,CONT,15w,NA,NA,NA,NA,NA,NA,NA,NA,NA,NA
75,N,N1p,CONT,15w,NA,NA,NA,NA,NA,NA,NA,NA,NA,NA
76,N,N1p,CONT,15w,NA,NA,NA,NA,NA,NA,NA,NA,NA,NA
77,N,N1p,CONT,15w,NA,NA,NA,NA,NA,NA,NA,NA,NA,NA
78,N,N1p,CONT,15w,NA,NA,NA,NA,NA,NA,NA,NA,NA,NA
79,N,N2,CONT,15w,NA,NA,NA,NA,NA,NA,NA,NA,NA,NA
80,N,N2,CONT,15w,NA,NA,NA,NA,NA,NA,NA,NA,NA,NA
81,N,N2,CONT,15w,NA,NA,NA,NA,NA,NA,NA,NA,NA,NA
82,N,N2,CONT,15w,NA,NA,NA,NA,NA,NA,NA,NA,NA,NA
83,N,N2,CONT,15w,NA,NA,NA,NA,NA,NA,NA,NA,NA,NA
84,N,N2,CONT,15w,NA,NA,NA,NA,NA,NA,NA,NA,NA,NA
85,N,N2,CONT,15w,NA,NA,NA,NA,NA,NA,NA,NA,NA,NA
86,N,N2,LMH,15w,NA,NA,NA,NA,NA,NA,NA,NA,NA,NA
87,N,N2,LMH,15w,NA,NA,NA,NA,NA,NA,NA,NA,NA,NA
88,N,N2,LMH,15w,NA,NA,NA,NA,NA,NA,NA,NA,NA,NA
89,N,N2,MEGA,15w,NA,NA,NA,NA,NA,NA,NA,NA,NA,NA
90,N,N2,MEGA,15w,NA,NA,NA,NA,NA,NA,NA,NA,NA,NA
91,N,N2,MEGA,15w,NA,NA,NA,NA,NA,NA,NA,NA,NA,NA
92,N,N2,MESO,15w,NA,NA,NA,NA,NA,NA,NA,NA,NA,NA
93,N,N2,MESO,15w,NA,NA,NA,NA,NA,NA,NA,NA,NA,NA
94,N,N2,MESO,15w,NA,NA,NA,NA,NA,NA,NA,NA,NA,NA
95,N,N2p,CONT,15w,NA,NA,NA,NA,NA,NA,NA,NA,NA,NA
96,N,N2p,CONT,15w,NA,NA,NA,NA,NA,NA,NA,NA,NA,NA
97,N,N2p,CONT,15w,NA,NA,NA,NA,NA,NA,NA,NA,NA,NA
98,N,N2p,CONT,15w,NA,NA,NA,NA,NA,NA,NA,NA,NA,NA
99,N,N2p,CONT,15w,NA,NA,NA,NA,NA,NA,NA,NA,NA,NA
100,N,N2p,CONT,15w,NA,NA,NA,NA,NA,NA,NA,NA,NA,NA
101,N,N3,CONT,15w,NA,NA,NA,NA,NA,NA,NA,NA,NA,NA
102,N,N3,CONT,15w,NA,NA,NA,NA,NA,NA,NA,NA,NA,NA
103,N,N3,CONT,15w,NA,NA,NA,NA,NA,NA,NA,NA,NA,NA
104,N,N3,CONT,15w,NA,NA,NA,NA,NA,NA,NA,NA,NA,NA
105,N,N3,CONT,15w,NA,NA,NA,NA,NA,NA,NA,NA,NA,NA
106,N,N3,CONT,15w,NA,NA,NA,NA,NA,NA,NA,NA,NA,NA
107,N,N3,CONT,15w,NA,NA,NA,NA,NA,NA,NA,NA,NA,NA
108,N,N3,CONT,15w,NA,NA,NA,NA,NA,NA,NA,NA,NA,NA
109,N,N3,CONT,15w,NA,NA,NA,NA,NA,NA,NA,NA,NA,NA
110,N,N3,CONT,15w,NA,NA,NA,NA,NA,NA,NA,NA,NA,NA
111,N,N3,CONT,15w,NA,NA,NA,NA,NA,NA,NA,NA,NA,NA
112,N,N3,LMH,15w,NA,NA,NA,NA,NA,NA,NA,NA,NA,NA
113,N,N3,LMH,15w,NA,NA,NA,NA,NA,NA,NA,NA,NA,NA
114,N,N3,MEGA,15w,NA,NA,NA,NA,NA,NA,NA,NA,NA,NA
115,N,N3,MEGA,15w,NA,NA,NA,NA,NA,NA,NA,NA,NA,NA
116,N,N3,MESO,15w,NA,NA,NA,NA,NA,NA,NA,NA,NA,NA
117,N,N3,MESO,15w,NA,NA,NA,NA,NA,NA,NA,NA,NA,NA
118,N,N3,MESO,15w,NA,NA,NA,NA,NA,NA,NA,NA,NA,NA
119,N,N3,MESO,15w,NA,NA,NA,NA,NA,NA,NA,NA,NA,NA
120,S,S1,CONT,15w,NA,NA,NA,NA,NA,NA,NA,NA,NA,NA
121,S,S1,CONT,15w,NA,NA,NA,NA,NA,NA,NA,NA,NA,NA
122,S,S1,CONT,15w,NA,NA,NA,NA,NA,NA,NA,NA,NA,NA
123,S,S1,CONT,15w,NA,NA,NA,NA,NA,NA,NA,NA,NA,NA
124,S,S1,CONT,15w,NA,NA,NA,NA,NA,NA,NA,NA,NA,NA
125,S,S1,CONT,15w,NA,NA,NA,NA,NA,NA,NA,NA,NA,NA
126,S,S1,CONT,15w,NA,NA,NA,NA,NA,NA,NA,NA,NA,NA
127,S,S1,LMH,15w,NA,NA,NA,NA,NA,NA,NA,NA,NA,NA
128,S,S1,LMH,15w,NA,NA,NA,NA,NA,NA,NA,NA,NA,NA
129,S,S1,LMH,15w,NA,NA,NA,NA,NA,NA,NA,NA,NA,NA
130,S,S1,LMH,15w,NA,NA,NA,NA,NA,NA,NA,NA,NA,NA
131,S,S1,MEGA,15w,NA,NA,NA,NA,NA,NA,NA,NA,NA,NA
132,S,S1,MEGA,15w,NA,NA,NA,NA,NA,NA,NA,NA,NA,NA
133,S,S1p,CONT,15w,NA,NA,NA,NA,NA,NA,NA,NA,NA,NA
134,S,S1p,CONT,15w,NA,NA,NA,NA,NA,NA,NA,NA,NA,NA
135,S,S1p,CONT,15w,NA,NA,NA,NA,NA,NA,NA,NA,NA,NA
136,S,S1p,CONT,15w,NA,NA,NA,NA,NA,NA,NA,NA,NA,NA
137,S,S1p,CONT,15w,NA,NA,NA,NA,NA,NA,NA,NA,NA,NA
138,S,S1p,CONT,15w,NA,NA,NA,NA,NA,NA,NA,NA,NA,NA
139,S,S1p,CONT,15w,NA,NA,NA,NA,NA,NA,NA,NA,NA,NA
140,S,S1p,CONT,15w,NA,NA,NA,NA,NA,NA,NA,NA,NA,NA
141,S,S1p,CONT,15w,NA,NA,NA,NA,NA,NA,NA,NA,NA,NA
142,S,S1p,CONT,15w,NA,NA,NA,NA,NA,NA,NA,NA,NA,NA
143,S,S2,CONT,15w,NA,NA,NA,NA,NA,NA,NA,NA,NA,NA
144,S,S2,CONT,15w,NA,NA,NA,NA,NA,NA,NA,NA,NA,NA
145,S,S2,CONT,15w,NA,NA,NA,NA,NA,NA,NA,NA,NA,NA
146,S,S2,CONT,15w,NA,NA,NA,NA,NA,NA,NA,NA,NA,NA
147,S,S2,CONT,15w,NA,NA,NA,NA,NA,NA,NA,NA,NA,NA
148,S,S2,CONT,15w,NA,NA,NA,NA,NA,NA,NA,NA,NA,NA
149,S,S2,LMH,15w,NA,NA,NA,NA,NA,NA,NA,NA,NA,NA
150,S,S2,LMH,15w,NA,NA,NA,NA,NA,NA,NA,NA,NA,NA
151,S,S2,LMH,15w,NA,NA,NA,NA,NA,NA,NA,NA,NA,NA
152,S,S2,MEGA,15w,NA,NA,NA,NA,NA,NA,NA,NA,NA,NA
153,S,S2,MEGA,15w,NA,NA,NA,NA,NA,NA,NA,NA,NA,NA
154,S,S2,MEGA,15w,NA,NA,NA,NA,NA,NA,NA,NA,NA,NA
155,S,S2,MEGA,15w,NA,NA,NA,NA,NA,NA,NA,NA,NA,NA
156,S,S2,MEGA,15w,NA,NA,NA,NA,NA,NA,NA,NA,NA,NA
157,S,S2,MEGA,15w,NA,NA,NA,NA,NA,NA,NA,NA,NA,NA
158,S,S2,MEGA,15w,NA,NA,NA,NA,NA,NA,NA,NA,NA,NA
159,S,S2,MEGA,15w,NA,NA,NA,NA,NA,NA,NA,NA,NA,NA
160,S,S2,MEGA,15w,NA,NA,NA,NA,NA,NA,NA,NA,NA,NA
161,S,S2,MEGA,15w,NA,NA,NA,NA,NA,NA,NA,NA,NA,NA
162,S,S2,MEGA,15w,NA,NA,NA,NA,NA,NA,NA,NA,NA,NA
163,S,S2,MEGA,15w,NA,NA,NA,NA,NA,NA,NA,NA,NA,NA
164,S,S2,MEGA,15w,NA,NA,NA,NA,NA,NA,NA,NA,NA,NA
165,S,S2,MESO,15w,NA,NA,NA,NA,NA,NA,NA,NA,NA,NA
166,S,S2,MESO,15w,NA,NA,NA,NA,NA,NA,NA,NA,NA,NA
167,S,S2,MESO,15w,NA,NA,NA,NA,NA,NA,NA,NA,NA,NA
168,S,S2,MESO,15w,NA,NA,NA,NA,NA,NA,NA,NA,NA,NA
169,S,S2p,CONT,15w,NA,NA,NA,NA,NA,NA,NA,NA,NA,NA
170,S,S2p,CONT,15w,NA,NA,NA,NA,NA,NA,NA,NA,NA,NA
171,S,S2p,CONT,15w,NA,NA,NA,NA,NA,NA,NA,NA,NA,NA
172,S,S2p,CONT,15w,NA,NA,NA,NA,NA,NA,NA,NA,NA,NA
173,S,S2p,CONT,15w,NA,NA,NA,NA,NA,NA,NA,NA,NA,NA
174,S,S2p,CONT,15w,NA,NA,NA,NA,NA,NA,NA,NA,NA,NA
175,S,S2p,CONT,15w,NA,NA,NA,NA,NA,NA,NA,NA,NA,NA
176,S,S2p,CONT,15w,NA,NA,NA,NA,NA,NA,NA,NA,NA,NA
177,S,S2p,CONT,15w,NA,NA,NA,NA,NA,NA,NA,NA,NA,NA
178,S,S2p,CONT,15w,NA,NA,NA,NA,NA,NA,NA,NA,NA,NA
179,S,S2p,CONT,15w,NA,NA,NA,NA,NA,NA,NA,NA,NA,NA
180,S,S2p,CONT,15w,NA,NA,NA,NA,NA,NA,NA,NA,NA,NA
181,S,S2p,CONT,15w,NA,NA,NA,NA,NA,NA,NA,NA,NA,NA
182,S,S2p,CONT,15w,NA,NA,NA,NA,NA,NA,NA,NA,NA,NA
183,S,S2p,CONT,15w,NA,NA,NA,NA,NA,NA,NA,NA,NA,NA
184,S,S2p,CONT,15w,NA,NA,NA,NA,NA,NA,NA,NA,NA,NA
185,S,S2p,CONT,15w,NA,NA,NA,NA,NA,NA,NA,NA,NA,NA
186,S,S2p,CONT,15w,NA,NA,NA,NA,NA,NA,NA,NA,NA,NA
187,S,S3,CONT,15w,NA,NA,NA,NA,NA,NA,NA,NA,NA,NA
188,S,S3,CONT,15w,NA,NA,NA,NA,NA,NA,NA,NA,NA,NA
189,S,S3,CONT,15w,NA,NA,NA,NA,NA,NA,NA,NA,NA,NA
190,S,S3,CONT,15w,NA,NA,NA,NA,NA,NA,NA,NA,NA,NA
191,S,S3,CONT,15w,NA,NA,NA,NA,NA,NA,NA,NA,NA,NA
192,S,S3,CONT,15w,NA,NA,NA,NA,NA,NA,NA,NA,NA,NA
193,S,S3,LMH,15w,NA,NA,NA,NA,NA,NA,NA,NA,NA,NA
194,S,S3,LMH,15w,NA,NA,NA,NA,NA,NA,NA,NA,NA,NA
195,S,S3,LMH,15w,NA,NA,NA,NA,NA,NA,NA,NA,NA,NA
196,S,S3,LMH,15w,NA,NA,NA,NA,NA,NA,NA,NA,NA,NA
197,S,S3,LMH,15w,NA,NA,NA,NA,NA,NA,NA,NA,NA,NA
198,S,S3,LMH,15w,NA,NA,NA,NA,NA,NA,NA,NA,NA,NA
199,S,S3,LMH,15w,NA,NA,NA,NA,NA,NA,NA,NA,NA,NA
200,S,S3,LMH,15w,NA,NA,NA,NA,NA,NA,NA,NA,NA,NA
201,S,S3,LMH,15w,NA,NA,NA,NA,NA,NA,NA,NA,NA,NA
202,S,S3,LMH,15w,NA,NA,NA,NA,NA,NA,NA,NA,NA,NA
203,S,S3,LMH,15w,NA,NA,NA,NA,NA,NA,NA,NA,NA,NA
204,S,S3,LMH,15w,NA,NA,NA,NA,NA,NA,NA,NA,NA,NA
205,S,S3,LMH,15w,NA,NA,NA,NA,NA,NA,NA,NA,NA,NA
206,S,S3,LMH,15w,NA,NA,NA,NA,NA,NA,NA,NA,NA,NA
207,S,S3,MEGA,15w,NA,NA,NA,NA,NA,NA,NA,NA,NA,NA
208,S,S3,MEGA,15w,NA,NA,NA,NA,NA,NA,NA,NA,NA,NA
209,S,S3,MEGA,15w,NA,NA,NA,NA,NA,NA,NA,NA,NA,NA
210,S,S3,MEGA,15w,NA,NA,NA,NA,NA,NA,NA,NA,NA,NA
211,S,S3,MESO,15w,NA,NA,NA,NA,NA,NA,NA,NA,NA,NA
212,S,S3,MESO,15w,NA,NA,NA,NA,NA,NA,NA,NA,NA,NA
213,S,S3,MESO,15w,NA,NA,NA,NA,NA,NA,NA,NA,NA,NA
214,S,S3,MESO,15w,NA,NA,NA,NA,NA,NA,NA,NA,NA,NA
215,S,S3,MESO,15w,NA,NA,NA,NA,NA,NA,NA,NA,NA,NA
216,S,S3,MESO,15w,NA,NA,NA,NA,NA,NA,NA,NA,NA,NA
217,S,S3,NA,15w,NA,NA,NA,NA,NA,NA,NA,NA,NA,NA
218,C,C1,CONT,15w,19.16654262,23,1,0,0,NA,NA,NA,7.634610858,NA
219,C,C1,CONT,15w,62.99529443,41,3,0,0,NA,NA,NA,13.77598968,NA
220,C,C1,CONT,15w,36.10349693,16,NA,NA,NA,NA,NA,NA,8.355644721,NA
221,C,C1,CONT,15w,NA,NA,NA,NA,NA,NA,NA,NA,NA,NA
222,C,C1,CONT,15w,21.56514861,100,1,0,0,NA,NA,NA,12.97087448,NA
223,C,C1,CONT,15w,37.50127005,13,NA,NA,NA,NA,NA,NA,7.895543157,NA
224,C,C1,CONT,15w,62.631498,32.5,NA,NA,NA,NA,NA,NA,12.7232355,NA
225,C,C1,CONT,15w,45.82861115,74,2,0,0,NA,NA,NA,15.08722125,NA
226,C,C1,CONT,15w,NA,NA,NA,NA,NA,NA,NA,NA,NA,NA
227,C,C1,CONT,15w,31.86902274,15,2,0,0,NA,NA,NA,7.843944414,NA
228,C,C1,CONT,15w,28.55778408,66,2,0,0,NA,NA,NA,12.40064968,NA
229,C,C1,CONT,15w,60.2695701,18,1,0,0,NA,NA,NA,10.31228322,NA
230,C,C1,CONT,15w,NA,NA,NA,NA,NA,NA,NA,NA,NA,NA
231,C,C1,CONT,15w,17.57163457,69,1,0,0,NA,NA,NA,10.70228739,NA
232,C,C1,CONT,15w,NA,NA,NA,NA,NA,NA,NA,NA,NA,NA
233,C,C1,CONT,15w,NA,NA,NA,NA,NA,NA,NA,NA,NA,NA
234,C,C1,CONT,15w,39.26755198,39,2,0,0,NA,NA,NA,11.5702113,NA
235,C,C1,CONT,15w,NA,NA,NA,NA,NA,NA,NA,NA,NA,NA
236,C,C1,CONT,15w,NA,NA,NA,NA,NA,NA,NA,NA,NA,NA
237,C,C1,CONT,15w,13.13821902,23,1,0,0,NA,NA,NA,6.730282152,NA
238,C,C1,CONT,15w,22.81746598,22,NA,NA,NA,NA,NA,NA,7.973007021,NA
239,C,C1,CONT,15w,27.06238598,96,1,0,0,NA,NA,NA,13.80297085,NA
240,C,C1,CONT,15w,NA,NA,NA,NA,NA,NA,NA,NA,NA,NA
241,C,C1,CONT,15w,38.70473565,31.5,2,0,0,NA,NA,NA,10.72216094,NA
242,C,C1,CONT,15w,11.10364507,22,1,0,0,NA,NA,NA,6.268932987,NA
243,C,C1,CONT,15w,NA,NA,NA,NA,NA,NA,NA,NA,NA,NA
244,C,C1,CONT,15w,NA,NA,NA,NA,NA,NA,NA,NA,NA,NA
245,C,C1,CONT,15w,NA,NA,NA,NA,NA,NA,NA,NA,NA,NA
246,C,C1,CONT,15w,23.67197918,53,NA,NA,NA,NA,NA,NA,10.82515172,NA
247,C,C1,CONT,15w,18.17105045,84,1,0,0,NA,NA,NA,11.55741861,NA
248,C,C1,CONT,15w,33.90163318,87,1,0,0,NA,NA,NA,14.40019897,NA
249,C,C1,CONT,15w,NA,NA,NA,NA,NA,NA,NA,NA,NA,NA
250,C,C1,CONT,15w,NA,NA,NA,NA,NA,NA,NA,NA,NA,NA
251,C,C1,CONT,15w,NA,NA,NA,NA,NA,NA,NA,NA,NA,NA
252,C,C1,CONT,15w,NA,NA,NA,NA,NA,NA,NA,NA,NA,NA
253,C,C1,CONT,15w,NA,NA,NA,NA,NA,NA,NA,NA,NA,NA
254,C,C1,CONT,15w,NA,NA,NA,NA,NA,NA,NA,NA,NA,NA
255,C,C1,CONT,15w,NA,NA,NA,NA,NA,NA,NA,NA,NA,NA
256,C,C1,CONT,15w,NA,14,1,0,0,NA,NA,NA,NA,NA
257,C,C1,CONT,15w,NA,NA,NA,NA,NA,NA,NA,NA,NA,NA
258,C,C1,CONT,15w,NA,NA,NA,NA,NA,NA,NA,NA,NA,NA
259,C,C1,CONT,15w,NA,NA,NA,NA,NA,NA,NA,NA,NA,NA
260,C,C1,CONT,15w,NA,NA,NA,NA,NA,NA,NA,NA,NA,NA
261,C,C1,CONT,15w,21.64753688,11,2,0,0,NA,NA,NA,6.215731121,NA
262,C,C1,CONT,15w,20.34817416,38,2,0,0,NA,NA,NA,9.209976201,NA
263,C,C1,CONT,15w,28.84264799,60,2,0,0,NA,NA,NA,12.05215302,NA
264,C,C1,CONT,15w,NA,NA,NA,NA,NA,NA,NA,NA,NA,NA
265,C,C1,CONT,15w,10.57844932,30,1,0,0,NA,NA,NA,6.841277659,NA
266,C,C1,CONT,15w,18.020254,38,1,0,0,NA,NA,NA,8.843885888,NA
267,C,C1,CONT,15w,34.31569509,21,1,0,0,NA,NA,NA,8.995882074,NA
268,C,C1,CONT,15w,13.59178646,107,1,0,0,NA,NA,NA,11.37235355,NA
269,C,C1,CONT,15w,11.22208312,163,1,0,0,NA,NA,NA,12.27727401,NA
270,C,C1,CONT,15w,31.969161,146,1,0,0,NA,NA,NA,16.78492179,NA
271,C,C1,CONT,15w,51.40281754,47,1,0,0,NA,NA,NA,13.47220848,NA
272,C,C1,LMH,15w,NA,NA,NA,NA,NA,NA,NA,NA,NA,NA
273,C,C1,LMH,15w,NA,NA,NA,NA,NA,NA,NA,NA,NA,NA
274,C,C1,LMH,15w,NA,NA,NA,NA,NA,NA,NA,NA,NA,NA
275,C,C1,LMH,15w,236.6951303,204.5,3,0,0,NA,NA,NA,36.64733903,NA
276,C,C1,LMH,15w,17.49741444,139,1,0,0,NA,NA,NA,13.50231567,NA
277,C,C1,LMH,15w,44.76965881,229,0,0,0,NA,NA,NA,21.82766095,NA
278,C,C1,LMH,15w,12.31629984,80,1,0,0,NA,NA,NA,9.986190175,NA
279,C,C1,LMH,15w,NA,NA,NA,NA,NA,NA,NA,NA,NA,NA
280,C,C1,LMH,15w,NA,NA,NA,NA,NA,NA,NA,NA,NA,NA
281,C,C1,LMH,15w,NA,NA,NA,NA,NA,NA,NA,NA,NA,NA
282,C,C1,LMH,15w,NA,NA,NA,NA,NA,NA,NA,NA,NA,NA
283,C,C1,LMH,15w,58.9014065,205,1,0,0,NA,NA,NA,23.05316622,NA
284,C,C1,LMH,15w,NA,NA,NA,NA,NA,NA,NA,NA,NA,NA
285,C,C1,LMH,15w,3.110255267,136.5,3,0,0,NA,NA,NA,7.539296759,NA
286,C,C1,LMH,15w,66.91034719,200,1,0,0,NA,NA,NA,23.85804453,NA
287,C,C1,LMH,15w,NA,NA,NA,NA,NA,NA,NA,NA,NA,NA
288,C,C1,LMH,15w,NA,NA,NA,NA,NA,NA,NA,NA,NA,NA
289,C,C1,LMH,15w,61.93210094,209,1,0,0,NA,NA,NA,23.59429458,NA
290,C,C1,LMH,15w,71.33056806,239,1,0,0,NA,NA,NA,25.86658813,NA
291,C,C1,LMH,15w,33.7985104,180.4,1,0,0,NA,NA,NA,18.35111576,NA
292,C,C1,LMH,15w,65.89930414,172,1,0,0,NA,NA,NA,22.57146102,NA
293,C,C1,LMH,15w,23.9313962,183,1,0,0,NA,NA,NA,16.43173437,NA
294,C,C1,LMH,15w,41.16868677,363,1,NA,NA,NA,NA,NA,24.75386482,NA
295,C,C1,LMH,15w,56.74501731,69.5,1,0,0,NA,NA,NA,15.8668635,NA
296,C,C1,LMH,15w,41.62484602,151.5,1,0,0,NA,NA,NA,18.55867971,NA
297,C,C1,LMH,15w,NA,NA,NA,NA,NA,NA,NA,NA,NA,NA
298,C,C1,LMH,15w,NA,NA,NA,NA,NA,NA,NA,NA,NA,NA
299,C,C1,LMH,15w,3.83596317,36,1,0,0,NA,NA,NA,5.181977223,NA
300,C,C1,LMH,15w,54.62884049,10,NA,NA,NA,NA,NA,NA,8.201344293,NA
301,C,C1,LMH,15w,41.85386813,256,1,0,0,NA,NA,NA,22.15146771,NA
302,C,C1,LMH,15w,32.57328927,100,1,0,0,NA,NA,NA,14.88554141,NA
303,C,C1,LMH,15w,38.15534964,262,1,0,0,NA,NA,NA,21.6444906,NA
304,C,C1,LMH,15w,4.714352476,31,3,0,0,NA,NA,NA,5.280930539,NA
305,C,C1,LMH,15w,24.6300864,186,1,1,1,NA,NA,NA,16.68066674,NA
306,C,C1,LMH,15w,3.905706527,11.4,0,0,0,NA,NA,NA,3.551277586,NA
307,C,C1,LMH,15w,7.743711732,29.2,2,0,0,NA,NA,NA,6.109292555,NA
308,C,C1,LMH,15w,51.78475666,129,3,0,0,NA,NA,NA,18.919171,NA
309,C,C1,LMH,15w,NA,NA,NA,NA,NA,NA,NA,NA,NA,NA
310,C,C1,LMH,15w,9.132688384,22,1,0,0,NA,NA,NA,5.873012215,NA
311,C,C1,LMH,15w,8.761587752,42.6,2,0,0,NA,NA,NA,7.221984983,NA
312,C,C1,LMH,15w,29.12892562,129,2,0,0,NA,NA,NA,15.61280042,NA
313,C,C1,LMH,15w,NA,NA,NA,NA,NA,NA,NA,NA,NA,NA
314,C,C1,LMH,15w,29.6091966,33,0,0,0,NA,NA,NA,9.958365664,NA
315,C,C1,LMH,15w,1.038689071,15,1,0,0,NA,NA,NA,2.501153469,NA
316,C,C1,MEGA,15w,NA,NA,NA,NA,NA,NA,NA,NA,NA,NA
317,C,C1,MEGA,15w,32.06945635,68,1,0,0,NA,NA,NA,13.01930419,NA
318,C,C1,MEGA,15w,42.89224304,58,NA,NA,NA,NA,NA,NA,13.60460726,NA
319,C,C1,MEGA,15w,27.61844788,98,1,0,0,NA,NA,NA,13.99300799,NA
320,C,C1,MEGA,15w,11.94590607,48,2,0,0,NA,NA,NA,8.335058878,NA
321,C,C1,MEGA,15w,56.61157816,215,1,4,1,NA,NA,NA,23.11463815,NA
322,C,C1,MEGA,15w,14.65741468,60,NA,NA,NA,NA,NA,NA,9.614363026,NA
323,C,C1,MEGA,15w,21.07411768,163,1,2,1,NA,NA,NA,15.15194294,NA
324,C,C1,MEGA,15w,16.9093083,34,NA,NA,NA,NA,NA,NA,8.342394774,NA
325,C,C1,MEGA,15w,23.32828895,241,1,4,1,NA,NA,NA,17.86074587,NA
326,C,C1,MEGA,15w,30.1907054,248,1,5,1,NA,NA,NA,19.65344702,NA
327,C,C1,MEGA,15w,13.92047559,102,1,0,0,NA,NA,NA,11.28174546,NA
328,C,C1,MEGA,15w,NA,NA,NA,NA,NA,NA,NA,NA,NA,NA
329,C,C1,MEGA,15w,10.46346703,176,0,0,0,NA,NA,NA,12.30493116,NA
330,C,C1,MEGA,15w,62.21138852,270,1,NA,NA,NA,NA,NA,25.73885283,NA
331,C,C1,MEGA,15w,90.91117259,52,3,0,0,NA,NA,NA,16.85651063,NA
332,C,C1,MEGA,15w,NA,NA,NA,NA,NA,NA,NA,NA,NA,NA
333,C,C1,MEGA,15w,10.1787602,45,2,0,0,NA,NA,NA,7.732870573,NA
334,C,C1,MEGA,15w,50.54956097,64,2,0,0,NA,NA,NA,14.85166082,NA
335,C,C1,MEGA,15w,15.34385268,167,1,2,1,NA,NA,NA,13.73959748,NA
336,C,C1,MEGA,15w,66.65124434,247,4,1,1,NA,NA,NA,25.56673125,NA
337,C,C1,MEGA,15w,6.92791866,31,2,1,1,NA,NA,NA,6.005145593,NA
338,C,C1,MEGA,15w,19.95036999,93,NA,NA,NA,NA,NA,NA,12.33566982,NA
339,C,C1,MEGA,15w,NA,NA,NA,NA,NA,NA,NA,NA,NA,NA
340,C,C1,MEGA,15w,48.64512751,184,2,2,1,NA,NA,NA,20.86040681,NA
341,C,C1,MEGA,15w,82.61713237,225,3,1,1,NA,NA,NA,26.62470895,NA
342,C,C1,MEGA,15w,NA,NA,NA,NA,NA,NA,NA,NA,NA,NA
343,C,C1,MEGA,15w,6.97464985,85,1,0,0,NA,NA,NA,8.428361163,NA
344,C,C1,MEGA,15w,8.042477193,119,1,0,0,NA,NA,NA,9.889678497,NA
345,C,C1,MEGA,15w,9.897980354,96,1,0,0,NA,NA,NA,9.86599534,NA
346,C,C1,MEGA,15w,64.75325114,173,2,0,0,NA,NA,NA,22.48311647,NA
347,C,C1,MEGA,15w,61.65344167,177,2,2,1,NA,NA,NA,22.28734226,NA
348,C,C1,MEGA,15w,33.08104918,400,1,NA,NA,NA,NA,NA,23.76863946,NA
349,C,C1,MEGA,15w,13.7885287,141,1,0,0,NA,NA,NA,12.52970697,NA
350,C,C1,MEGA,15w,NA,NA,NA,NA,NA,NA,NA,NA,NA,NA
351,C,C1,MEGA,15w,NA,NA,NA,NA,NA,NA,NA,NA,NA,NA
352,C,C1,MEGA,15w,54.62884049,258,1,2,1,NA,NA,NA,24.27462832,NA
353,C,C1,MEGA,15w,NA,NA,NA,NA,NA,NA,NA,NA,NA,NA
354,C,C1,MEGA,15w,NA,NA,NA,NA,NA,NA,NA,NA,NA,NA
355,C,C1,MEGA,15w,46.44538433,NA,1,0,0,NA,NA,NA,NA,NA
356,C,C1,MEGA,15w,10.63617609,NA,NA,NA,NA,NA,NA,NA,NA,NA
357,C,C1,MEGA,15w,10.29217169,44,3,0,0,NA,NA,NA,7.703515457,NA
358,C,C1,MEGA,15w,15.97507718,284,1,0,0,NA,NA,NA,16.62667369,NA
359,C,C1,MEGA,15w,45.48405698,290,1,0,0,NA,NA,NA,23.74340057,NA
360,C,C1,MEGA,15w,NA,NA,NA,NA,NA,NA,NA,NA,NA,NA
361,C,C1,MEGA,15w,50.89576448,400,1,NA,NA,NA,NA,NA,27.44531526,NA
362,C,C1,MESO,15w,NA,NA,NA,NA,NA,NA,NA,NA,NA,NA
363,C,C1,MESO,15w,NA,NA,NA,NA,NA,NA,NA,NA,NA,NA
364,C,C1,MESO,15w,36.54182765,37.2,3,0,0,NA,NA,NA,11.11884127,NA
365,C,C1,MESO,15w,3.496671163,19.3,1,0,0,NA,NA,NA,4.080188851,NA
366,C,C1,MESO,15w,41.9686148,190,2,4,1,NA,NA,NA,20.07107331,NA
367,C,C1,MESO,15w,31.17245311,283,1,NA,NA,NA,NA,NA,20.75962999,NA
368,C,C1,MESO,15w,18.70378602,26.2,2,0,0,NA,NA,NA,7.909159428,NA
369,C,C1,MESO,15w,6.650830187,29.9,1,0,0,NA,NA,NA,5.852847031,NA
370,C,C1,MESO,15w,74.35592178,259,2,NA,1,NA,NA,NA,26.94099833,NA
371,C,C1,MESO,15w,119.5969766,231,1,2,1,NA,NA,NA,30.39019025,NA
372,C,C1,MESO,15w,129.4402932,224,2,0,0,NA,NA,NA,30.88441252,NA
373,C,C1,MESO,15w,20.66924493,153,1,0,0,NA,NA,NA,14.73927615,NA
374,C,C1,MESO,15w,NA,NA,NA,NA,NA,NA,NA,NA,NA,NA
375,C,C1,MESO,15w,NA,NA,NA,NA,NA,NA,NA,NA,NA,NA
376,C,C1,MESO,15w,NA,NA,NA,NA,NA,NA,NA,NA,NA,NA
377,C,C1,MESO,15w,24.80632975,173,1,0,0,NA,NA,NA,16.32082196,NA
378,C,C1,MESO,15w,NA,NA,NA,NA,NA,NA,NA,NA,NA,NA
379,C,C1,MESO,15w,NA,NA,NA,NA,NA,NA,NA,NA,NA,NA
380,C,C1,MESO,15w,NA,NA,NA,NA,NA,NA,NA,NA,NA,NA
381,C,C1,MESO,15w,32.06945635,223,1,0,0,NA,NA,NA,19.35466386,NA
382,C,C1,MESO,15w,NA,NA,NA,NA,NA,NA,NA,NA,NA,NA
383,C,C1,MESO,15w,21.38874818,11.1,1,0,0,NA,NA,NA,6.209556896,NA
384,C,C1,MESO,15w,11.52092712,10.9,1,0,0,NA,NA,NA,5.020187014,NA
385,C,C1,MESO,15w,15.83370551,11.7,9,0,0,NA,NA,NA,5.715994041,NA
386,C,C1,MESO,15w,2.89529179,8.6,NA,0,0,NA,NA,NA,2.924937697,NA
387,C,C1,MESO,15w,57.01236684,34,9,0,0,NA,NA,NA,12.51729726,NA
388,C,C1,MESO,15w,4.714352476,20.9,2,0,0,NA,NA,NA,4.629673847,NA
389,C,C1,MESO,15w,13.59178646,96.8,1,1,1,NA,NA,NA,10.99828878,NA
390,C,C1,MESO,15w,NA,NA,NA,NA,NA,NA,NA,NA,NA,NA
391,C,C1,MESO,15w,2.83528737,15.8,1,0,0,NA,NA,NA,3.558518461,NA
392,C,C1,MESO,15w,12.85147015,14.6,3,0,0,NA,NA,NA,5.740376385,NA
393,C,C1,MESO,15w,19.47818861,20.5,5,0,0,NA,NA,NA,7.386550885,NA
394,C,C1,MESO,15w,12.56637061,42.8,NA,NA,NA,NA,NA,NA,8.158784057,NA
395,C,C1,MESO,15w,235.0618163,330,2,0,0,NA,NA,NA,42.89623256,NA
396,C,C1,MESO,15w,77.60016598,400,1,NA,1,NA,NA,NA,31.59533639,NA
397,C,C1,MESO,15w,70.28653828,199,3,8,1,NA,NA,NA,24.21282111,NA
398,C,C1,MESO,15w,NA,NA,NA,NA,NA,NA,NA,NA,NA,NA
399,C,C1,MESO,15w,NA,NA,NA,NA,NA,NA,NA,NA,NA,NA
400,C,C1,MESO,15w,13.07405199,41.2,3,0,0,NA,NA,NA,8.16288552,NA
401,C,C1,MESO,15w,NA,NA,NA,NA,NA,NA,NA,NA,NA,NA
402,C,C1,MESO,15w,67.98547874,162,3,0,0,NA,NA,NA,22.35598823,NA
403,C,C2,CONT,15w,NA,NA,NA,NA,NA,NA,NA,NA,NA,NA
404,C,C2,CONT,15w,NA,NA,NA,NA,NA,NA,NA,NA,NA,NA
405,C,C2,LMH,15w,99.22531901,400,1,NA,NA,NA,NA,NA,34.2976712,NA
406,C,C2,LMH,15w,62.77184865,400,1,NA,NA,NA,NA,NA,29.43582867,NA
407,C,C2,LMH,15w,11.88472355,174,1,0,0,NA,NA,NA,12.79052861,NA
408,C,C2,LMH,15w,85.93166969,172,1,0,0,NA,NA,NA,24.66284827,NA
409,C,C2,LMH,15w,287.6877344,400,2,NA,NA,NA,NA,NA,48.93307931,NA
410,C,C2,LMH,15w,NA,NA,NA,NA,NA,NA,NA,NA,NA,NA
411,C,C2,LMH,15w,3.63050301,75,1,0,0,NA,NA,NA,6.500267023,NA
412,C,C2,LMH,15w,23.67197918,NA,NA,NA,NA,NA,NA,NA,NA,NA
413,C,C2,LMH,15w,3.83596317,22,1,0,0,NA,NA,NA,4.396347151,NA
414,C,C2,LMH,15w,NA,32,1,0,0,NA,NA,NA,NA,NA
415,C,C2,LMH,15w,5.027255104,13,1,0,0,NA,NA,NA,4.036706172,NA
416,C,C2,LMH,15w,NA,NA,NA,NA,NA,NA,NA,NA,NA,NA
417,C,C2,LMH,15w,23.49981991,130,1,0,0,NA,NA,NA,14.5702063,NA
418,C,C2,LMH,15w,21.07411768,90,1,0,0,NA,NA,NA,12.42663853,NA
419,C,C2,LMH,15w,NA,NA,NA,NA,NA,NA,NA,NA,NA,NA
420,C,C2,LMH,15w,NA,NA,NA,NA,NA,NA,NA,NA,NA,NA
421,C,C2,LMH,15w,NA,NA,NA,NA,NA,NA,NA,NA,NA,NA
422,C,C2,LMH,15w,4.118706509,NA,1,0,0,NA,NA,NA,NA,NA
423,C,C2,LMH,15w,163.539454,NA,NA,NA,NA,NA,NA,NA,NA,NA
424,C,C2,LMH,15w,3.36535259,26,1,0,0,NA,NA,NA,4.449750683,NA
425,C,C2,LMH,15w,NA,NA,NA,NA,NA,NA,NA,NA,NA,NA
426,C,C2,LMH,15w,91.43927432,NA,NA,NA,NA,NA,NA,NA,NA,NA
427,C,C2,LMH,15w,92.45903529,315,NA,NA,NA,NA,NA,NA,30.93056223,NA
428,C,C2,LMH,15w,NA,NA,NA,NA,NA,NA,NA,NA,NA,NA
429,C,C2,LMH,15w,NA,NA,NA,NA,NA,NA,NA,NA,NA,NA
430,C,C2,LMH,15w,NA,NA,NA,NA,NA,NA,NA,NA,NA,NA
431,C,C2,LMH,15w,3.204738666,19,1,0,0,NA,NA,NA,3.942471972,NA
432,C,C2,LMH,15w,NA,NA,NA,NA,NA,NA,NA,NA,NA,NA
433,C,C2,LMH,15w,NA,NA,NA,NA,NA,NA,NA,NA,NA,NA
434,C,C2,LMH,15w,30.97484693,161,NA,NA,NA,NA,NA,NA,17.16002011,NA
435,C,C2,LMH,15w,261.300084,400,NA,NA,NA,NA,NA,NA,47.386403,NA
436,C,C2,LMH,15w,3.268512997,7,1,0,0,NA,NA,NA,2.843479942,NA
437,C,C2,LMH,15w,23.49981991,187,1,3,1,NA,NA,NA,16.45052807,NA
438,C,C2,LMH,15w,2.37787148,27,1,0,0,NA,NA,NA,4.012814773,NA
439,C,C2,LMH,15w,73.89811319,170,8,0,0,NA,NA,NA,23.3600462,NA
440,C,C2,LMH,15w,24.98320142,175,1,0,0,NA,NA,NA,16.42247836,NA
441,C,C2,LMH,15w,43.9433414,187,1,0,0,NA,NA,NA,20.27353478,NA
442,C,C2,LMH,15w,9.132688384,87,1,0,0,NA,NA,NA,9.293961693,NA
443,C,C2,LMH,15w,42.89224304,160,1,0,0,NA,NA,NA,19.09020099,NA
444,C,C2,LMH,15w,NA,NA,NA,NA,NA,NA,NA,NA,NA,NA
445,C,C2,LMH,15w,NA,NA,NA,NA,NA,NA,NA,NA,NA,NA
446,C,C2,LMH,15w,41.39645224,177,1,0,0,NA,NA,NA,19.51211629,NA
447,C,C2,LMH,15w,127.4760909,400,NA,NA,NA,NA,NA,NA,37.28974925,NA
448,C,C2,LMH,15w,NA,NA,NA,NA,NA,NA,NA,NA,NA,NA
449,C,C2,LMH,15w,32.87747398,400,1,NA,NA,NA,NA,NA,23.71970757,NA
450,C,C2,MEGA,15w,39.79746012,29,2,0,0,NA,NA,NA,10.52760563,NA
451,C,C2,MEGA,15w,4.675946506,NA,1,0,0,NA,NA,NA,NA,NA
452,C,C2,MEGA,15w,64.24250671,21,2,0,0,NA,NA,NA,11.09074423,NA
453,C,C2,MEGA,15w,38.50414496,25,2,0,0,NA,NA,NA,9.908784087,NA
454,C,C2,MEGA,15w,27.8985994,44,1,0,0,NA,NA,NA,10.74658935,NA
455,C,C2,MEGA,15w,94.86046871,139,2,1,1,NA,NA,NA,23.74053289,NA
456,C,C2,MEGA,15w,141.3706484,94,5,0,0,NA,NA,NA,23.80242587,NA
457,C,C2,MEGA,15w,13.52651987,20,1,0,0,NA,NA,NA,6.486231074,NA
458,C,C2,MEGA,15w,6.424242817,NA,3,0,0,NA,NA,NA,NA,NA
459,C,C2,MEGA,15w,6.559724001,NA,3,0,0,NA,NA,NA,NA,NA
460,C,C2,MEGA,15w,6.834927517,NA,2,0,0,NA,NA,NA,NA,NA
461,C,C2,MEGA,15w,10.34911306,NA,6,0,0,NA,NA,NA,NA,NA
462,C,C2,MEGA,15w,3.110962125,10,3,0,0,NA,NA,NA,3.1506569,NA
463,C,C2,MEGA,15w,128.2778254,66,3,0,0,NA,NA,NA,20.47653357,NA
464,C,C2,MEGA,15w,6.742564693,NA,NA,NA,NA,NA,NA,NA,NA,NA
465,C,C2,MEGA,15w,91.2303584,175,2,18,1,NA,NA,NA,25.30613037,NA
466,C,C2,MEGA,15w,10.69405993,28.55,1,0,0,NA,NA,NA,6.753522958,NA
467,C,C2,MEGA,15w,19.0116621,34,1,0,0,NA,NA,NA,8.675244424,NA
468,C,C2,MEGA,15w,NA,NA,NA,NA,NA,NA,NA,NA,NA,NA
469,C,C2,MEGA,15w,127.3190113,172,2,0,0,NA,NA,NA,28.12189468,NA
470,C,C2,MEGA,15w,NA,NA,NA,NA,NA,NA,NA,NA,NA,NA
471,C,C2,MEGA,15w,12.56637061,53,1,0,0,NA,NA,NA,8.762283973,NA
472,C,C2,MEGA,15w,80.43608167,NA,1,0,0,NA,NA,NA,NA,NA
473,C,C2,MEGA,15w,5.939573611,63,1,0,0,NA,NA,NA,7.228113297,NA
474,C,C2,MEGA,15w,268.8025214,90,2,0,0,NA,NA,NA,29.07267017,NA
475,C,C2,MESO,15w,50.0144692,154.5,2,0,0,NA,NA,NA,19.86150693,NA
476,C,C2,MESO,15w,38.59454429,149,1,1,1,NA,NA,NA,17.99597584,NA
477,C,C2,MESO,15w,49.26519936,126.8,2,0,0,NA,NA,NA,18.50019767,NA
478,C,C2,MESO,15w,113.6635291,149,NA,NA,NA,NA,NA,NA,25.80965964,NA
479,C,C2,MESO,15w,105.1733749,200,3,0,0,NA,NA,NA,27.74641842,NA
480,C,C2,MESO,15w,11.22208312,24.2,4,0,0,NA,NA,NA,6.494577011,NA
481,C,C2,MESO,15w,64.89595799,130,1,0,0,NA,NA,NA,20.45239344,NA
482,C,C2,MESO,15w,6.559724001,24.2,3,0,0,NA,NA,NA,5.428769041,NA
483,C,C2,MESO,15w,69.84145314,322,1,NA,1,NA,NA,NA,28.37263522,NA
484,C,C2,MESO,15w,NA,NA,NA,NA,NA,NA,NA,NA,NA,NA
485,C,C2,MESO,15w,88.41392059,366,1,12,1,NA,NA,NA,32.03750353,NA
486,C,C2,MESO,15w,66.04326762,24.9,1,0,0,NA,NA,NA,11.84860046,NA
487,C,C2,MESO,15w,28.93791679,14,1,0,0,NA,NA,NA,7.422369345,NA
488,C,C2,MESO,15w,38.04594367,126.8,7,0,0,NA,NA,NA,16.9710178,NA
489,C,C2,MESO,15w,235.605626,173,1,2,1,NA,NA,NA,34.60352491,NA
490,C,C2,MESO,15w,87.41677908,120,3,0,0,NA,NA,NA,21.99536931,NA
491,C,C2,MESO,15w,NA,NA,NA,NA,NA,NA,NA,NA,NA,NA
492,C,C2,MESO,15w,59.44678699,196.2,1,2,1,NA,NA,NA,22.78795976,NA
493,C,C2,MESO,15w,1.91134497,17.4,1,0,0,NA,NA,NA,3.221666576,NA
494,C,C2,MESO,15w,16.04599864,123.8,1,0,0,NA,NA,NA,12.62009196,NA
495,C,C2,MESO,15w,3.801327111,25.5,2,0,0,NA,NA,NA,4.604499566,NA
496,C,C2,MESO,15w,11.93121912,16.1,1,0,0,NA,NA,NA,5.78558537,NA
497,C,C2,MESO,15w,NA,NA,NA,NA,NA,NA,NA,NA,NA,NA
498,C,C2,MESO,15w,96.59462786,239,3,1,1,NA,NA,NA,28.62196547,NA
499,C,C2,MESO,15w,93.31315579,235,1,NA,1,NA,NA,NA,28.13463117,NA
500,C,C2,MESO,15w,21.97866074,126,1,2,1,NA,NA,NA,14.10040818,NA
501,C,C3,CONT,15w,NA,NA,NA,NA,NA,NA,NA,NA,NA,NA
502,C,C3,CONT,15w,NA,NA,NA,NA,NA,NA,NA,NA,NA,NA
503,C,C3,CONT,15w,9.786767974,26,2,0,0,NA,NA,NA,6.354931786,NA
504,C,C3,CONT,15w,3.236547292,12,1,0,0,NA,NA,NA,3.39291995,NA
505,C,C3,CONT,15w,182.2979823,47,3,0,0,NA,NA,NA,20.55829885,NA
506,C,C3,CONT,15w,NA,NA,NA,NA,NA,NA,NA,NA,NA,NA
507,C,C3,CONT,15w,2.405281875,9,1,0,0,NA,NA,NA,2.791415729,NA
508,C,C3,CONT,15w,3.870756308,13.5,1,0,0,NA,NA,NA,3.746239207,NA
509,C,C3,CONT,15w,NA,NA,NA,NA,NA,NA,NA,NA,NA,NA
510,C,C3,CONT,15w,NA,NA,NA,NA,NA,NA,NA,NA,NA,NA
511,C,C3,CONT,15w,NA,NA,NA,NA,NA,NA,NA,NA,NA,NA
512,C,C3,CONT,15w,NA,NA,NA,NA,NA,NA,NA,NA,NA,NA
513,C,C3,CONT,15w,3.766848131,36,1,0,0,NA,NA,NA,5.150617789,NA
514,C,C3,CONT,15w,NA,NA,NA,NA,NA,NA,NA,NA,NA,NA
515,C,C3,CONT,15w,NA,NA,NA,NA,NA,NA,NA,NA,NA,NA
516,C,C3,CONT,15w,NA,NA,NA,NA,NA,NA,NA,NA,NA,NA
517,C,C3,CONT,15w,NA,NA,NA,NA,NA,NA,NA,NA,NA,NA
518,C,C3,CONT,15w,NA,NA,NA,NA,NA,NA,NA,NA,NA,NA
519,C,C3,CONT,15w,13.01004204,59,NA,NA,NA,NA,NA,NA,9.187501561,NA
520,C,C3,CONT,15w,NA,NA,NA,NA,NA,NA,NA,NA,NA,NA
521,C,C3,CONT,15w,NA,NA,NA,NA,NA,NA,NA,NA,NA,NA
522,C,C3,CONT,15w,198.5565097,31,4,0,0,NA,NA,NA,18.40921082,NA
523,C,C3,CONT,15w,27.9922974,29,1,0,0,NA,NA,NA,9.360776974,NA
524,C,C3,CONT,15w,NA,NA,NA,NA,NA,NA,NA,NA,NA,NA
525,C,C3,CONT,15w,NA,NA,NA,NA,NA,NA,NA,NA,NA,NA
526,C,C3,CONT,15w,NA,NA,NA,NA,NA,NA,NA,NA,NA,NA
527,C,C3,CONT,15w,NA,NA,NA,NA,NA,NA,NA,NA,NA,NA
528,C,C3,CONT,15w,NA,NA,NA,NA,NA,NA,NA,NA,NA,NA
529,C,C3,CONT,15w,NA,NA,NA,NA,NA,NA,NA,NA,NA,NA
530,C,C3,CONT,15w,99.57874818,22,4,0,0,NA,NA,NA,13.03922392,NA
531,C,C3,CONT,15w,NA,NA,NA,NA,NA,NA,NA,NA,NA,NA
532,C,C3,CONT,15w,NA,NA,NA,NA,NA,NA,NA,NA,NA,NA
533,C,C3,CONT,15w,NA,NA,NA,NA,NA,NA,NA,NA,NA,NA
534,C,C3,CONT,15w,318.1629896,241,3,0,0,NA,NA,NA,42.73071076,NA
535,C,C3,CONT,15w,251.9664122,245,2,0,0,NA,NA,NA,39.74711332,NA
536,C,C3,CONT,15w,49.14087083,8,1,0,0,NA,NA,NA,7.348211936,NA
537,C,C3,LMH,15w,109.297108,206,3,1,1,NA,NA,NA,28.38368989,NA
538,C,C3,LMH,15w,8.092821215,40,4,0,0,NA,NA,NA,6.886743106,NA
539,C,C3,LMH,15w,NA,NA,NA,NA,NA,NA,NA,NA,NA,NA
540,C,C3,LMH,15w,NA,NA,NA,NA,NA,NA,NA,NA,NA,NA
541,C,C3,LMH,15w,3.07907496,13,1,0,0,NA,NA,NA,3.427260927,NA
542,C,C3,LMH,15w,6.742564693,19,1,0,0,NA,NA,NA,5.053736888,NA
543,C,C3,LMH,15w,85.11210671,194,NA,NA,NA,NA,NA,NA,25.59205469,NA
544,C,C3,LMH,15w,NA,NA,NA,NA,NA,NA,NA,NA,NA,NA
545,C,C3,LMH,15w,25.33882971,191,NA,NA,NA,NA,NA,NA,16.98919138,NA
546,C,C3,LMH,15w,1.91134497,14,1,0,0,NA,NA,NA,2.996112958,NA
547,C,C3,LMH,15w,2.573042923,23.5,1,0,0,NA,NA,NA,3.933295809,NA
548,C,C3,LMH,15w,66.33166583,400,NA,NA,NA,NA,NA,NA,29.9829212,NA
549,C,C3,LMH,15w,7.450601137,43,1,0,0,NA,NA,NA,6.862960628,NA
550,C,C3,LMH,15w,131.3476327,176,4,0,0,NA,NA,NA,28.63481855,NA
551,C,C3,LMH,15w,8.143322317,96,1,0,0,NA,NA,NA,9.243765124,NA
552,C,C3,LMH,15w,7.695723904,47.5,3,0,0,NA,NA,NA,7.171920625,NA
553,C,C3,LMH,15w,45.00716321,183,2,0,0,NA,NA,NA,20.28909488,NA
554,C,C3,LMH,15w,70.13801949,219,2,0,0,NA,NA,NA,24.98180531,NA
555,C,C3,LMH,15w,44.53278272,93,2,0,0,NA,NA,NA,16.12818344,NA
556,C,C3,LMH,15w,83.80897408,200,NA,NA,NA,NA,NA,NA,25.72079195,NA
557,C,C3,LMH,15w,NA,NA,NA,NA,NA,NA,NA,NA,NA,NA
558,C,C3,LMH,15w,70.13801949,280,NA,NA,NA,NA,NA,NA,27.1175302,NA
559,C,C3,LMH,15w,1.651299639,18,1,0,0,NA,NA,NA,3.103073983,NA
560,C,C3,LMH,15w,38.3746328,250,1,0,0,NA,NA,NA,21.34915354,NA
561,C,C3,LMH,15w,NA,NA,NA,NA,NA,NA,NA,NA,NA,NA
562,C,C3,LMH,15w,6.469246132,139,1,0,0,NA,NA,NA,9.68602188,NA
563,C,C3,LMH,15w,NA,NA,NA,NA,NA,NA,NA,NA,NA,NA
564,C,C3,LMH,15w,NA,NA,NA,NA,NA,NA,NA,NA,NA,NA
565,C,C3,MEGA,15w,52.13418031,82.8,4,0,0,NA,NA,NA,16.35277378,NA
566,C,C3,MEGA,15w,84.84507134,190,3,1,1,NA,NA,NA,25.38802034,NA
567,C,C3,MEGA,15w,7.499060204,14,2,0,0,NA,NA,NA,4.728827293,NA
568,C,C3,MEGA,15w,6.201582438,31.7,2,0,0,NA,NA,NA,5.830460388,NA
569,C,C3,MEGA,15w,5.725552611,24.5,2,0,0,NA,NA,NA,5.209161992,NA
570,C,C3,MEGA,15w,28.84264799,160.2,NA,NA,NA,NA,NA,NA,16.72841947,NA
571,C,C3,MEGA,15w,26.7864756,187,1,0,0,NA,NA,NA,17.18539408,NA
572,C,C3,MEGA,15w,7.8426719,37.3,2,0,0,NA,NA,NA,6.657771045,NA
573,C,C3,MEGA,15w,NA,NA,NA,NA,NA,NA,NA,NA,NA,NA
574,C,C3,MEGA,15w,NA,NA,NA,NA,NA,NA,NA,NA,NA,NA
575,C,C3,MEGA,15w,12.00724566,44.8,3,0,0,NA,NA,NA,8.159209152,NA
576,C,C3,MEGA,15w,39.25804866,85.9,1,1,1,NA,NA,NA,15.05887345,NA
577,C,C3,MEGA,15w,NA,NA,NA,NA,NA,NA,NA,NA,NA,NA
578,C,C3,MEGA,15w,22.31229788,9.5,NA,NA,NA,NA,NA,NA,5.978906315,NA
579,C,C3,MEGA,15w,NA,NA,NA,NA,NA,NA,NA,NA,NA,NA
580,C,C3,MEGA,15w,31.27149181,107,1,1,1,NA,NA,NA,15.01968778,NA
581,C,C3,MEGA,15w,4.19096314,6.8,NA,NA,NA,NA,NA,NA,3.059784432,NA
582,C,C3,MEGA,15w,NA,NA,NA,NA,NA,NA,NA,NA,NA,NA
583,C,C3,MEGA,15w,9.294087706,15,4,0,0,NA,NA,NA,5.198419495,NA
584,C,C3,MEGA,15w,121.1614897,248.3,3,0,0,NA,NA,NA,31.26719175,NA
585,C,C3,MEGA,15w,135.6065327,198,3,0,0,NA,NA,NA,30.1022003,NA
586,C,C3,MEGA,15w,33.38759009,55.9,3,0,0,NA,NA,NA,12.35999752,NA
587,C,C3,MEGA,15w,18.78051942,124.5,1,0,0,NA,NA,NA,13.32586863,NA
588,C,C3,MEGA,15w,NA,NA,NA,NA,NA,NA,NA,NA,NA,NA
589,C,C3,MEGA,15w,NA,NA,NA,NA,NA,NA,NA,NA,NA,NA
590,C,C3,MEGA,15w,NA,NA,NA,NA,NA,NA,NA,NA,NA,NA
591,C,C3,MEGA,15w,NA,NA,NA,NA,NA,NA,NA,NA,NA,NA
592,C,C3,MEGA,15w,2.955924528,16.9,1,0,0,NA,NA,NA,3.690361493,NA
593,C,C3,MEGA,15w,NA,NA,NA,NA,NA,NA,NA,NA,NA,NA
594,C,C3,MEGA,15w,NA,NA,NA,NA,NA,NA,NA,NA,NA,NA
595,C,C3,MEGA,15w,NA,NA,NA,NA,NA,NA,NA,NA,NA,NA
596,C,C3,MEGA,15w,27.71167464,19,6,0,0,NA,NA,NA,8.101055177,NA
597,C,C3,MESO,15w,85.43946067,194,2,0,0,NA,NA,NA,25.62487372,NA
598,C,C3,MESO,15w,92.05007847,175,5,0,0,NA,NA,NA,25.3818148,NA
599,C,C3,MESO,15w,36.48802788,144.5,2,0,0,NA,NA,NA,17.48200831,NA
600,C,C3,MESO,15w,200.1222795,153.7,6,2,1,NA,NA,NA,31.49946431,NA
601,C,C3,MESO,15w,4.374353611,23.7,2,0,0,NA,NA,NA,4.708975358,NA
602,C,C3,MESO,15w,1.561450089,27.3,1,0,0,NA,NA,NA,3.500018199,NA
603,C,C3,MESO,15w,121.3632585,159,6,1,1,NA,NA,NA,26.95900185,NA
604,C,C3,MESO,15w,NA,NA,NA,NA,NA,NA,NA,NA,NA,NA
605,C,C3,MESO,15w,76.26278998,241,2,2,1,NA,NA,NA,26.52414319,NA
606,C,C3,MESO,15w,97.91150496,59.8,5,0,0,NA,NA,NA,18.10451974,NA
607,C,C3,MESO,15w,39.97605966,23.6,7,0,0,NA,NA,NA,9.842468361,NA
608,C,C3,MESO,15w,19.2442185,29.4,6,0,0,NA,NA,NA,8.297898177,NA
609,C,C3,MESO,15w,45.47651716,144,3,0,0,NA,NA,NA,18.79390357,NA
610,C,C3,MESO,15w,NA,NA,NA,NA,NA,NA,NA,NA,NA,NA
611,C,C3,MESO,15w,32.96740207,22,6,0,0,NA,NA,NA,9.01523319,NA
612,C,C3,MESO,15w,103.930875,327.5,3,15,1,NA,NA,NA,32.58277241,NA
613,C,C3,MESO,15w,14.58963482,39.5,5,0,0,NA,NA,NA,8.349046075,NA
614,C,C3,MESO,15w,1.720336137,11.7,1,0,0,NA,NA,NA,2.724405759,NA
615,C,C3,MESO,15w,23.84476678,78.8,2,0,0,NA,NA,NA,12.38779553,NA
616,C,C3,MESO,15w,NA,212,NA,NA,NA,NA,NA,NA,NA,NA
617,C,C3,MESO,15w,15.34385268,93,2,0,0,NA,NA,NA,11.30052065,NA
618,C,C3,MESO,15w,9.56622817,90.5,1,0,0,NA,NA,NA,9.564095363,NA
619,C,C3,MESO,15w,NA,NA,NA,NA,NA,NA,NA,NA,NA,NA
620,C,C3,MESO,15w,41.9585617,101.9,3,0,0,NA,NA,NA,16.30058718,NA
621,C,C3,MESO,15w,36.10349693,139.5,3,0,0,NA,NA,NA,17.21668288,NA
622,C,C3,MESO,15w,4.448809357,59.8,2,0,0,NA,NA,NA,6.450078073,NA
623,C,C3,MESO,15w,10.63617609,80.9,1,0,0,NA,NA,NA,9.544593522,NA
624,N,N1,CONT,15w,NA,NA,NA,NA,NA,NA,NA,NA,NA,NA
625,N,N1,CONT,15w,NA,NA,NA,NA,NA,NA,NA,NA,NA,NA
626,N,N1,CONT,15w,49.37743275,50,3,0,0,NA,NA,NA,13.5700534,NA
627,N,N1,CONT,15w,NA,NA,NA,NA,NA,NA,NA,NA,NA,NA
628,N,N1,CONT,15w,19.87128039,70,1,0,0,NA,NA,NA,11.20456265,NA
629,N,N1,CONT,15w,70.5840471,130,NA,NA,NA,NA,NA,NA,21.03419601,NA
630,N,N1,CONT,15w,NA,NA,NA,NA,NA,NA,NA,NA,NA,NA
631,N,N1,CONT,15w,53.84564145,49,NA,NA,NA,NA,NA,NA,13.87434433,NA
632,N,N1,CONT,15w,78.22597123,34,3,0,0,NA,NA,NA,13.91154439,NA
633,N,N1,CONT,15w,97.46759792,67,2,0,0,NA,NA,NA,18.77636391,NA
634,N,N1,CONT,15w,NA,NA,NA,NA,NA,NA,NA,NA,NA,NA
635,N,N1,CONT,15w,NA,NA,NA,NA,NA,NA,NA,NA,NA,NA
636,N,N1,CONT,15w,NA,NA,NA,NA,NA,NA,NA,NA,NA,NA
637,N,N1,CONT,15w,84.18290214,116,4,0,0,NA,NA,NA,21.47585727,NA
638,N,N1,CONT,15w,17.87008587,32,NA,NA,NA,NA,NA,NA,8.327477925,NA
639,N,N1,CONT,15w,69.7472839,36,NA,NA,NA,NA,NA,NA,13.64674571,NA
640,N,N1,CONT,15w,NA,NA,NA,NA,NA,NA,NA,NA,NA,NA
641,N,N1,CONT,15w,NA,101,0,0,0,NA,NA,NA,NA,NA
642,N,N1,CONT,15w,51.65728654,44,NA,NA,NA,NA,NA,NA,13.20053793,NA
643,N,N1,CONT,15w,NA,NA,NA,NA,NA,NA,NA,NA,NA,NA
644,N,N1,CONT,15w,NA,NA,NA,NA,NA,NA,NA,NA,NA,NA
645,N,N1,CONT,15w,NA,NA,NA,NA,NA,NA,NA,NA,NA,NA
646,N,N1,CONT,15w,NA,NA,NA,NA,NA,NA,NA,NA,NA,NA
647,N,N1,CONT,15w,NA,NA,NA,NA,NA,NA,NA,NA,NA,NA
648,N,N1,CONT,15w,NA,NA,NA,NA,NA,NA,NA,NA,NA,NA
649,N,N1,CONT,15w,9.294087706,14,1,0,0,NA,NA,NA,5.080051751,NA
650,N,N1,CONT,15w,7.645379882,10,1,0,0,NA,NA,NA,4.253735868,NA
651,N,N1,CONT,15w,12.37858191,25,2,0,0,NA,NA,NA,6.784025339,NA
652,N,N1,CONT,15w,7.694467267,13,2,0,0,NA,NA,NA,4.653056212,NA
653,N,N1,CONT,15w,105.358022,36.5,3,0,0,NA,NA,NA,15.73384082,NA
654,N,N1,CONT,15w,NA,NA,NA,NA,NA,NA,NA,NA,NA,NA
655,N,N1,CONT,15w,NA,NA,NA,NA,NA,NA,NA,NA,NA,NA
656,N,N1,CONT,15w,24.80632975,67,1,0,0,NA,NA,NA,11.89065841,NA
657,N,N1,CONT,15w,12.81895466,57,2,0,0,NA,NA,NA,9.037576333,NA
658,N,N1,CONT,15w,NA,NA,NA,NA,NA,NA,NA,NA,NA,NA
659,N,N1,CONT,15w,43.47461578,31,4,0,0,NA,NA,NA,11.08695671,NA
660,N,N1,CONT,15w,NA,NA,NA,NA,NA,NA,NA,NA,NA,NA
661,N,N1,CONT,15w,NA,NA,NA,NA,NA,NA,NA,NA,NA,NA
662,N,N1,CONT,15w,NA,NA,NA,NA,NA,NA,NA,NA,NA,NA
663,N,N1,CONT,15w,NA,NA,NA,NA,NA,NA,NA,NA,NA,NA
664,N,N1,CONT,15w,26.97025877,50,NA,NA,NA,NA,NA,NA,11.08915299,NA
665,N,N1,CONT,15w,55.54971984,139,2,0,0,NA,NA,NA,19.85650773,NA
666,N,N1,CONT,15w,13.7885287,169,1,0,0,NA,NA,NA,13.31079502,NA
667,N,N1,CONT,15w,NA,NA,NA,NA,NA,NA,NA,NA,NA,NA
668,N,N1,CONT,15w,41.39645224,34,NA,NA,NA,NA,NA,NA,11.2487327,NA
669,N,N1,CONT,15w,NA,NA,NA,NA,NA,NA,NA,NA,NA,NA
670,N,N1,CONT,15w,78.09779425,66,3,0,0,NA,NA,NA,17.35033006,NA
671,N,N1,CONT,15w,NA,NA,NA,NA,NA,NA,NA,NA,NA,NA
672,N,N1,LMH,15w,47.66118069,210,1,0,0,NA,NA,NA,21.65326687,NA
673,N,N1,LMH,15w,1.431388153,15,1,0,0,NA,NA,NA,2.783787515,NA
674,N,N1,LMH,15w,3.463605901,29,1,0,0,NA,NA,NA,4.659515377,NA
675,N,N1,LMH,15w,NA,NA,NA,NA,NA,NA,NA,NA,NA,NA
676,N,N1,LMH,15w,NA,NA,NA,NA,NA,NA,NA,NA,NA,NA
677,N,N1,LMH,15w,9.897980354,75,1,0,0,NA,NA,NA,9.085503213,NA
678,N,N1,LMH,15w,3.430697718,25,1,0,0,NA,NA,NA,4.420153832,NA
679,N,N1,LMH,15w,3.801327111,31,1,0,0,NA,NA,NA,4.914733766,NA
680,N,N1,LMH,15w,NA,NA,NA,NA,NA,NA,NA,NA,NA,NA
681,N,N1,LMH,15w,28.4631436,172,NA,NA,NA,NA,NA,NA,17.05450341,NA
682,N,N1,LMH,15w,6.605198554,45,1,0,0,NA,NA,NA,6.693309851,NA
683,N,N1,LMH,15w,NA,NA,NA,NA,NA,NA,NA,NA,NA,NA
684,N,N1,LMH,15w,NA,NA,NA,NA,NA,NA,NA,NA,NA,NA
685,N,N1,LMH,15w,68.07524975,223,NA,NA,NA,NA,NA,NA,24.8839901,NA
686,N,N1,LMH,15w,NA,NA,NA,NA,NA,NA,NA,NA,NA,NA
687,N,N1,LMH,15w,NA,NA,NA,NA,NA,NA,NA,NA,NA,NA
688,N,N1,LMH,15w,NA,NA,NA,NA,NA,NA,NA,NA,NA,NA
689,N,N1,LMH,15w,67.34600756,298,NA,NA,NA,NA,NA,NA,27.31453738,NA
690,N,N1,LMH,15w,14.0530508,167,NA,NA,NA,NA,NA,NA,13.34237275,NA
691,N,N1,LMH,15w,NA,NA,NA,NA,NA,NA,NA,NA,NA,NA
692,N,N1,LMH,15w,NA,NA,NA,NA,NA,NA,NA,NA,NA,NA
693,N,N1,LMH,15w,NA,NA,NA,NA,NA,NA,NA,NA,NA,NA
694,N,N1,LMH,15w,NA,NA,NA,NA,NA,NA,NA,NA,NA,NA
695,N,N1,LMH,15w,2.83528737,20,1,0,0,NA,NA,NA,3.849872049,NA
696,N,N1,LMH,15w,NA,NA,NA,NA,NA,NA,NA,NA,NA,NA
697,N,N1,LMH,15w,85.27570515,242,1,2,1,NA,NA,NA,27.5700539,NA
698,N,N1,LMH,15w,48.39819832,136,1,0,0,NA,NA,NA,18.8259807,NA
699,N,N1,LMH,15w,NA,NA,NA,NA,NA,NA,NA,NA,NA,NA
700,N,N1,LMH,15w,7.306166415,104,1,0,0,NA,NA,NA,9.156423748,NA
701,N,N1,LMH,15w,NA,NA,NA,NA,NA,NA,NA,NA,NA,NA
702,N,N1,LMH,15w,8.042477193,108,1,0,0,NA,NA,NA,9.574572491,NA
703,N,N1,LMH,15w,21.48291742,204,1,0,0,NA,NA,NA,16.43557853,NA
704,N,N1,LMH,15w,13.39645793,159,1,0,0,NA,NA,NA,12.91748727,NA
705,N,N1,LMH,15w,2.1382465,21,1,0,0,NA,NA,NA,3.561317676,NA
706,N,N1,LMH,15w,16.02463581,121,1,0,0,NA,NA,NA,12.51850539,NA
707,N,N1,LMH,15w,16.76385256,114,1,0,0,NA,NA,NA,12.45807529,NA
708,N,N1,LMH,15w,8.919688402,87,1,0,0,NA,NA,NA,9.221026632,NA
709,N,N1,LMH,15w,82.99757924,146,4,0,0,NA,NA,NA,23.08045112,NA
710,N,N1,LMH,15w,11.52092712,62,NA,NA,NA,NA,NA,NA,8.969415012,NA
711,N,N1,LMH,15w,NA,NA,NA,NA,NA,NA,NA,NA,NA,NA
712,N,N1,LMH,15w,37.73995255,132,2,0,0,NA,NA,NA,17.15395635,NA
713,N,N1,LMH,15w,11.94590607,81,1,0,0,NA,NA,NA,9.92598777,NA
714,N,N1,LMH,15w,5.896455252,53,1,0,0,NA,NA,NA,6.806256517,NA
715,N,N1,LMH,15w,6.605198554,34,2,0,0,NA,NA,NA,6.095373392,NA
716,N,N1,LMH,15w,24.54220035,295,NA,NA,NA,NA,NA,NA,19.43426272,NA
717,N,N1,LMH,15w,NA,NA,NA,NA,NA,NA,NA,NA,NA,NA
718,N,N1,LMH,15w,NA,NA,NA,NA,NA,NA,NA,NA,NA,NA
719,N,N1,LMH,15w,NA,NA,NA,NA,NA,NA,NA,NA,NA,NA
720,N,N1,LMH,15w,NA,NA,NA,NA,NA,NA,NA,NA,NA,NA
721,N,N1,LMH,15w,461.3253668,NA,NA,NA,NA,NA,NA,NA,NA,NA
722,N,N1,LMH,15w,122.3260781,NA,NA,NA,NA,NA,NA,NA,NA,NA
723,N,N1,LMH,15w,153.93804,NA,NA,NA,NA,NA,NA,NA,NA,NA
724,N,N1,LMH,15w,83.48476172,400,1,NA,NA,NA,NA,NA,32.37582675,NA
725,N,N1,LMH,15w,60.4072504,268,1,0,0,NA,NA,NA,25.42402666,NA
726,N,N1,LMH,15w,10.63617609,86,1,0,0,NA,NA,NA,9.741393791,NA
727,N,N1,LMH,15w,28.4631436,350,1,NA,NA,NA,NA,NA,21.61945057,NA
728,N,N1,LMH,15w,NA,NA,NA,NA,NA,NA,NA,NA,NA,NA
729,N,N1,LMH,15w,10.69405993,62,1,3,1,NA,NA,NA,8.749149574,NA
730,N,N1,LMH,15w,17.64601178,30,1,0,0,NA,NA,NA,8.115711833,NA
731,N,N1,LMH,15w,NA,NA,NA,NA,NA,NA,NA,NA,NA,NA
732,N,N1,LMH,15w,7.793113276,42,1,0,0,NA,NA,NA,6.912202795,NA
733,N,N1,LMH,15w,20.10902042,79,1,0,0,NA,NA,NA,11.71267304,NA
734,N,N1,MEGA,15w,64.75325114,41,NA,NA,NA,NA,NA,NA,13.90315805,NA
735,N,N1,MEGA,15w,NA,NA,NA,NA,NA,NA,NA,NA,NA,NA
736,N,N1,MEGA,15w,8.866831105,78,1,0,0,NA,NA,NA,8.873293926,NA
737,N,N1,MEGA,15w,50.64318043,NA,1,0,0,NA,NA,NA,NA,NA
738,N,N1,MEGA,15w,2.99362364,10,2,0,0,NA,NA,NA,3.110474632,NA
739,N,N1,MEGA,15w,46.68728696,370,NA,NA,NA,NA,NA,NA,25.98071063,NA
740,N,N1,MEGA,15w,NA,NA,NA,NA,NA,NA,NA,NA,NA,NA
741,N,N1,MEGA,15w,NA,NA,NA,NA,NA,NA,NA,NA,NA,NA
742,N,N1,MEGA,15w,41.16868677,176,1,0,0,NA,NA,NA,19.43940507,NA
743,N,N1,MEGA,15w,NA,NA,NA,NA,NA,NA,NA,NA,NA,NA
744,N,N1,MEGA,15w,NA,NA,NA,NA,NA,NA,NA,NA,NA,NA
745,N,N1,MEGA,15w,62.07166619,245,NA,NA,NA,NA,NA,NA,24.89863516,NA
746,N,N1,MEGA,15w,11.40091828,172,1,0,0,NA,NA,NA,12.56569703,NA
747,N,N1,MEGA,15w,NA,NA,NA,NA,NA,NA,NA,NA,NA,NA
748,N,N1,MEGA,15w,18.55079046,46,1,0,0,NA,NA,NA,9.518115677,NA
749,N,N1,MEGA,15w,104.0496272,105,1,0,0,NA,NA,NA,22.29589712,NA
750,N,N1,MEGA,15w,53.06809726,112,1,1,1,NA,NA,NA,18.19544064,NA
751,N,N1,MEGA,15w,57.68348957,103,1,0,0,NA,NA,NA,18.19316384,NA
752,N,N1,MEGA,15w,NA,NA,NA,NA,NA,NA,NA,NA,NA,NA
753,N,N1,MEGA,15w,7.992290251,41,3,0,0,NA,NA,NA,6.914832555,NA
754,N,N1,MEGA,15w,8.656972716,35,1,0,0,NA,NA,NA,6.736336825,NA
755,N,N1,MEGA,15w,10.81029886,67,1,0,0,NA,NA,NA,9.011111371,NA
756,N,N1,MEGA,15w,NA,NA,NA,NA,NA,NA,NA,NA,NA,NA
757,N,N1,MEGA,15w,26.05762611,81,NA,0,0,NA,NA,NA,12.87815309,NA
758,N,N1,MEGA,15w,NA,NA,NA,NA,NA,NA,NA,NA,NA,NA
759,N,N1,MEGA,15w,NA,NA,NA,NA,NA,NA,NA,NA,NA,NA
760,N,N1,MEGA,15w,22.81746598,27,3,0,0,NA,NA,NA,8.537191445,NA
761,N,N1,MEGA,15w,9.402472653,42,1,0,0,NA,NA,NA,7.359283405,NA
762,N,N1,MEGA,15w,7.163145409,40,1,0,0,NA,NA,NA,6.611822289,NA
763,N,N1,MEGA,15w,6.92791866,49,1,0,0,NA,NA,NA,6.996875761,NA
764,N,N1,MEGA,15w,1.720336137,25,1,0,0,NA,NA,NA,3.510425946,NA
765,N,N1,MEGA,15w,3.236547292,33,1,0,0,NA,NA,NA,4.75602694,NA
766,N,N1,MEGA,15w,34.52366853,219,1,2,1,NA,NA,NA,19.71755011,NA
767,N,N1,MEGA,15w,2.89529179,32,1,0,0,NA,NA,NA,4.535528992,NA
768,N,N1,MEGA,15w,6.834927517,26,1,0,0,NA,NA,NA,5.637182169,NA
769,N,N1,MEGA,15w,36.40673917,235,2,0,0,NA,NA,NA,20.54834388,NA
770,N,N1,MEGA,15w,93.31315579,300,4,NA,NA,NA,NA,NA,30.52439212,NA
771,N,N1,MEGA,15w,62.91235638,350,1,NA,NA,NA,NA,NA,28.17344161,NA
772,N,N1,MESO,15w,354.3226425,299,2,0,0,NA,NA,NA,47.60073087,NA
773,N,N1,MESO,15w,NA,NA,NA,NA,NA,NA,NA,NA,NA,NA
774,N,N1,MESO,15w,20.50839538,46,2,0,0,NA,NA,NA,9.84229832,NA
775,N,N1,MESO,15w,51.65728654,165,NA,NA,NA,NA,NA,NA,20.52254796,NA
776,N,N1,MESO,15w,84.29647072,320,NA,NA,NA,NA,NA,NA,30.1488304,NA
777,N,N1,MESO,15w,161.7311533,265,2,0,0,NA,NA,NA,35.18850757,NA
778,N,N1,MESO,15w,105.1372466,249,NA,NA,NA,NA,NA,NA,29.84896599,NA
779,N,N1,MESO,15w,70.5840471,309,1,0,0,NA,NA,NA,28.08394512,NA
780,N,N1,MESO,15w,299.2605764,400,2,NA,NA,NA,NA,NA,49.58162572,NA
781,N,N1,MESO,15w,125.0859673,400,1,NA,NA,NA,NA,NA,37.05486004,NA
782,N,N1,MESO,15w,368.8142596,NA,NA,NA,NA,NA,NA,NA,NA,NA
783,N,N1,MESO,15w,NA,NA,NA,NA,NA,NA,NA,NA,NA,NA
784,N,N1,MESO,15w,319.5226709,NA,NA,NA,NA,NA,NA,NA,NA,NA
785,N,N1,MESO,15w,NA,NA,NA,NA,NA,NA,NA,NA,NA,NA
786,N,N1,MESO,15w,NA,NA,NA,NA,NA,NA,NA,NA,NA,NA
787,N,N1,MESO,15w,NA,NA,NA,NA,NA,NA,NA,NA,NA,NA
788,N,N1,MESO,15w,266.7465847,400,NA,NA,NA,NA,NA,NA,47.71388739,NA
789,N,N1,MESO,15w,71.93061225,400,1,NA,NA,NA,NA,NA,30.80512923,NA
790,N,N1,MESO,15w,35.04635101,59,1,0,0,NA,NA,NA,12.79010078,NA
791,N,N1,MESO,15w,NA,NA,NA,NA,NA,NA,NA,NA,NA,NA
792,N,N1,MESO,15w,98.34449497,NA,NA,NA,NA,NA,NA,NA,NA,NA
793,N,N1,MESO,15w,4.908738521,40,1,0,0,NA,NA,NA,5.828076948,NA
794,N,N1,MESO,15w,41.9686148,342,0,NA,NA,NA,NA,NA,24.42266299,NA
795,N,N1,MESO,15w,26.60332075,267,1,NA,NA,NA,NA,NA,19.31083249,NA
796,N,N1,MESO,15w,110.1015128,390,3,NA,NA,NA,NA,NA,35.21065048,NA
797,N,N1,MESO,15w,67.05541024,400,1,NA,NA,NA,NA,NA,30.09174314,NA
798,N,N1,MESO,15w,49.51432765,390,1,NA,NA,NA,NA,NA,26.96545064,NA
799,N,N1,MESO,15w,48.89268501,340,NA,NA,NA,NA,NA,NA,25.64975632,NA
800,N,N1,MESO,15w,183.6136028,400,1,NA,NA,NA,NA,NA,42.12079154,NA
801,N,N1,MESO,15w,531.337644,161,NA,NA,NA,NA,NA,NA,44.3208285,NA
802,N,N1,MESO,15w,NA,NA,NA,NA,NA,NA,NA,NA,NA,NA
803,N,N1,MESO,15w,127.876644,400,1,NA,NA,NA,NA,NA,37.32882584,NA
804,N,N1p,CONT,15w,NA,NA,NA,NA,NA,NA,NA,NA,NA,NA
805,N,N1p,CONT,15w,NA,NA,NA,NA,NA,NA,NA,NA,NA,NA
806,N,N1p,CONT,15w,99.57874818,92,2,0,0,NA,NA,NA,21.02295458,NA
807,N,N1p,CONT,15w,NA,NA,NA,NA,NA,NA,NA,NA,NA,NA
808,N,N1p,CONT,15w,NA,NA,NA,NA,NA,NA,NA,NA,NA,NA
809,N,N1p,CONT,15w,67.92908715,85,1,0,0,NA,NA,NA,18.02037466,NA
810,N,N1p,CONT,15w,NA,76.5,1,1,1,NA,NA,NA,NA,NA
811,N,N1p,CONT,15w,86.9203289,65,3,0,0,NA,NA,NA,17.89008022,NA
812,N,N1p,CONT,15w,NA,NA,NA,NA,NA,NA,NA,NA,NA,NA
813,N,N1p,CONT,15w,NA,NA,NA,NA,NA,NA,NA,NA,NA,NA
814,N,N1p,CONT,15w,NA,NA,NA,NA,NA,NA,NA,NA,NA,NA
815,N,N1p,CONT,15w,NA,NA,NA,NA,NA,NA,NA,NA,NA,NA
816,N,N1p,CONT,15w,NA,NA,NA,NA,NA,NA,NA,NA,NA,NA
817,N,N1p,CONT,15w,NA,NA,NA,NA,NA,NA,NA,NA,NA,NA
818,N,N1p,CONT,15w,NA,125,1,3,1,NA,NA,NA,NA,NA
819,N,N1p,CONT,15w,NA,NA,NA,NA,NA,NA,NA,NA,NA,NA
820,N,N1p,CONT,15w,164.1383201,112,4,0,0,NA,NA,NA,26.52614705,NA
821,N,N1p,CONT,15w,NA,NA,NA,NA,NA,NA,NA,NA,NA,NA
822,N,N1p,CONT,15w,NA,NA,NA,NA,NA,NA,NA,NA,NA,NA
823,N,N1p,CONT,15w,9.786767974,66,NA,NA,NA,NA,NA,NA,8.673138834,NA
824,N,N1p,CONT,15w,12.5036173,50,1,0,0,NA,NA,NA,8.579127853,NA
825,N,N1p,CONT,15w,NA,NA,NA,NA,NA,NA,NA,NA,NA,NA
826,N,N1p,CONT,15w,8.042477193,11,1,0,0,NA,NA,NA,4.466126389,NA
827,N,N1p,CONT,15w,NA,NA,NA,NA,NA,NA,NA,NA,NA,NA
828,N,N1p,CONT,15w,NA,NA,NA,NA,NA,NA,NA,NA,NA,NA
829,N,N1p,CONT,15w,NA,NA,NA,NA,NA,NA,NA,NA,NA,NA
830,N,N1p,CONT,15w,NA,NA,NA,NA,NA,NA,NA,NA,NA,NA
831,N,N1p,CONT,15w,62.21138852,118,5,0,0,NA,NA,NA,19.52435221,NA
832,N,N1p,CONT,15w,31.47004047,59,5,0,0,NA,NA,NA,12.3386611,NA
833,N,N1p,CONT,15w,NA,NA,NA,NA,NA,NA,NA,NA,NA,NA
834,N,N1p,CONT,15w,NA,NA,NA,NA,NA,NA,NA,NA,NA,NA
835,N,N1p,CONT,15w,96.24653939,25,13,0,0,NA,NA,NA,13.45399735,NA
836,N,N1p,CONT,15w,NA,NA,NA,NA,NA,NA,NA,NA,NA,NA
837,N,N1p,CONT,15w,NA,NA,NA,NA,NA,NA,NA,NA,NA,NA
838,N,N1p,CONT,15w,NA,NA,NA,NA,NA,NA,NA,NA,NA,NA
839,N,N1p,CONT,15w,NA,NA,NA,NA,NA,NA,NA,NA,NA,NA
840,N,N1p,CONT,15w,NA,NA,NA,NA,NA,NA,NA,NA,NA,NA
841,N,N1p,CONT,15w,NA,NA,NA,NA,NA,NA,NA,NA,NA,NA
842,N,N1p,CONT,15w,NA,NA,NA,NA,NA,NA,NA,NA,NA,NA
843,N,N1p,CONT,15w,NA,NA,NA,NA,NA,NA,NA,NA,NA,NA
844,N,N1p,CONT,15w,NA,NA,NA,NA,NA,NA,NA,NA,NA,NA
845,N,N2,CONT,15w,76.20129331,61.4,2,0,0,NA,NA,NA,16.79843157,NA
846,N,N2,CONT,15w,6.92791866,37.7,2,0,0,NA,NA,NA,6.410529419,NA
847,N,N2,CONT,15w,2.350618163,52.4,1,0,0,NA,NA,NA,4.987872936,NA
848,N,N2,CONT,15w,53.19729526,87.5,1,0,0,NA,NA,NA,16.7696197,NA
849,N,N2,CONT,15w,76.97687399,100.6,NA,NA,NA,NA,NA,NA,19.8757738,NA
850,N,N2,CONT,15w,7.596449576,59.3,1,0,0,NA,NA,NA,7.68994075,NA
851,N,N2,CONT,15w,31.27149181,174.5,1,0,0,NA,NA,NA,17.68374649,NA
852,N,N2,CONT,15w,NA,NA,NA,NA,NA,NA,NA,NA,NA,NA
853,N,N2,CONT,15w,NA,NA,NA,NA,NA,NA,NA,NA,NA,NA
854,N,N2,CONT,15w,NA,NA,NA,NA,NA,NA,NA,NA,NA,NA
855,N,N2,CONT,15w,NA,NA,NA,NA,NA,NA,NA,NA,NA,NA
856,N,N2,CONT,15w,NA,NA,NA,NA,NA,NA,NA,NA,NA,NA
857,N,N2,CONT,15w,NA,NA,NA,NA,NA,NA,NA,NA,NA,NA
858,N,N2,CONT,15w,NA,NA,NA,NA,NA,NA,NA,NA,NA,NA
859,N,N2,CONT,15w,NA,NA,NA,NA,NA,NA,NA,NA,NA,NA
860,N,N2,CONT,15w,63.33482206,10,NA,NA,NA,NA,NA,NA,8.616383193,NA
861,N,N2,CONT,15w,NA,NA,NA,NA,NA,NA,NA,NA,NA,NA
862,N,N2,CONT,15w,45.48405698,74.5,2,0,0,NA,NA,NA,15.08312839,NA
863,N,N2,CONT,15w,NA,NA,NA,NA,NA,NA,NA,NA,NA,NA
864,N,N2,CONT,15w,NA,NA,NA,NA,NA,NA,NA,NA,NA,NA
865,N,N2,CONT,15w,NA,NA,NA,NA,NA,NA,NA,NA,NA,NA
866,N,N2,CONT,15w,NA,NA,NA,NA,NA,NA,NA,NA,NA,NA
867,N,N2,CONT,15w,NA,NA,NA,NA,NA,NA,NA,NA,NA,NA
868,N,N2,CONT,15w,NA,NA,NA,NA,NA,NA,NA,NA,NA,NA
869,N,N2,LMH,15w,96.42050509,201,NA,NA,NA,NA,NA,NA,26.99801373,NA
870,N,N2,LMH,15w,NA,NA,NA,NA,NA,NA,NA,NA,NA,NA
871,N,N2,LMH,15w,NA,NA,NA,NA,NA,NA,NA,NA,NA,NA
872,N,N2,LMH,15w,13.7885287,34.3,1,1,1,NA,NA,NA,7.815968353,NA
873,N,N2,LMH,15w,472.5904897,232.5,NA,0,0,NA,NA,NA,48.18380194,NA
874,N,N2,LMH,15w,NA,NA,NA,NA,NA,NA,NA,NA,NA,NA
875,N,N2,LMH,15w,25.60720026,143.4,1,0,0,NA,NA,NA,15.49320769,NA
876,N,N2,LMH,15w,NA,NA,NA,NA,NA,NA,NA,NA,NA,NA
877,N,N2,LMH,15w,NA,NA,NA,NA,NA,NA,NA,NA,NA,NA
878,N,N2,LMH,15w,6.126891073,39.3,2,0,0,NA,NA,NA,6.238859741,NA
879,N,N2,LMH,15w,8.656972716,112.8,1,0,0,NA,NA,NA,9.956334079,NA
880,N,N2,LMH,15w,6.424242817,72.5,1,0,0,NA,NA,NA,7.7761029,NA
881,N,N2,LMH,15w,NA,NA,NA,NA,NA,NA,NA,NA,NA,NA
882,N,N2,LMH,15w,4.791635655,44.2,1,0,0,NA,NA,NA,5.977243468,NA
883,N,N2,LMH,15w,22.7328786,102,1,2,1,NA,NA,NA,13.28881365,NA
884,N,N2,LMH,15w,228.0494674,228,3,0,0,NA,NA,NA,37.53348511,NA
885,N,N2,LMH,15w,653.3511337,237,3,NA,NA,NA,NA,NA,54.03065299,NA
886,N,N2,LMH,15w,NA,NA,NA,NA,NA,NA,NA,NA,NA,NA
887,N,N2,LMH,15w,NA,NA,NA,NA,NA,NA,NA,NA,NA,NA
888,N,N2,LMH,15w,17.49741444,101,1,0,0,NA,NA,NA,12.1368399,NA
889,N,N2,LMH,15w,113.4746408,157,1,2,1,NA,NA,NA,26.24967725,NA
890,N,N2,LMH,15w,NA,NA,NA,NA,NA,NA,NA,NA,NA,NA
891,N,N2,LMH,15w,144.2010663,25.2,1,5,1,NA,NA,NA,15.4392046,NA
892,N,N2,LMH,15w,101.7125179,138.8,1,3,1,NA,NA,NA,24.28810819,NA
893,N,N2,LMH,15w,NA,NA,NA,NA,NA,NA,NA,NA,NA,NA
894,N,N2,LMH,15w,23.24275909,96,1,NA,NA,NA,NA,NA,13.11935171,NA
895,N,N2,LMH,15w,7.1157859,210,1,2,1,NA,NA,NA,11.47581949,NA
896,N,N2,LMH,15w,NA,NA,NA,NA,NA,NA,NA,NA,NA,NA
897,N,N2,LMH,15w,95.37906712,142.5,1,5,1,NA,NA,NA,23.98206303,NA
898,N,N2,LMH,15w,NA,NA,NA,NA,NA,NA,NA,NA,NA,NA
899,N,N2,LMH,15w,NA,NA,NA,NA,NA,NA,NA,NA,NA,NA
900,N,N2,LMH,15w,NA,NA,NA,NA,NA,NA,NA,NA,NA,NA
901,N,N2,LMH,15w,NA,NA,NA,NA,NA,NA,NA,NA,NA,NA
902,N,N2,MEGA,15w,148.2734343,NA,NA,NA,NA,NA,NA,NA,NA,NA
903,N,N2,MEGA,15w,NA,NA,NA,NA,NA,NA,NA,NA,NA,NA
904,N,N2,MEGA,15w,NA,NA,NA,NA,NA,NA,NA,NA,NA,NA
905,N,N2,MEGA,15w,126.8764394,116,2,1,1,NA,NA,NA,24.6279373,NA
906,N,N2,MEGA,15w,8.295768101,22,2,0,0,NA,NA,NA,5.687551936,NA
907,N,N2,MEGA,15w,84.78538107,31.5,4,0,0,NA,NA,NA,13.93082461,NA
908,N,N2,MEGA,15w,NA,NA,NA,NA,NA,NA,NA,NA,NA,NA
909,N,N2,MEGA,15w,NA,NA,NA,NA,NA,NA,NA,NA,NA,NA
910,N,N2,MEGA,15w,NA,NA,NA,NA,NA,NA,NA,NA,NA,NA
911,N,N2,MEGA,15w,NA,NA,NA,NA,NA,NA,NA,NA,NA,NA
912,N,N2,MEGA,15w,391.8562709,NA,NA,NA,NA,NA,NA,NA,NA,NA
913,N,N2,MEGA,15w,146.5518415,NA,1,0,0,NA,NA,NA,NA,NA
914,N,N2,MEGA,15w,NA,NA,NA,NA,NA,NA,NA,NA,NA,NA
915,N,N2,MEGA,15w,NA,NA,NA,NA,NA,NA,NA,NA,NA,NA
916,N,N2,MEGA,15w,NA,NA,NA,NA,NA,NA,NA,NA,NA,NA
917,N,N2,MEGA,15w,NA,NA,NA,NA,NA,NA,NA,NA,NA,NA
918,N,N2,MEGA,15w,NA,NA,NA,NA,NA,NA,NA,NA,NA,NA
919,N,N2,MEGA,15w,9.786767974,80,1,1,1,NA,NA,NA,9.248430715,NA
920,N,N2,MEGA,15w,4.791635655,54,1,0,0,NA,NA,NA,6.390521111,NA
921,N,N2,MEGA,15w,2.010619298,15.3,1,0,0,NA,NA,NA,3.1388757,NA
922,N,N2,MEGA,15w,4.411502944,16.5,2,0,0,NA,NA,NA,4.184562009,NA
923,N,N2,MEGA,15w,7.163145409,13.5,1,0,0,NA,NA,NA,4.600827376,NA
924,N,N2,MEGA,15w,6.069871166,67.6,1,0,0,NA,NA,NA,7.453993948,NA
925,N,N2,MEGA,15w,NA,NA,NA,NA,NA,NA,NA,NA,NA,NA
926,N,N2,MEGA,15w,8.398184021,60.1,1,0,0,NA,NA,NA,7.98754449,NA
927,N,N2,MEGA,15w,4.948086969,54,1,0,0,NA,NA,NA,6.459436679,NA
928,N,N2,MEGA,15w,17.57163457,76,1,0,0,NA,NA,NA,11.05315875,NA
929,N,N2,MEGA,15w,NA,NA,NA,NA,NA,NA,NA,NA,NA,NA
930,N,N2,MEGA,15w,NA,NA,NA,NA,NA,NA,NA,NA,NA,NA
931,N,N2,MEGA,15w,NA,NA,NA,NA,NA,NA,NA,NA,NA,NA
932,N,N2,MEGA,15w,71.03148844,70.3,1,0,0,NA,NA,NA,17.16755649,NA
933,N,N2,MEGA,15w,43.82592438,179,1,0,0,NA,NA,NA,19.96191645,NA
934,N,N2,MEGA,15w,290.5429709,400,3,NA,NA,NA,NA,NA,49.09467991,NA
935,N,N2,MEGA,15w,21.97866074,350,1,NA,NA,NA,NA,NA,19.83168257,NA
936,N,N2,MEGA,15w,96.76890771,400,1,NA,NA,NA,NA,NA,34.01184041,NA
937,N,N2,MEGA,15w,6.742564693,86.5,1,0,0,NA,NA,NA,8.382484817,NA
938,N,N2,MEGA,15w,NA,NA,NA,NA,NA,NA,NA,NA,NA,NA
939,N,N2,MESO,15w,54.75992345,193,1,0,0,NA,NA,NA,22.05028948,NA
940,N,N2,MESO,15w,54.10607948,191,2,0,0,NA,NA,NA,21.88579726,NA
941,N,N2,MESO,15w,NA,NA,NA,NA,NA,NA,NA,NA,NA,NA
942,N,N2,MESO,15w,50.89576448,NA,NA,NA,NA,NA,NA,NA,NA,NA
943,N,N2,MESO,15w,11.34114948,75.2,3,0,0,NA,NA,NA,9.516320789,NA
944,N,N2,MESO,15w,NA,NA,NA,NA,NA,NA,NA,NA,NA,NA
945,N,N2,MESO,15w,46.14693303,171.5,2,0,0,NA,NA,NA,20.0206645,NA
946,N,N2,MESO,15w,24.6300864,113,1,1,1,NA,NA,NA,14.12397719,NA
947,N,N2,MESO,15w,82.83822195,224,1,0,0,NA,NA,NA,26.60887546,NA
948,N,N2,MESO,15w,346.0308014,237,2,0,0,NA,NA,NA,43.70059004,NA
949,N,N2,MESO,15w,57.68348957,210,1,1,1,NA,NA,NA,23.07783497,NA
950,N,N2,MESO,15w,45.48405698,186.11,1,0,0,NA,NA,NA,20.47548494,NA
951,N,N2,MESO,15w,NA,NA,NA,NA,NA,NA,NA,NA,NA,NA
952,N,N2,MESO,15w,99.40195505,236,1,0,0,NA,NA,NA,28.77542349,NA
953,N,N2,MESO,15w,NA,NA,NA,NA,NA,NA,NA,NA,NA,NA
954,N,N2,MESO,15w,261.300084,242.5,2,6,1,NA,NA,NA,40.09519147,NA
955,N,N2,MESO,15w,27.43246559,NA,NA,NA,NA,NA,NA,NA,NA,NA
956,N,N2,MESO,15w,3.940813825,NA,NA,NA,NA,NA,NA,NA,NA,NA
957,N,N2,MESO,15w,NA,NA,NA,NA,NA,NA,NA,NA,NA,NA
958,N,N2,MESO,15w,NA,NA,NA,NA,NA,NA,NA,NA,NA,NA
959,N,N2,MESO,15w,NA,NA,NA,NA,NA,NA,NA,NA,NA,NA
960,N,N2,MESO,15w,NA,NA,NA,NA,NA,NA,NA,NA,NA,NA
961,N,N2,MESO,15w,106.0479158,167,2,3,1,NA,NA,NA,26.19767105,NA
962,N,N2,MESO,15w,187.2338956,205,2,0,0,NA,NA,NA,33.91634794,NA
963,N,N2,MESO,15w,NA,NA,NA,NA,NA,NA,NA,NA,NA,NA
964,N,N2,MESO,15w,38.92558962,157,1,2,1,NA,NA,NA,18.36523868,NA
965,N,N2,MESO,15w,128.6796351,219,1,0,0,NA,NA,NA,30.59227548,NA
966,N,N2,MESO,15w,36.63796038,104,1,0,0,NA,NA,NA,15.68558584,NA
967,N,N2,MESO,15w,13.65721012,56.2,NA,NA,NA,NA,NA,NA,9.187272703,NA
968,N,N2,MESO,15w,NA,NA,NA,NA,NA,NA,NA,NA,NA,NA
969,N,N2,MESO,15w,NA,NA,NA,NA,NA,NA,NA,NA,NA,NA
970,N,N2,MESO,15w,39.3691825,114.4,1,1,1,NA,NA,NA,16.58609341,NA
971,N,N2,MESO,15w,94.86046871,162,1,0,0,NA,NA,NA,24.98569762,NA
972,N,N2,MESO,15w,NA,NA,NA,NA,NA,NA,NA,NA,NA,NA
973,N,N2,MESO,15w,41.28249096,182.5,1,0,0,NA,NA,NA,19.69433859,NA
974,N,N2,MESO,15w,3.268512997,30,2,0,0,NA,NA,NA,4.622217322,NA
975,N,N2,MESO,15w,54.10607948,155,1,0,0,NA,NA,NA,20.41181993,NA
976,N,N2,MESO,15w,43.24119544,179.4,1,0,0,NA,NA,NA,19.88741782,NA
977,N,N2,MESO,15w,107.5131546,239,1,0,0,NA,NA,NA,29.6637672,NA
978,N,N2,MESO,15w,72.081016,91.6,3,0,0,NA,NA,NA,18.84550274,NA
979,N,N2p,CONT,15w,NA,NA,NA,NA,NA,NA,NA,NA,NA,NA
980,N,N2p,CONT,15w,NA,NA,NA,NA,NA,NA,NA,NA,NA,NA
981,N,N2p,CONT,15w,NA,NA,NA,NA,NA,NA,NA,NA,NA,NA
982,N,N2p,CONT,15w,NA,NA,NA,NA,NA,NA,NA,NA,NA,NA
983,N,N2p,CONT,15w,39.06020686,29,2,0,0,NA,NA,NA,10.46209074,NA
984,N,N2p,CONT,15w,NA,NA,NA,NA,NA,NA,NA,NA,NA,NA
985,N,N2p,CONT,15w,30.09339457,46,1,2,1,NA,NA,NA,11.18653371,NA
986,N,N2p,CONT,15w,95.72558479,57,NA,NA,NA,NA,NA,NA,17.68318716,NA
987,N,N2p,CONT,15w,NA,NA,NA,NA,NA,NA,NA,NA,NA,NA
988,N,N2p,CONT,15w,NA,NA,NA,NA,NA,NA,NA,NA,NA,NA
989,N,N2p,CONT,15w,NA,NA,NA,NA,NA,NA,NA,NA,NA,NA
990,N,N2p,CONT,15w,NA,NA,NA,NA,NA,NA,NA,NA,NA,NA
991,N,N2p,CONT,15w,NA,NA,NA,NA,NA,NA,NA,NA,NA,NA
992,N,N2p,CONT,15w,24.45447137,12,NA,NA,NA,NA,NA,NA,6.664769123,NA
993,N,N2p,CONT,15w,43.1247209,11,NA,NA,NA,NA,NA,NA,7.823824697,NA
994,N,N2p,CONT,15w,NA,NA,NA,NA,NA,NA,NA,NA,NA,NA
995,N,N2p,CONT,15w,NA,NA,NA,NA,NA,NA,NA,NA,NA,NA
996,N,N2p,CONT,15w,79.327178,36,NA,NA,NA,NA,NA,NA,14.24588648,NA
997,N,N2p,CONT,15w,25.33882971,22,1,0,0,NA,NA,NA,8.256931035,NA
998,N,N2p,CONT,15w,NA,NA,NA,NA,NA,NA,NA,NA,NA,NA
999,N,N2p,CONT,15w,71.93061225,18,1,0,0,NA,NA,NA,10.93955482,NA
1000,N,N2p,CONT,15w,53.4561625,91.4,NA,NA,NA,NA,NA,NA,17.04313637,NA
1001,N,N2p,CONT,15w,25.07187287,46,NA,NA,NA,NA,NA,NA,10.52510733,NA
1002,N,N2p,CONT,15w,NA,NA,NA,NA,NA,NA,NA,NA,NA,NA
1003,N,N2p,CONT,15w,NA,NA,NA,NA,NA,NA,NA,NA,NA,NA
1004,N,N3,CONT,15w,15.27450202,32.5,3,0,0,NA,NA,NA,7.943399919,NA
1005,N,N3,CONT,15w,15.41461705,13,2,0,0,NA,NA,NA,5.867844159,NA
1006,N,N3,CONT,15w,17.19401513,21,3,0,0,NA,NA,NA,7.142505041,NA
1007,N,N3,CONT,15w,19.87128039,83,NA,NA,NA,NA,NA,NA,11.86022863,NA
1008,N,N3,CONT,15w,NA,NA,NA,NA,NA,NA,NA,NA,NA,NA
1009,N,N3,CONT,15w,1.743662463,47,NA,NA,NA,NA,NA,NA,4.353512562,NA
1010,N,N3,CONT,15w,NA,NA,NA,NA,NA,NA,NA,NA,NA,NA
1011,N,N3,CONT,15w,NA,NA,NA,NA,NA,NA,NA,NA,NA,NA
1012,N,N3,CONT,15w,NA,NA,NA,NA,NA,NA,NA,NA,NA,NA
1013,N,N3,CONT,15w,110.1015128,74,1,0,0,NA,NA,NA,20.21580338,NA
1014,N,N3,CONT,15w,25.07187287,46,1,0,0,NA,NA,NA,10.52510733,NA
1015,N,N3,CONT,15w,NA,NA,NA,NA,NA,NA,NA,NA,NA,NA
1016,N,N3,CONT,15w,69.98965777,84,NA,NA,NA,NA,NA,NA,18.1292849,NA
1017,N,N3,CONT,15w,16.33125525,46,3,0,0,NA,NA,NA,9.12168002,NA
1018,N,N3,CONT,15w,122.1301213,69,2,0,0,NA,NA,NA,20.44470489,NA
1019,N,N3,CONT,15w,11.22208312,119,1,1,1,NA,NA,NA,11.05311361,NA
1020,N,N3,CONT,15w,17.57163457,59,1,0,0,NA,NA,NA,10.15724354,NA
1021,N,N3,CONT,15w,NA,NA,NA,NA,NA,NA,NA,NA,NA,NA
1022,N,N3,CONT,15w,80.94509822,79,2,0,0,NA,NA,NA,18.64522609,NA
1023,N,N3,CONT,15w,55.94673861,97,2,0,0,NA,NA,NA,17.65118515,NA
1024,N,N3,CONT,15w,NA,NA,NA,NA,NA,NA,NA,NA,NA,NA
1025,N,N3,CONT,15w,86.26059445,61,1,0,0,NA,NA,NA,17.47024057,NA
1026,N,N3,CONT,15w,6.788667565,11.5,3,0,0,NA,NA,NA,4.283541437,NA
1027,N,N3,CONT,15w,NA,NA,NA,NA,NA,NA,NA,NA,NA,NA
1028,N,N3,CONT,15w,NA,NA,NA,NA,NA,NA,NA,NA,NA,NA
1029,N,N3,CONT,15w,NA,NA,NA,NA,NA,NA,NA,NA,NA,NA
1030,N,N3,CONT,15w,NA,NA,NA,NA,NA,NA,NA,NA,NA,NA
1031,N,N3,CONT,15w,NA,NA,NA,NA,NA,NA,NA,NA,NA,NA
1032,N,N3,CONT,15w,NA,NA,NA,NA,NA,NA,NA,NA,NA,NA
1033,N,N3,CONT,15w,35.56597043,36,3,0,0,NA,NA,NA,10.89885271,NA
1034,N,N3,CONT,15w,NA,NA,NA,NA,NA,NA,NA,NA,NA,NA
1035,N,N3,CONT,15w,52.29620795,67,1,0,0,NA,NA,NA,15.25253729,NA
1036,N,N3,CONT,15w,20.34817416,57,NA,NA,NA,NA,NA,NA,10.54499464,NA
1037,N,N3,CONT,15w,34.52366853,55,1,0,0,NA,NA,NA,12.43129835,NA
1038,N,N3,CONT,15w,27.61844788,40,NA,NA,NA,NA,NA,NA,10.37500828,NA
1039,N,N3,CONT,15w,17.05539236,105,1,0,0,NA,NA,NA,12.19065883,NA
1040,N,N3,CONT,15w,29.70572204,88.5,1,0,0,NA,NA,NA,13.85768161,NA
1041,N,N3,CONT,15w,34.10834998,54,1,0,0,NA,NA,NA,12.30555729,NA
1042,N,N3,CONT,15w,32.37128486,55.5,3,0,0,NA,NA,NA,12.20380339,NA
1043,N,N3,CONT,15w,NA,NA,NA,NA,NA,NA,NA,NA,NA,NA
1044,N,N3,CONT,15w,40.03928421,64,1,0,0,NA,NA,NA,13.73976,NA
1045,N,N3,CONT,15w,27.24711162,52,1,0,0,NA,NA,NA,11.27367924,NA
1046,N,N3,CONT,15w,25.51758633,66,1,0,0,NA,NA,NA,11.94329802,NA
1047,N,N3,CONT,15w,28.18016464,87,1,0,0,NA,NA,NA,13.53842306,NA
1048,N,N3,CONT,15w,NA,NA,NA,NA,NA,NA,NA,NA,NA,NA
1049,N,N3,CONT,15w,27.80505848,65,NA,NA,NA,NA,NA,NA,12.22807097,NA
1050,N,N3,CONT,15w,NA,NA,NA,NA,NA,NA,NA,NA,NA,NA
1051,N,N3,CONT,15w,20.99282897,76,1,0,0,NA,NA,NA,11.72949101,NA
1052,N,N3,CONT,15w,79.327178,60,1,0,0,NA,NA,NA,16.89481413,NA
1053,N,N3,CONT,15w,143.3509513,139,2,2,1,NA,NA,NA,27.24925701,NA
1054,N,N3,CONT,15w,125.6813776,30.5,3,0,0,NA,NA,NA,15.71704157,NA
1055,N,N3,CONT,15w,NA,NA,NA,NA,NA,NA,NA,NA,NA,NA
1056,N,N3,LMH,15w,20.91169734,35,1,0,0,NA,NA,NA,9.042648341,NA
1057,N,N3,LMH,15w,51.65728654,94.3,3,5,1,NA,NA,NA,17.02610411,NA
1058,N,N3,LMH,15w,90.58067704,138,NA,NA,NA,NA,NA,NA,23.32115413,NA
1059,N,N3,LMH,15w,NA,NA,NA,NA,NA,NA,NA,NA,NA,NA
1060,N,N3,LMH,15w,NA,NA,NA,NA,NA,NA,NA,NA,NA,NA
1061,N,N3,LMH,15w,NA,NA,NA,NA,NA,NA,NA,NA,NA,NA
1062,N,N3,LMH,15w,24.98320142,71,1,0,0,NA,NA,NA,12.15188122,NA
1063,N,N3,LMH,15w,195.0222965,134,3,1,1,NA,NA,NA,29.8313748,NA
1064,N,N3,LMH,15w,NA,NA,NA,NA,NA,NA,NA,NA,NA,NA
1065,N,N3,LMH,15w,46.68728696,179,NA,NA,NA,NA,NA,NA,20.38788818,NA
1066,N,N3,LMH,15w,184.0942664,255,1,0,0,NA,NA,NA,36.27450753,NA
1067,N,N3,LMH,15w,NA,NA,NA,NA,NA,NA,NA,NA,NA,NA
1068,N,N3,LMH,15w,52.16810951,238,1,0,0,NA,NA,NA,23.26863979,NA
1069,N,N3,LMH,15w,11.70211848,90,1,0,0,NA,NA,NA,10.21081329,NA
1070,N,N3,LMH,15w,NA,NA,NA,NA,NA,NA,NA,NA,NA,NA
1071,N,N3,LMH,15w,162.182286,276,2,0,0,NA,NA,NA,35.7027408,NA
1072,N,N3,LMH,15w,45.96346402,54,2,0,0,NA,NA,NA,13.5941507,NA
1073,N,N3,LMH,15w,22.47157663,73,2,0,0,NA,NA,NA,11.83884508,NA
1074,N,N3,LMH,15w,26.7864756,173,1,1,1,NA,NA,NA,16.74468212,NA
1075,N,N3,LMH,15w,NA,NA,NA,NA,NA,NA,NA,NA,NA,NA
1076,N,N3,LMH,15w,NA,NA,NA,NA,NA,NA,NA,NA,NA,NA
1077,N,N3,LMH,15w,11.40091828,62,1,0,0,NA,NA,NA,8.938114411,NA
1078,N,N3,LMH,15w,9.025874234,139,1,0,0,NA,NA,NA,10.82509879,NA
1079,N,N3,LMH,15w,NA,NA,NA,NA,NA,NA,NA,NA,NA,NA
1080,N,N3,LMH,15w,NA,NA,NA,NA,NA,NA,NA,NA,NA,NA
1081,N,N3,LMH,15w,21.97866074,138.5,1,0,0,NA,NA,NA,14.55277905,NA
1082,N,N3,LMH,15w,12.75557303,50,2,0,0,NA,NA,NA,8.636458819,NA
1083,N,N3,LMH,15w,22.48005893,83,1,0,0,NA,NA,NA,12.35884465,NA
1084,N,N3,LMH,15w,20.99282897,70.5,3,0,0,NA,NA,NA,11.43898591,NA
1085,N,N3,LMH,15w,39.30265927,103,2,0,0,NA,NA,NA,16.00586473,NA
1086,N,N3,LMH,15w,NA,NA,NA,NA,NA,NA,NA,NA,NA,NA
1087,N,N3,LMH,15w,52.04016815,175,NA,NA,NA,NA,NA,NA,20.98133767,NA
1088,N,N3,LMH,15w,NA,NA,NA,NA,NA,NA,NA,NA,NA,NA
1089,N,N3,LMH,15w,NA,NA,NA,NA,NA,NA,NA,NA,NA,NA
1090,N,N3,LMH,15w,24.89468705,29,2,0,0,NA,NA,NA,9.001364609,NA
1091,N,N3,LMH,15w,3.07907496,47,1,0,0,NA,NA,NA,5.263642461,NA
1092,N,N3,LMH,15w,NA,NA,NA,NA,NA,NA,NA,NA,NA,NA
1093,N,N3,LMH,15w,3.83596317,32,1,1,1,NA,NA,NA,4.982167122,NA
1094,N,N3,LMH,15w,12.81895466,92,1,0,0,NA,NA,NA,10.60384753,NA
1095,N,N3,LMH,15w,242.1803511,220,NA,NA,NA,NA,NA,NA,37.84050411,NA
1096,N,N3,LMH,15w,51.5299735,123,1,1,1,NA,NA,NA,18.59008875,NA
1097,N,N3,LMH,15w,101.7125179,NA,NA,NA,NA,NA,NA,NA,NA,NA
1098,N,N3,LMH,15w,64.46830869,205,1,3,1,NA,NA,NA,23.75879092,NA
1099,N,N3,LMH,15w,88.24733764,255,1,0,0,NA,NA,NA,28.37858256,NA
1100,N,N3,LMH,15w,NA,NA,NA,NA,NA,NA,NA,NA,NA,NA
1101,N,N3,MEGA,15w,3.940813825,34,2,NA,NA,NA,NA,NA,5.130008004,NA
1102,N,N3,MEGA,15w,NA,NA,NA,NA,NA,NA,NA,NA,NA,NA
1103,N,N3,MEGA,15w,NA,NA,NA,NA,NA,NA,NA,NA,NA,NA
1104,N,N3,MEGA,15w,8.656972716,104,1,0,0,NA,NA,NA,9.689975755,NA
1105,N,N3,MEGA,15w,4.637697615,32.4,2,0,0,NA,NA,NA,5.330131274,NA
1106,N,N3,MEGA,15w,3.596809429,26.5,2,0,0,NA,NA,NA,4.578690556,NA
1107,N,N3,MEGA,15w,NA,NA,NA,NA,NA,NA,NA,NA,NA,NA
1108,N,N3,MEGA,15w,NA,NA,NA,NA,NA,NA,NA,NA,NA,NA
1109,N,N3,MEGA,15w,7.596449576,29.3,1,0,0,NA,NA,NA,6.077189891,NA
1110,N,N3,MEGA,15w,NA,NA,NA,NA,NA,NA,NA,NA,NA,NA
1111,N,N3,MEGA,15w,NA,NA,NA,NA,NA,NA,NA,NA,NA,NA
1112,N,N3,MEGA,15w,4.869547153,63,1,0,0,NA,NA,NA,6.764332065,NA
1113,N,N3,MEGA,15w,102.2911207,332,3,0,0,NA,NA,NA,32.55823903,NA
1114,N,N3,MEGA,15w,NA,NA,1,0,0,NA,NA,NA,NA,NA
1115,N,N3,MEGA,15w,NA,NA,2,NA,NA,NA,NA,NA,NA,NA
1116,N,N3,MEGA,15w,NA,NA,NA,NA,NA,NA,NA,NA,NA,NA
1117,N,N3,MEGA,15w,NA,NA,NA,NA,NA,NA,NA,NA,NA,NA
1118,N,N3,MEGA,15w,NA,NA,NA,NA,NA,NA,NA,NA,NA,NA
1119,N,N3,MEGA,15w,52.60290593,249,2,0,0,NA,NA,NA,23.68783187,NA
1120,N,N3,MEGA,15w,54.38238255,304,3,NA,NA,NA,NA,NA,25.6026556,NA
1121,N,N3,MEGA,15w,NA,NA,NA,NA,NA,NA,NA,NA,NA,NA
1122,N,N3,MEGA,15w,72.53316973,30.5,2,0,0,NA,NA,NA,13.08186462,NA
1123,N,N3,MEGA,15w,239.978723,196,2,2,1,NA,NA,NA,36.29817174,NA
1124,N,N3,MEGA,15w,47.66118069,132,1,3,1,NA,NA,NA,18.54404045,NA
1125,N,N3,MEGA,15w,NA,NA,NA,NA,NA,NA,NA,NA,NA,NA
1126,N,N3,MEGA,15w,4.047078196,14.4,2,0,0,NA,NA,NA,3.885182475,NA
1127,N,N3,MEGA,15w,NA,NA,NA,NA,NA,NA,NA,NA,NA,NA
1128,N,N3,MEGA,15w,2.460573906,15,1,0,0,NA,NA,NA,3.335674716,NA
1129,N,N3,MEGA,15w,83.21654824,255,7,NA,1,NA,NA,NA,27.82788851,NA
1130,N,N3,MEGA,15w,2.83528737,8.81,1,0,0,NA,NA,NA,2.928047152,NA
1131,N,N3,MEGA,15w,NA,NA,NA,NA,NA,NA,NA,NA,NA,NA
1132,N,N3,MEGA,15w,19.71357244,23.3,4,0,0,NA,NA,NA,7.740089564,NA
1133,N,N3,MEGA,15w,26.97025877,23.2,8,0,0,NA,NA,NA,8.581551304,NA
1134,N,N3,MEGA,15w,NA,NA,NA,NA,NA,NA,NA,NA,NA,NA
1135,N,N3,MEGA,15w,18.09557368,29.7,5,0,0,NA,NA,NA,8.156747063,NA
1136,N,N3,MEGA,15w,23.16178454,18.9,4,0,0,NA,NA,NA,7.616803327,NA
1137,N,N3,MEGA,15w,28.27433388,16.9,5,0,0,NA,NA,NA,7.842853595,NA
1138,N,N3,MEGA,15w,20.74990532,36.6,3,0,0,NA,NA,NA,9.154835293,NA
1139,N,N3,MEGA,15w,23.32828895,18.9,4,0,0,NA,NA,NA,7.635039735,NA
1140,N,N3,MEGA,15w,40.26956295,33,5,0,0,NA,NA,NA,11.03503396,NA
1141,N,N3,MESO,15w,72.29323059,16,4,0,0,NA,NA,NA,10.53541203,NA
1142,N,N3,MESO,15w,24.71812954,50.4,11,0,0,NA,NA,NA,10.79968229,NA
1143,N,N3,MESO,15w,18.17105045,25.7,3,0,0,NA,NA,NA,7.782999355,NA
1144,N,N3,MESO,15w,14.65741468,53,2,1,1,NA,NA,NA,9.2243184,NA
1145,N,N3,MESO,15w,19.63495408,46.3,4,1,1,NA,NA,NA,9.721397295,NA
1146,N,N3,MESO,15w,11.28153776,62,1,0,0,NA,NA,NA,8.906759163,NA
1147,N,N3,MESO,15w,26.74909065,73,3,0,0,NA,NA,NA,12.54797097,NA
1148,N,N3,MESO,15w,33.35562438,45.4,5,0,0,NA,NA,NA,11.52694645,NA
1149,N,N3,MESO,15w,35.97194274,94.3,5,1,1,NA,NA,NA,15.08846424,NA
1150,N,N3,MESO,15w,57.8521931,93,13,1,1,NA,NA,NA,17.60046045,NA
1151,N,N3,MESO,15w,72.53316973,31,1,0,0,NA,NA,NA,13.15307335,NA
1152,N,N3,MESO,15w,NA,NA,NA,NA,NA,NA,NA,NA,NA,NA
1153,N,N3,MESO,15w,14.11957402,74.8,2,1,1,NA,NA,NA,10.2203639,NA
1154,N,N3,MESO,15w,NA,NA,NA,NA,NA,NA,NA,NA,NA,NA
1155,N,N3,MESO,15w,24.80632975,64,4,0,0,NA,NA,NA,11.7101926,NA
1156,N,N3,MESO,15w,24.71812954,100.4,1,1,1,NA,NA,NA,13.59355303,NA
1157,N,N3,MESO,15w,38.26491268,175,4,3,1,NA,NA,NA,18.93440595,NA
1158,N,N3,MESO,15w,NA,NA,NA,NA,NA,NA,NA,NA,NA,NA
1159,N,N3,MESO,15w,44.88833247,123,1,0,0,NA,NA,NA,17.75313644,NA
1160,N,N3,MESO,15w,50.76813728,116.9,2,0,0,NA,NA,NA,18.18641002,NA
1161,N,N3,MESO,15w,96.07273078,312,2,7,1,NA,NA,NA,31.22908029,NA
1162,N,N3,MESO,15w,19.08902382,130,3,3,1,NA,NA,NA,13.59332058,NA
1163,N,N3,MESO,15w,58.62965874,NA,NA,NA,NA,NA,NA,NA,NA,NA
1164,N,N3,MESO,15w,45.72344634,160,1,5,1,NA,NA,NA,19.50195769,NA
1165,N,N3,MESO,15w,116.5157025,262,2,NA,1,NA,NA,NA,31.42005607,NA
1166,N,N3,MESO,15w,32.87747398,288.9,1,NA,NA,NA,NA,NA,21.27807517,NA
1167,N,N3,MESO,15w,77.91275445,326.5,1,NA,1,NA,NA,NA,29.56433618,NA
1168,N,N3,MESO,15w,84.29647072,213.5,1,5,1,NA,NA,NA,26.33879132,NA
1169,N,N3,MESO,15w,NA,NA,NA,NA,NA,NA,NA,NA,NA,NA
1170,S,S1,CONT,15w,35.36184545,65.4,2,1,1,NA,NA,NA,13.27715355,NA
1171,S,S1,CONT,15w,NA,NA,NA,NA,NA,NA,NA,NA,NA,NA
1172,S,S1,CONT,15w,NA,NA,NA,NA,NA,NA,NA,NA,NA,NA
1173,S,S1,CONT,15w,33.59273609,47,2,0,0,NA,NA,NA,11.68861493,NA
1174,S,S1,CONT,15w,31.86902274,27.2,1,0,0,NA,NA,NA,9.568127612,NA
1175,S,S1,CONT,15w,NA,NA,NA,NA,NA,NA,NA,NA,NA,NA
1176,S,S1,CONT,15w,12.31629984,49.2,1,0,0,NA,NA,NA,8.490163293,NA
1177,S,S1,CONT,15w,NA,120.1,NA,NA,NA,NA,NA,NA,NA,NA
1178,S,S1,CONT,15w,NA,NA,NA,NA,NA,NA,NA,NA,NA,NA
1179,S,S1,CONT,15w,30.28817331,86.8,2,0,0,NA,NA,NA,13.85778199,NA
1180,S,S1,CONT,15w,NA,NA,NA,NA,NA,NA,NA,NA,NA,NA
1181,S,S1,CONT,15w,NA,NA,NA,NA,NA,NA,NA,NA,NA,NA
1182,S,S1,CONT,15w,NA,NA,NA,NA,NA,NA,NA,NA,NA,NA
1183,S,S1,CONT,15w,12.94618917,65.8,1,0,0,NA,NA,NA,9.5126121,NA
1184,S,S1,CONT,15w,20.99282897,90.1,1,1,1,NA,NA,NA,12.41521749,NA
1185,S,S1,CONT,15w,21.23716634,73.8,1,1,1,NA,NA,NA,11.65998446,NA
1186,S,S1,CONT,15w,NA,NA,NA,NA,NA,NA,NA,NA,NA,NA
1187,S,S1,CONT,15w,13.26702432,29.1,2,0,0,NA,NA,NA,7.303911659,NA
1188,S,S1,CONT,15w,NA,NA,NA,NA,NA,NA,NA,NA,NA,NA
1189,S,S1,CONT,15w,27.43246559,35.6,5,0,0,NA,NA,NA,9.956637875,NA
1190,S,S1,CONT,15w,NA,NA,NA,NA,NA,NA,NA,NA,NA,NA
1191,S,S1,CONT,15w,NA,NA,NA,NA,NA,NA,NA,NA,NA,NA
1192,S,S1,CONT,15w,8.919688402,29.8,NA,NA,NA,NA,NA,NA,6.448199001,NA
1193,S,S1,CONT,15w,NA,NA,NA,NA,NA,NA,NA,NA,NA,NA
1194,S,S1,CONT,15w,4.337361357,10.4,1,0,0,NA,NA,NA,3.566747485,NA
1195,S,S1,CONT,15w,NA,NA,NA,NA,NA,NA,NA,NA,NA,NA
1196,S,S1,CONT,15w,NA,NA,NA,NA,NA,NA,NA,NA,NA,NA
1197,S,S1,CONT,15w,32.37128486,57.8,5,0,0,NA,NA,NA,12.3703668,NA
1198,S,S1,CONT,15w,NA,NA,NA,NA,NA,NA,NA,NA,NA,NA
1199,S,S1,CONT,15w,33.08104918,10.9,1,1,1,NA,NA,NA,7.139261814,NA
1200,S,S1,CONT,15w,39.1470719,39.6,6,0,0,NA,NA,NA,11.6174113,NA
1201,S,S1,CONT,15w,11.88472355,32.3,4,0,0,NA,NA,NA,7.290029181,NA
1202,S,S1,LMH,15w,NA,NA,NA,NA,NA,NA,NA,NA,NA,NA
1203,S,S1,LMH,15w,192.6075898,239,2,2,1,NA,NA,NA,36.03800631,NA
1204,S,S1,LMH,15w,151.3104119,394,1,NA,NA,NA,NA,NA,39.28709225,NA
1205,S,S1,LMH,15w,141.2366595,400,1,NA,NA,NA,NA,NA,38.58797403,NA
1206,S,S1,LMH,15w,223.5205474,235,NA,NA,NA,NA,NA,NA,37.66127102,NA
1207,S,S1,LMH,15w,260.0912777,305,4,NA,NA,NA,NA,NA,43.21826881,NA
1208,S,S1,LMH,15w,170.1788174,243,4,1,1,NA,NA,NA,34.7709788,NA
1209,S,S1,LMH,15w,97.64266317,398,5,NA,NA,NA,NA,NA,34.05701982,NA
1210,S,S1,LMH,15w,NA,NA,NA,NA,NA,NA,NA,NA,NA,NA
1211,S,S1,LMH,15w,419.9712475,400,NA,NA,NA,NA,NA,NA,55.52049217,NA
1212,S,S1,LMH,15w,157.47673,400,NA,NA,NA,NA,NA,NA,40.01590655,NA
1213,S,S1,LMH,15w,147.6266589,324,NA,NA,NA,NA,NA,NA,36.50190256,NA
1214,S,S1,LMH,15w,162.634047,400,NA,NA,NA,NA,NA,NA,40.44873101,NA
1215,S,S1,LMH,15w,181.4583917,NA,NA,NA,NA,NA,NA,NA,NA,NA
1216,S,S1,LMH,15w,133.345607,400,NA,NA,NA,NA,NA,NA,37.85438535,NA
1217,S,S1,LMH,15w,NA,NA,NA,NA,NA,NA,NA,NA,NA,NA
1218,S,S1,LMH,15w,NA,NA,NA,NA,NA,NA,NA,NA,NA,NA
1219,S,S1,LMH,15w,312.5904325,400,NA,NA,NA,NA,NA,NA,50.30825376,NA
1220,S,S1,LMH,15w,34.62789086,163.2,1,10,1,NA,NA,NA,17.89161336,NA
1221,S,S1,LMH,15w,NA,NA,NA,NA,NA,NA,NA,NA,NA,NA
1222,S,S1,LMH,15w,NA,NA,NA,NA,NA,NA,NA,NA,NA,NA
1223,S,S1,LMH,15w,4.869547153,39.4,2,0,0,NA,NA,NA,5.783246917,NA
1224,S,S1,LMH,15w,4.561671073,35.8,1,6,1,NA,NA,NA,5.480368092,NA
1225,S,S1,LMH,15w,NA,NA,NA,NA,NA,NA,NA,NA,NA,NA
1226,S,S1,LMH,15w,113.0973355,149,2,2,1,NA,NA,NA,25.76666663,NA
1227,S,S1,LMH,15w,150.6125071,350,3,NA,NA,NA,NA,NA,37.70599085,NA
1228,S,S1,LMH,15w,76.8214437,163,2,0,0,NA,NA,NA,23.33470073,NA
1229,S,S1,LMH,15w,7.306166415,45,1,0,0,NA,NA,NA,6.922528255,NA
1230,S,S1,LMH,15w,59.85747169,172,1,0,0,NA,NA,NA,21.85834741,NA
1231,S,S1,LMH,15w,85.29125603,116,NA,NA,NA,NA,NA,NA,21.5698426,NA
1232,S,S1,LMH,15w,101.8913531,NA,NA,NA,NA,NA,NA,NA,NA,NA
1233,S,S1,LMH,15w,103.6883441,179,1,0,0,NA,NA,NA,26.61100657,NA
1234,S,S1,LMH,15w,4.752915526,12,4,0,0,NA,NA,NA,3.857320093,NA
1235,S,S1,LMH,15w,17.34944543,56,2,1,1,NA,NA,NA,9.939498774,NA
1236,S,S1,LMH,15w,3.596809429,14,1,0,0,NA,NA,NA,3.700205426,NA
1237,S,S1,LMH,15w,22.06183441,70,1,1,1,NA,NA,NA,11.60264245,NA
1238,S,S1,LMH,15w,NA,NA,NA,NA,NA,NA,NA,NA,NA,NA
1239,S,S1,LMH,15w,461.2820128,200,NA,NA,NA,NA,NA,NA,45.45253698,NA
1240,S,S1,LMH,15w,378.751667,214,NA,NA,NA,NA,NA,NA,43.52977429,NA
1241,S,S1,MEGA,15w,80.27719562,281,1,0,0,NA,NA,NA,28.40164432,NA
1242,S,S1,MEGA,15w,63.61725124,274,NA,NA,NA,NA,NA,NA,26.05922024,NA
1243,S,S1,MEGA,15w,NA,NA,NA,NA,NA,NA,NA,NA,NA,NA
1244,S,S1,MEGA,15w,69.10278617,250,1,0,0,NA,NA,NA,25.98141375,NA
1245,S,S1,MEGA,15w,21.31892629,120,1,0,0,NA,NA,NA,13.73216061,NA
1246,S,S1,MEGA,15w,NA,NA,NA,NA,NA,NA,NA,NA,NA,NA
1247,S,S1,MEGA,15w,36.74532431,145,NA,NA,NA,NA,NA,NA,17.54328633,NA
1248,S,S1,MEGA,15w,47.53889419,400,1,NA,NA,NA,NA,NA,26.82720494,NA
1249,S,S1,MEGA,15w,57.68348957,256,NA,NA,NA,NA,NA,NA,24.65545156,NA
1250,S,S1,MEGA,15w,54.23653411,272,NA,NA,NA,NA,NA,NA,24.64729065,NA
1251,S,S1,MEGA,15w,10.12229007,36,2,0,0,NA,NA,NA,7.164416678,NA
1252,S,S1,MEGA,15w,NA,NA,NA,NA,NA,NA,NA,NA,NA,NA
1253,S,S1,MEGA,15w,NA,NA,NA,NA,NA,NA,NA,NA,NA,NA
1254,S,S1,MEGA,15w,19.95036999,29,3,0,0,NA,NA,NA,8.360011654,NA
1255,S,S1,MEGA,15w,5.26852942,23,1,0,0,NA,NA,NA,4.960738649,NA
1256,S,S1,MEGA,15w,48.89268501,38,4,0,0,NA,NA,NA,12.34129981,NA
1257,S,S1,MEGA,15w,NA,NA,NA,NA,NA,NA,NA,NA,NA,NA
1258,S,S1,MEGA,15w,NA,NA,NA,NA,NA,NA,NA,NA,NA,NA
1259,S,S1,MEGA,15w,NA,NA,NA,NA,NA,NA,NA,NA,NA,NA
1260,S,S1,MEGA,15w,NA,NA,NA,NA,NA,NA,NA,NA,NA,NA
1261,S,S1,MEGA,15w,NA,NA,NA,NA,NA,NA,NA,NA,NA,NA
1262,S,S1,MEGA,15w,4.869547153,27,NA,NA,NA,NA,NA,NA,5.097723914,NA
1263,S,S1,MEGA,15w,2.601552876,21,1,0,0,NA,NA,NA,3.802298859,NA
1264,S,S1,MEGA,15w,NA,NA,NA,NA,NA,NA,NA,NA,NA,NA
1265,S,S1,MEGA,15w,NA,NA,NA,NA,NA,NA,NA,NA,NA,NA
1266,S,S1,MEGA,15w,NA,NA,NA,NA,NA,NA,NA,NA,NA,NA
1267,S,S1,MEGA,15w,23.41397589,22,NA,NA,NA,NA,NA,NA,8.041995804,NA
1268,S,S1,MEGA,15w,NA,NA,NA,NA,NA,NA,NA,NA,NA,NA
1269,S,S1,MEGA,15w,NA,NA,NA,NA,NA,NA,NA,NA,NA,NA
1270,S,S1,MEGA,15w,NA,NA,NA,NA,NA,NA,NA,NA,NA,NA
1271,S,S1,MESO,15w,NA,NA,NA,NA,NA,NA,NA,NA,NA,NA
1272,S,S1,MESO,15w,57.68348957,393,1,0,0,NA,NA,NA,28.44852658,NA
1273,S,S1,MESO,15w,3.300635782,28,1,0,0,NA,NA,NA,4.531741823,NA
1274,S,S1,MESO,15w,8.50122826,33,1,0,0,NA,NA,NA,6.565388032,NA
1275,S,S1,MESO,15w,97.29268975,395,1,0,0,NA,NA,NA,33.93040292,NA
1276,S,S1,MESO,15w,90.9315144,361,1,NA,NA,NA,NA,NA,32.19105205,NA
1277,S,S1,MESO,15w,61.09800809,266,1,0,0,NA,NA,NA,25.45697596,NA
1278,S,S1,MESO,15w,108.618681,169,2,0,0,NA,NA,NA,26.51316566,NA
1279,S,S1,MESO,15w,60.68308224,207,2,0,0,NA,NA,NA,23.35925081,NA
1280,S,S1,MESO,15w,43.70866443,235,1,0,0,NA,NA,NA,21.84135933,NA
1281,S,S1,MESO,15w,93.99927963,249,0,0,0,NA,NA,NA,28.75368639,NA
1282,S,S1,MESO,15w,44.65114223,58,NA,NA,NA,NA,NA,NA,13.78837049,NA
1283,S,S1,MESO,15w,57.28034469,193,1,0,0,NA,NA,NA,22.38404821,NA
1284,S,S1,MESO,15w,41.51057059,264,1,0,0,NA,NA,NA,22.31875199,NA
1285,S,S1,MESO,15w,84.94866535,300,1,0,0,NA,NA,NA,29.58220626,NA
1286,S,S1,MESO,15w,28.65258164,365,1,0,0,NA,NA,NA,21.97307157,NA
1287,S,S1,MESO,15w,NA,NA,NA,NA,NA,NA,NA,NA,NA,NA
1288,S,S1,MESO,15w,59.58352481,327,1,4,1,NA,NA,NA,27.04596605,NA
1289,S,S1,MESO,15w,134.3709443,274,2,6,1,NA,NA,NA,33.44816475,NA
1290,S,S1,MESO,15w,24.6300864,54,NA,NA,NA,NA,NA,NA,11.03816319,NA
1291,S,S1,MESO,15w,155.4812689,400,2,NA,NA,NA,NA,NA,39.84590557,NA
1292,S,S1,MESO,15w,26.60332075,312,1,1,1,NA,NA,NA,20.34153124,NA
1293,S,S1,MESO,15w,94.68791674,396,1,0,0,NA,NA,NA,33.65278326,NA
1294,S,S1,MESO,15w,NA,NA,NA,NA,NA,NA,NA,NA,NA,NA
1295,S,S1,MESO,15w,13.98668465,121,1,0,0,NA,NA,NA,11.96274656,NA
1296,S,S1p,CONT,15w,17.36554609,38.5,3,0,0,NA,NA,NA,8.773495582,NA
1297,S,S1p,CONT,15w,62.91235638,115,1,0,0,NA,NA,NA,19.42975571,NA
1298,S,S1p,CONT,15w,8.709201694,86.7,1,0,0,NA,NA,NA,9.137260227,NA
1299,S,S1p,CONT,15w,10.63617609,22,1,0,0,NA,NA,NA,6.1795566,NA
1300,S,S1p,CONT,15w,12.31629984,25,2,0,0,NA,NA,NA,6.772610792,NA
1301,S,S1p,CONT,15w,38.15534964,20,1,0,0,NA,NA,NA,9.169542923,NA
1302,S,S1p,CONT,15w,13.72279087,35.6,1,0,0,NA,NA,NA,7.901026445,NA
1303,S,S1p,CONT,15w,8.552985999,50,1,0,0,NA,NA,NA,7.557627684,NA
1304,S,S1p,CONT,15w,4.082813813,14.5,1,0,0,NA,NA,NA,3.905615045,NA
1305,S,S1p,CONT,15w,16.25970548,30.5,1,0,0,NA,NA,NA,7.940726415,NA
1306,S,S1p,CONT,15w,18.17105045,131,1,0,0,NA,NA,NA,13.40574625,NA
1307,S,S1p,CONT,15w,13.39645793,43.1,2,0,0,NA,NA,NA,8.354347373,NA
1308,S,S1p,CONT,15w,53.58583173,105,1,2,1,NA,NA,NA,17.86540565,NA
1309,S,S1p,CONT,15w,12.75557303,20.1,4,0,0,NA,NA,NA,6.370991846,NA
1310,S,S1p,CONT,15w,NA,NA,NA,NA,NA,NA,NA,NA,NA,NA
1311,S,S1p,CONT,15w,47.90622491,37.5,1,0,0,NA,NA,NA,12.20352473,NA
1312,S,S1p,CONT,15w,58.49402048,NA,NA,NA,NA,NA,NA,NA,NA,NA
1313,S,S1p,CONT,15w,6.881344548,17,1,0,0,NA,NA,NA,4.90275423,NA
1314,S,S1p,CONT,15w,NA,NA,NA,NA,NA,NA,NA,NA,NA,NA
1315,S,S1p,CONT,15w,NA,NA,NA,NA,NA,NA,NA,NA,NA,NA
1316,S,S1p,CONT,15w,25.1607014,21.5,2,0,0,NA,NA,NA,8.174526161,NA
1317,S,S1p,CONT,15w,NA,NA,NA,NA,NA,NA,NA,NA,NA,NA
1318,S,S1p,CONT,15w,10.75210086,30.5,1,0,0,NA,NA,NA,6.916629785,NA
1319,S,S1p,CONT,15w,NA,NA,NA,NA,NA,NA,NA,NA,NA,NA
1320,S,S1p,CONT,15w,17.20210473,34.5,2,0,0,NA,NA,NA,8.431337804,NA
1321,S,S1p,CONT,15w,49.14087083,102.3,2,0,0,NA,NA,NA,17.20603229,NA
1322,S,S1p,CONT,15w,27.33971007,164.5,1,2,1,NA,NA,NA,16.57815699,NA
1323,S,S1p,CONT,15w,6.605198554,48.5,1,0,0,NA,NA,NA,6.862790995,NA
1324,S,S1p,CONT,15w,12.37858191,168,1,0,0,NA,NA,NA,12.81456004,NA
1325,S,S1p,CONT,15w,NA,NA,NA,NA,NA,NA,NA,NA,NA,NA
1326,S,S1p,CONT,15w,42.08351855,48,3,0,0,NA,NA,NA,12.6907774,NA
1327,S,S1p,CONT,15w,4.791635655,12.5,3,0,0,NA,NA,NA,3.920855053,NA
1328,S,S1p,CONT,15w,8.042477193,10.3,1,0,0,NA,NA,NA,4.369158531,NA
1329,S,S1p,CONT,15w,10.1787602,62,1,0,0,NA,NA,NA,8.606083235,NA
1330,S,S1p,CONT,15w,NA,NA,NA,NA,NA,NA,NA,NA,NA,NA
1331,S,S2,CONT,15w,NA,NA,NA,NA,NA,NA,NA,NA,NA,NA
1332,S,S2,CONT,15w,NA,NA,NA,NA,NA,NA,NA,NA,NA,NA
1333,S,S2,CONT,15w,26.60332075,121,1,3,1,NA,NA,NA,14.82683725,NA
1334,S,S2,CONT,15w,55.28582606,50,NA,NA,NA,NA,NA,NA,14.09186987,NA
1335,S,S2,CONT,15w,56.68729054,97,2,0,0,NA,NA,NA,17.72884553,NA
1336,S,S2,CONT,15w,90.61869031,NA,2,NA,1,NA,NA,NA,NA,NA
1337,S,S2,CONT,15w,110.43138,142,2,0,0,NA,NA,NA,25.15491535,NA
1338,S,S2,CONT,15w,NA,NA,NA,NA,NA,NA,NA,NA,NA,NA
1339,S,S2,CONT,15w,NA,NA,NA,NA,NA,NA,NA,NA,NA,NA
1340,S,S2,CONT,15w,5.853493972,66,NA,NA,NA,NA,NA,NA,7.305554666,NA
1341,S,S2,CONT,15w,NA,NA,NA,NA,NA,NA,NA,NA,NA,NA
1342,S,S2,CONT,15w,1.720336137,50,1,0,0,NA,NA,NA,4.424440089,NA
1343,S,S2,CONT,15w,NA,NA,NA,NA,NA,NA,NA,NA,NA,NA
1344,S,S2,CONT,15w,8.24479576,51,NA,NA,NA,NA,NA,NA,7.515118188,NA
1345,S,S2,CONT,15w,2.405281875,75,NA,NA,NA,NA,NA,NA,5.665506698,NA
1346,S,S2,CONT,15w,NA,NA,NA,NA,NA,NA,NA,NA,NA,NA
1347,S,S2,CONT,15w,NA,NA,NA,NA,NA,NA,NA,NA,NA,NA
1348,S,S2,CONT,15w,NA,NA,NA,NA,NA,NA,NA,NA,NA,NA
1349,S,S2,CONT,15w,8.552985999,78,NA,NA,NA,NA,NA,NA,8.767179705,NA
1350,S,S2,CONT,15w,8.50122826,84,3,1,1,NA,NA,NA,8.968600376,NA
1351,S,S2,CONT,15w,9.132688384,17,3,0,0,NA,NA,NA,5.388632907,NA
1352,S,S2,CONT,15w,NA,NA,NA,NA,NA,NA,NA,NA,NA,NA
1353,S,S2,CONT,15w,NA,NA,NA,NA,NA,NA,NA,NA,NA,NA
1354,S,S2,CONT,15w,31.66921744,171,NA,NA,NA,NA,NA,NA,17.63880034,NA
1355,S,S2,CONT,15w,71.33056806,49,3,0,0,NA,NA,NA,15.2399589,NA
1356,S,S2,CONT,15w,30.28817331,62,NA,NA,NA,NA,NA,NA,12.385372,NA
1357,S,S2,CONT,15w,NA,NA,NA,NA,NA,NA,NA,NA,NA,NA
1358,S,S2,CONT,15w,37.60989061,28,3,0,0,NA,NA,NA,10.21044518,NA
1359,S,S2,CONT,15w,NA,NA,NA,NA,NA,NA,NA,NA,NA,NA
1360,S,S2,CONT,15w,NA,NA,NA,NA,NA,NA,NA,NA,NA,NA
1361,S,S2,CONT,15w,4.561671073,15,2,0,0,NA,NA,NA,4.099061184,NA
1362,S,S2,CONT,15w,NA,NA,NA,NA,NA,NA,NA,NA,NA,NA
1363,S,S2,CONT,15w,8.919688402,23,1,0,0,NA,NA,NA,5.914040649,NA
1364,S,S2,CONT,15w,21.07411768,158,1,0,0,NA,NA,NA,14.99516259,NA
1365,S,S2,CONT,15w,10.52087964,64,NA,NA,NA,NA,NA,NA,8.794311977,NA
1366,S,S2,CONT,15w,59.30148833,103,4,1,1,NA,NA,NA,18.3619632,NA
1367,S,S2,CONT,15w,11.88472355,92,1,0,0,NA,NA,NA,10.33932115,NA
1368,S,S2,CONT,15w,6.650830187,109,NA,NA,NA,NA,NA,NA,9.013812286,NA
1369,S,S2,CONT,15w,77.60016598,102,3,0,0,NA,NA,NA,20.02152413,NA
1370,S,S2,LMH,15w,NA,NA,NA,NA,NA,NA,NA,NA,NA,NA
1371,S,S2,LMH,15w,19.0116621,17,1,0,0,NA,NA,NA,6.883086336,NA
1372,S,S2,LMH,15w,190.9678356,174,3,30,1,NA,NA,NA,32.32217015,NA
1373,S,S2,LMH,15w,NA,NA,NA,NA,NA,NA,NA,NA,NA,NA
1374,S,S2,LMH,15w,269.1392216,215,4,15,1,NA,NA,NA,38.89794731,NA
1375,S,S2,LMH,15w,91.10061063,219,1,5,1,NA,NA,NA,27.26078074,NA
1376,S,S2,LMH,15w,557.8074471,271,3,14,1,NA,NA,NA,53.59871387,NA
1377,S,S2,LMH,15w,216.3807283,390,2,NA,1,NA,NA,NA,44.11981979,NA
1378,S,S2,LMH,15w,8.24479576,15,1,1,1,NA,NA,NA,4.994617291,NA
1379,S,S2,LMH,15w,102.7878851,242,1,15,1,NA,NA,NA,29.34393139,NA
1380,S,S3,LMH,15w,40.60202199,108.9,1,10,1,NA,NA,NA,16.48431937,NA
1381,S,S2,LMH,15w,NA,NA,NA,NA,NA,NA,NA,NA,NA,NA
1382,S,S2,LMH,15w,65.89930414,141,1,6,1,NA,NA,NA,21.12250413,NA
1383,S,S2,LMH,15w,7.258335667,73,1,1,1,NA,NA,NA,8.118158318,NA
1384,S,S2,LMH,15w,47.78362426,145,1,4,1,NA,NA,NA,19.15117487,NA
1385,S,S2,LMH,15w,77.43790272,203,1,NA,NA,NA,NA,NA,25.17559074,NA
1386,S,S2,LMH,15w,34.52366853,225,1,NA,NA,NA,NA,NA,19.89627638,NA
1387,S,S2,LMH,15w,142.9268363,147,3,7,1,NA,NA,NA,27.73565592,NA
1388,S,S2,LMH,15w,NA,NA,NA,NA,NA,NA,NA,NA,NA,NA
1389,S,S2,LMH,15w,99.93280567,227,1,2,1,NA,NA,NA,28.45486623,NA
1390,S,S2,LMH,15w,198.8063448,349,2,NA,NA,NA,NA,NA,41.32828608,NA
1391,S,S2,LMH,15w,94.86046871,225,1,5,1,NA,NA,NA,27.88180302,NA
1392,S,S2,LMH,15w,104.2312898,131,4,6,1,NA,NA,NA,24.01898934,NA
1393,S,S2,LMH,15w,172.4988836,153,2,4,1,NA,NA,NA,29.92988381,NA
1394,S,S2,LMH,15w,45.00716321,146,1,0,0,NA,NA,NA,18.81536707,NA
1395,S,S2,LMH,15w,140.6761208,247,3,NA,NA,NA,NA,NA,32.8080036,NA
1396,S,S2,LMH,15w,5.557163245,71,NA,NA,NA,NA,NA,NA,7.357134743,NA
1397,S,S2,LMH,15w,20.99282897,189,1,0,0,NA,NA,NA,15.89885497,NA
1398,S,S2,LMH,15w,36.42370377,106,1,4,1,NA,NA,NA,15.75477273,NA
1399,S,S2,LMH,15w,79.31531849,330,1,NA,NA,NA,NA,NA,29.84701721,NA
1400,S,S2,LMH,15w,NA,NA,NA,NA,NA,NA,NA,NA,NA,NA
1401,S,S2,LMH,15w,22.14516515,218,1,NA,1,NA,NA,NA,16.97503383,NA
1402,S,S2,LMH,15w,9.240130853,103,1,2,1,NA,NA,NA,9.871286892,NA
1403,S,S2,LMH,15w,2.89529179,17,1,0,0,NA,NA,NA,3.672140836,NA
1404,S,S2,LMH,15w,40.48916028,400,1,NA,NA,NA,NA,NA,25.42744509,NA
1405,S,S2,LMH,15w,40.05946894,263,2,9,1,NA,NA,NA,22.02726245,NA
1406,S,S2,LMH,15w,54.36714583,265,1,0,0,NA,NA,NA,24.45331524,NA
1407,S,S2,LMH,15w,68.80402071,300,2,NA,1,NA,NA,NA,27.57205438,NA
1408,S,S2,LMH,15w,123.3353147,400,2,NA,1,NA,NA,NA,36.88091102,NA
1409,S,S2,LMH,15w,9.842295624,66,1,1,1,NA,NA,NA,8.689536317,NA
1410,S,S2,LMH,15w,38.04594367,400,1,NA,1,NA,NA,NA,24.90454751,NA
1411,S,S2,MEGA,15w,53.32665034,68.2,2,0,0,NA,NA,NA,15.44347384,NA
1412,S,S2,MEGA,15w,NA,NA,NA,NA,NA,NA,NA,NA,NA,NA
1413,S,S2,MEGA,15w,NA,NA,NA,NA,NA,NA,NA,NA,NA,NA
1414,S,S2,MEGA,15w,NA,NA,NA,NA,NA,NA,NA,NA,NA,NA
1415,S,S2,MEGA,15w,NA,NA,NA,NA,NA,NA,NA,NA,NA,NA
1416,S,S2,MEGA,15w,4.869547153,39.2,NA,NA,NA,NA,NA,NA,5.77342964,NA
1417,S,S2,MEGA,15w,0.950331778,11.4,0,0,0,NA,NA,NA,2.215440526,NA
1418,S,S2,MEGA,15w,0.679290872,14.7,NA,NA,NA,NA,NA,NA,2.155954121,NA
1419,S,S2,MEGA,15w,6.97464985,17.8,2,0,0,NA,NA,NA,5.00103808,NA
1420,S,S2,MEGA,15w,NA,NA,NA,NA,NA,NA,NA,NA,NA,NA
1421,S,S2,MEGA,15w,NA,NA,NA,NA,NA,NA,NA,NA,NA,NA
1422,S,S2,MEGA,15w,1.306981084,6.3,NA,0,0,NA,NA,NA,2.021507003,NA
1423,S,S2,MEGA,15w,3.83596317,11.2,1,0,0,NA,NA,NA,3.509182502,NA
1424,S,S2,MEGA,15w,125.2842803,400,1,NA,1,NA,NA,NA,37.0744624,NA
1425,S,S2,MEGA,15w,1.286796351,11.6,1,0,0,NA,NA,NA,2.465629086,NA
1426,S,S2,MEGA,15w,23.41397589,10.9,1,0,0,NA,NA,NA,6.361231964,NA
1427,S,S2,MEGA,15w,214.8626322,400,2,NA,NA,NA,NA,NA,44.38985442,NA
1428,S,S2,MEGA,15w,NA,NA,NA,NA,NA,NA,NA,NA,NA,NA
1429,S,S2,MEGA,15w,1.347821788,5.4,NA,NA,NA,NA,NA,NA,1.939931626,NA
1430,S,S2,MEGA,15w,2.986476516,19.6,2,0,0,NA,NA,NA,3.890894322,NA
1431,S,S2,MEGA,15w,NA,NA,NA,NA,NA,NA,NA,NA,NA,NA
1432,S,S2,MEGA,15w,0.528101725,1.5,NA,0,0,NA,NA,NA,0.925161293,NA
1433,S,S2,MEGA,15w,1.495712262,5.3,NA,0,0,NA,NA,NA,1.996050124,NA
1434,S,S2,MEGA,15w,2.035830579,14,1,0,0,NA,NA,NA,3.059894783,NA
1435,S,S2,MEGA,15w,29.70572204,NA,1,NA,NA,NA,NA,NA,NA,NA
1436,S,S2,MEGA,15w,1.286796351,93,4,0,0,NA,NA,NA,4.940096044,NA
1437,S,S2,MEGA,15w,NA,NA,NA,NA,NA,NA,NA,NA,NA,NA
1438,S,S2,MEGA,15w,NA,NA,NA,NA,NA,NA,NA,NA,NA,NA
1439,S,S2,MEGA,15w,NA,NA,NA,NA,NA,NA,NA,NA,NA,NA
1440,S,S2,MEGA,15w,27.06238598,300,1,NA,1,NA,NA,NA,20.19192185,NA
1441,S,S2,MEGA,15w,28.84398317,22.5,11,0,0,NA,NA,NA,8.686847525,NA
1442,S,S2,MEGA,15w,24.27948466,21.5,6,0,0,NA,NA,NA,8.077807768,NA
1443,S,S2,MEGA,15w,270.8405511,400,1,NA,NA,NA,NA,NA,47.95712631,NA
1444,S,S2,MEGA,15w,13.7885287,382,1,0,0,NA,NA,NA,17.47613729,NA
1445,S,S2,MEGA,15w,51.40281754,400,1,NA,NA,NA,NA,NA,27.536297,NA
1446,S,S2,MEGA,15w,19.16654262,46.7,5,0,0,NA,NA,NA,9.671083634,NA
1447,S,S2,MEGA,15w,6.201582438,62,1,0,0,NA,NA,NA,7.293967609,NA
1448,S,S2,MEGA,15w,NA,NA,NA,NA,NA,NA,NA,NA,NA,NA
1449,S,S2,MEGA,15w,13.92047559,23.5,NA,NA,NA,NA,NA,NA,6.910936467,NA
1450,S,S2,MEGA,15w,NA,NA,NA,NA,NA,NA,NA,NA,NA,NA
1451,S,S2,MEGA,15w,20.02961666,NA,NA,NA,NA,NA,NA,NA,NA,NA
1452,S,S2,MEGA,15w,10.92716611,15.6,5,0,0,NA,NA,NA,5.559397317,NA
1453,S,S2,MEGA,15w,13.92047559,36,NA,NA,NA,NA,NA,NA,7.968512573,NA
1454,S,S2,MESO,15w,1.431388153,148.5,1,0,0,NA,NA,NA,5.984497608,NA
1455,S,S2,MESO,15w,27.06238598,200,1,NA,NA,NA,NA,NA,17.63558218,NA
1456,S,S2,MESO,15w,39.03625222,225,1,0,0,NA,NA,NA,20.72922338,NA
1457,S,S2,MESO,15w,32.37128486,166,1,2,1,NA,NA,NA,17.59322691,NA
1458,S,S2,MESO,15w,66.33166583,141,2,3,1,NA,NA,NA,21.16866935,NA
1459,S,S2,MESO,15w,33.38759009,201,1,1,1,NA,NA,NA,18.94812706,NA
1460,S,S2,MESO,15w,30.3857983,109,4,2,1,NA,NA,NA,14.96856643,NA
1461,S,S2,MESO,15w,NA,NA,NA,NA,NA,NA,NA,NA,NA,NA
1462,S,S2,MESO,15w,5.599024967,29.5,NA,NA,NA,NA,NA,NA,5.50116593,NA
1463,S,S2,MESO,15w,17.9450914,20,3,0,0,NA,NA,NA,7.128129179,NA
1464,S,S2,MESO,15w,5.432520556,9,1,0,0,NA,NA,NA,3.663971145,NA
1465,S,S2,MESO,15w,7.8426719,41.5,1,0,0,NA,NA,NA,6.899206818,NA
1466,S,S2,MESO,15w,40.26390809,93.5,3,1,1,NA,NA,NA,15.62256525,NA
1467,S,S2,MESO,15w,15.90431281,45.2,1,0,0,NA,NA,NA,8.988563499,NA
1468,S,S2,MESO,15w,19.40004149,142,1,0,0,NA,NA,NA,14.07570814,NA
1469,S,S2,MESO,15w,12.69234848,119.5,1,0,0,NA,NA,NA,11.53301749,NA
1470,S,S2,MESO,15w,8.143322317,55.8,NA,NA,NA,NA,NA,NA,7.712261749,NA
1471,S,S2,MESO,15w,9.079202769,28.9,3,0,0,NA,NA,NA,6.42039979,NA
1472,S,S2,MESO,15w,2.83528737,24.3,1,0,0,NA,NA,NA,4.108487641,NA
1473,S,S2,MESO,15w,15.06739253,42,1,0,0,NA,NA,NA,8.614031084,NA
1474,S,S2,MESO,15w,33.1830724,NA,NA,NA,NA,NA,NA,NA,NA,NA
1475,S,S2,MESO,15w,NA,NA,NA,NA,NA,NA,NA,NA,NA,NA
1476,S,S2,MESO,15w,16.47482603,26,1,0,0,NA,NA,NA,7.56173286,NA
1477,S,S2,MESO,15w,7.992290251,78.4,1,0,0,NA,NA,NA,8.585604075,NA
1478,S,S2,MESO,15w,76.8214437,NA,NA,NA,NA,NA,NA,NA,NA,NA
1479,S,S2,MESO,15w,7.793113276,NA,NA,NA,NA,NA,NA,NA,NA,NA
1480,S,S2,MESO,15w,5.26852942,NA,NA,NA,NA,NA,NA,NA,NA,NA
1481,S,S2,MESO,15w,NA,NA,NA,NA,NA,NA,NA,NA,NA,NA
1482,S,S2,MESO,15w,NA,NA,NA,NA,NA,NA,NA,NA,NA,NA
1483,S,S2,MESO,15w,NA,NA,NA,NA,NA,NA,NA,NA,NA,NA
1484,S,S2,MESO,15w,51.02229213,NA,NA,NA,NA,NA,NA,NA,NA,NA
1485,S,S2,MESO,15w,155.7023585,NA,NA,NA,NA,NA,NA,NA,NA,NA
1486,S,S2p,CONT,15w,NA,NA,NA,NA,NA,NA,NA,NA,NA,NA
1487,S,S2p,CONT,15w,NA,NA,NA,NA,NA,NA,NA,NA,NA,NA
1488,S,S2p,CONT,15w,20.58874161,49.5,1,0,0,NA,NA,NA,10.09940168,NA
1489,S,S2p,CONT,15w,16.33125525,79,1,0,0,NA,NA,NA,10.92661533,NA
1490,S,S2p,CONT,15w,55.81424194,40,1,0,0,NA,NA,NA,13.12183396,NA
1491,S,S2p,CONT,15w,10.92716611,64,1,0,0,NA,NA,NA,8.90626298,NA
1492,S,S2p,CONT,15w,NA,NA,NA,NA,NA,NA,NA,NA,NA,NA
1493,S,S2p,CONT,15w,42.42917228,49,1,0,0,NA,NA,NA,12.81338257,NA
1494,S,S2p,CONT,15w,20.10902042,80,3,0,0,NA,NA,NA,11.7619628,NA
1495,S,S2p,CONT,15w,24.71812954,75,3,0,0,NA,NA,NA,12.33228465,NA
1496,S,S2p,CONT,15w,53.06809726,117.5,1,0,0,NA,NA,NA,18.48899297,NA
1497,S,S2p,CONT,15w,NA,NA,NA,NA,NA,NA,NA,NA,NA,NA
1498,S,S2p,CONT,15w,NA,NA,NA,NA,NA,NA,NA,NA,NA,NA
1499,S,S2p,CONT,15w,NA,NA,NA,NA,NA,NA,NA,NA,NA,NA
1500,S,S2p,CONT,15w,NA,NA,NA,NA,NA,NA,NA,NA,NA,NA
1501,S,S2p,CONT,15w,NA,NA,NA,NA,NA,NA,NA,NA,NA,NA
1502,S,S2p,CONT,15w,NA,NA,NA,NA,NA,NA,NA,NA,NA,NA
1503,S,S2p,CONT,15w,NA,NA,NA,NA,NA,NA,NA,NA,NA,NA
1504,S,S2p,CONT,15w,NA,NA,NA,NA,NA,NA,NA,NA,NA,NA
1505,S,S2p,CONT,15w,NA,NA,NA,NA,NA,NA,NA,NA,NA,NA
1506,S,S2p,CONT,15w,NA,NA,NA,NA,NA,NA,NA,NA,NA,NA
1507,S,S2p,CONT,15w,14.86169675,62,1,0,0,NA,NA,NA,9.765206735,NA
1508,S,S2p,CONT,15w,NA,NA,NA,NA,NA,NA,NA,NA,NA,NA
1509,S,S2p,CONT,15w,NA,NA,NA,NA,NA,NA,NA,NA,NA,NA
1510,S,S2p,CONT,15w,9.132688384,33,NA,NA,NA,NA,NA,NA,6.724325992,NA
1511,S,S2p,CONT,15w,NA,NA,NA,NA,NA,NA,NA,NA,NA,NA
1512,S,S2p,CONT,15w,NA,NA,NA,NA,NA,NA,NA,NA,NA,NA
1513,S,S2p,CONT,15w,25.24968702,44.5,NA,NA,NA,NA,NA,NA,10.43384773,NA
1514,S,S2p,CONT,15w,22.7328786,52,1,0,0,NA,NA,NA,10.61214344,NA
1515,S,S2p,CONT,15w,13.72279087,69.5,1,0,0,NA,NA,NA,9.878209031,NA
1516,S,S2p,CONT,15w,NA,NA,NA,NA,NA,NA,NA,NA,NA,NA
1517,S,S2p,CONT,15w,NA,NA,NA,NA,NA,NA,NA,NA,NA,NA
1518,S,S2p,CONT,15w,14.11957402,45,NA,NA,NA,NA,NA,NA,8.625605142,NA
1519,S,S2p,CONT,15w,NA,NA,NA,NA,NA,NA,NA,NA,NA,NA
1520,S,S2p,CONT,15w,22.81746598,52,3,2,1,NA,NA,NA,10.62530982,NA
1521,S,S3,CONT,15w,NA,NA,NA,NA,NA,NA,NA,NA,NA,NA
1522,S,S3,CONT,15w,NA,NA,NA,NA,NA,NA,NA,NA,NA,NA
1523,S,S3,CONT,15w,NA,NA,NA,NA,NA,NA,NA,NA,NA,NA
1524,S,S3,CONT,15w,12.06874234,30.8,5,0,0,NA,NA,NA,7.212111566,NA
1525,S,S3,CONT,15w,NA,NA,NA,NA,NA,NA,NA,NA,NA,NA
1526,S,S3,CONT,15w,18.70378602,45.8,2,0,0,NA,NA,NA,9.53037726,NA
1527,S,S3,CONT,15w,3.698361412,15,1,0,0,NA,NA,NA,3.821781863,NA
1528,S,S3,CONT,15w,20.66924493,88.2,2,4,1,NA,NA,NA,12.26342829,NA
1529,S,S3,CONT,15w,9.731397404,13.9,4,0,0,NA,NA,NA,5.14630151,NA
1530,S,S3,CONT,15w,38.3746328,34.7,2,0,0,NA,NA,NA,11.04252556,NA
1531,S,S3,CONT,15w,49.63912742,86.2,1,3,1,NA,NA,NA,16.30480585,NA
1532,S,S3,CONT,15w,14.0530508,52,5,2,1,NA,NA,NA,9.037899338,NA
1533,S,S3,CONT,15w,20.66924493,58.8,1,0,0,NA,NA,NA,10.71085254,NA
1534,S,S3,CONT,15w,58.76545408,120,1,0,0,NA,NA,NA,19.26422105,NA
1535,S,S3,CONT,15w,23.32828895,56.8,3,0,0,NA,NA,NA,11.02435391,NA
1536,S,S3,CONT,15w,18.17105045,19.8,1,0,0,NA,NA,NA,7.133992212,NA
1537,S,S3,CONT,15w,NA,NA,NA,NA,NA,NA,NA,NA,NA,NA
1538,S,S3,CONT,15w,NA,NA,NA,NA,NA,NA,NA,NA,NA,NA
1539,S,S3,CONT,15w,19.63495408,32.4,1,0,0,NA,NA,NA,8.629191681,NA
1540,S,S3,CONT,15w,NA,NA,NA,NA,NA,NA,NA,NA,NA,NA
1541,S,S3,CONT,15w,NA,NA,NA,NA,NA,NA,NA,NA,NA,NA
1542,S,S3,CONT,15w,53.97578192,201,1,9,1,NA,NA,NA,22.24394324,NA
1543,S,S3,CONT,15w,41.16868677,150,1,5,1,NA,NA,NA,18.42920986,NA
1544,S,S3,CONT,15w,30.87627946,39,1,0,0,NA,NA,NA,10.67786722,NA
1545,S,S3,CONT,15w,NA,NA,NA,NA,NA,NA,NA,NA,NA,NA
1546,S,S3,CONT,15w,18.4745283,97,1,0,0,NA,NA,NA,12.193415,NA
1547,S,S3,CONT,15w,17.27569654,35,1,0,0,NA,NA,NA,8.484019201,NA
1548,S,S3,CONT,15w,18.70378602,98,NA,NA,NA,NA,NA,NA,12.28571911,NA
1549,S,S3,CONT,15w,NA,NA,NA,NA,NA,NA,NA,NA,NA,NA
1550,S,S3,CONT,15w,NA,NA,NA,NA,NA,NA,NA,NA,NA,NA
1551,S,S3,CONT,15w,40.60202199,102,1,0,0,NA,NA,NA,16.12799811,NA
1552,S,S3,CONT,15w,14.65741468,37,1,0,0,NA,NA,NA,8.181428119,NA
1553,S,S3,CONT,15w,46.20411001,58,1,0,0,NA,NA,NA,13.94665132,NA
1554,S,S3,CONT,15w,NA,NA,NA,NA,NA,NA,NA,NA,NA,NA
1555,S,S3,CONT,15w,NA,NA,NA,NA,NA,NA,NA,NA,NA,NA
1556,S,S3,CONT,15w,NA,NA,NA,NA,NA,NA,NA,NA,NA,NA
1557,S,S3,CONT,15w,NA,NA,NA,NA,NA,NA,NA,NA,NA,NA
1558,S,S3,CONT,15w,NA,NA,NA,NA,NA,NA,NA,NA,NA,NA
1559,S,S3,CONT,15w,NA,NA,NA,NA,NA,NA,NA,NA,NA,NA
1560,S,S3,CONT,15w,NA,NA,NA,NA,NA,NA,NA,NA,NA,NA
1561,S,S3,CONT,15w,NA,NA,NA,NA,NA,NA,NA,NA,NA,NA
1562,S,S3,CONT,15w,NA,NA,NA,NA,NA,NA,NA,NA,NA,NA
1563,S,S3,CONT,15w,NA,NA,NA,NA,NA,NA,NA,NA,NA,NA
1564,S,S3,LMH,15w,27.06238598,121,2,0,0,NA,NA,NA,14.91176651,NA
1565,S,S3,LMH,15w,10.81029886,69.8,1,1,1,NA,NA,NA,9.13512293,NA
1566,S,S3,LMH,15w,10.75210086,104,1,0,0,NA,NA,NA,10.41710328,NA
1567,S,S3,LMH,15w,NA,NA,NA,NA,NA,NA,NA,NA,NA,NA
1568,S,S3,LMH,15w,28.55778408,172.2,1,0,0,NA,NA,NA,17.08003917,NA
1569,S,S3,LMH,15w,33.2852527,80.5,NA,NA,NA,NA,NA,NA,13.94599881,NA
1570,S,S3,LMH,15w,8.814130889,37.3,1,2,1,NA,NA,NA,6.922455104,NA
1571,S,S3,LMH,15w,NA,NA,NA,NA,NA,NA,NA,NA,NA,NA
1572,S,S3,LMH,15w,NA,NA,NA,NA,NA,NA,NA,NA,NA,NA
1573,S,S3,LMH,15w,NA,NA,NA,NA,NA,NA,NA,NA,NA,NA
1574,S,S3,LMH,15w,NA,NA,NA,NA,NA,NA,NA,NA,NA,NA
1575,S,S3,LMH,15w,5.067074791,18.9,1,0,0,NA,NA,NA,4.585932154,NA
1576,S,S3,LMH,15w,3.732526232,23.6,1,0,0,NA,NA,NA,4.459719006,NA
1577,S,S3,LMH,15w,25.54193367,116.4,NA,NA,NA,NA,NA,NA,14.43862731,NA
1578,S,S3,LMH,15w,54.48542679,109.4,1,5,1,NA,NA,NA,18.2128789,NA
1579,S,S3,LMH,15w,12.56637061,73.8,NA,NA,NA,NA,NA,NA,9.786294226,NA
1580,S,S3,LMH,15w,81.07484599,230.5,3,NA,NA,NA,NA,NA,26.67191505,NA
1581,S,S3,LMH,15w,NA,NA,NA,NA,NA,NA,NA,NA,NA,NA
1582,S,S3,LMH,15w,4.830512864,39.6,1,0,0,NA,NA,NA,5.777486561,NA
1583,S,S3,LMH,15w,40.60202199,161.5,1,0,0,NA,NA,NA,18.80214748,NA
1584,S,S3,LMH,15w,1.561450089,19.5,1,0,0,NA,NA,NA,3.128136049,NA
1585,S,S3,LMH,15w,28.93791679,176,NA,NA,NA,NA,NA,NA,17.28107686,NA
1586,S,S3,LMH,15w,17.34944543,128,NA,NA,NA,NA,NA,NA,13.09855926,NA
1587,S,S3,LMH,15w,39.81528865,205,1,0,0,NA,NA,NA,20.22790852,NA
1588,S,S3,LMH,15w,15.20530844,205,NA,NA,NA,NA,NA,NA,14.66844048,NA
1589,S,S3,LMH,15w,1.474113813,11.9,1,0,0,NA,NA,NA,2.602159659,NA
1590,S,S3,LMH,15w,NA,NA,NA,NA,NA,NA,NA,NA,NA,NA
1591,S,S3,LMH,15w,NA,NA,NA,NA,NA,NA,NA,NA,NA,NA
1592,S,S3,LMH,15w,NA,NA,NA,NA,NA,NA,NA,NA,NA,NA
1593,S,S3,LMH,15w,33.2852527,134,NA,NA,NA,NA,NA,NA,16.5323024,NA
1594,S,S3,LMH,15w,NA,NA,NA,NA,NA,NA,NA,NA,NA,NA
1595,S,S3,LMH,15w,NA,NA,NA,NA,NA,NA,NA,NA,NA,NA
1596,S,S3,LMH,15w,NA,NA,NA,NA,NA,NA,NA,NA,NA,NA
1597,S,S3,LMH,15w,12.88249338,42.4,NA,NA,NA,NA,NA,NA,8.20099,NA
1598,S,S3,LMH,15w,NA,NA,NA,NA,NA,NA,NA,NA,NA,NA
1599,S,S3,LMH,15w,NA,NA,NA,NA,NA,NA,NA,NA,NA,NA
1600,S,S3,LMH,15w,1.347821788,13.4,1,0,0,NA,NA,NA,2.627605909,NA
1601,S,S3,LMH,15w,1.149901451,9.2,NA,0,0,NA,NA,NA,2.197914962,NA
1602,S,S3,LMH,15w,4.561671073,55.5,1,0,0,NA,NA,NA,6.344214593,NA
1603,S,S3,LMH,15w,NA,NA,NA,NA,NA,NA,NA,NA,NA,NA
1604,S,S3,LMH,15w,31.66921744,30.6,4,0,0,NA,NA,NA,9.93098413,NA
1605,S,S3,LMH,15w,NA,NA,NA,NA,NA,NA,NA,NA,NA,NA
1606,S,S3,LMH,15w,34.31569509,164.2,1,3,1,NA,NA,NA,17.87401415,NA
1607,S,S3,LMH,15w,NA,NA,NA,NA,NA,NA,NA,NA,NA,NA
1608,S,S3,LMH,15w,NA,NA,NA,NA,NA,NA,NA,NA,NA,NA
1609,S,S3,LMH,15w,NA,NA,NA,NA,NA,NA,NA,NA,NA,NA
1610,S,S3,LMH,15w,NA,NA,NA,NA,NA,NA,NA,NA,NA,NA
1611,S,S3,LMH,15w,NA,NA,NA,NA,NA,NA,NA,NA,NA,NA
1612,S,S3,LMH,15w,NA,NA,NA,NA,NA,NA,NA,NA,NA,NA
1613,S,S3,LMH,15w,365.8097189,347,NA,NA,NA,NA,NA,NA,50.56216163,NA
1614,S,S3,LMH,15w,NA,NA,NA,NA,NA,NA,NA,NA,NA,NA
1615,S,S3,LMH,15w,7.992290251,109.7,1,2,1,NA,NA,NA,9.604532869,NA
1616,S,S3,LMH,15w,17.64601178,218,1,0,0,NA,NA,NA,15.73556546,NA
1617,S,S3,LMH,15w,11.88472355,169,NA,NA,NA,NA,NA,NA,12.66663099,NA
1618,S,S3,LMH,15w,13.01004204,163.5,1,0,0,NA,NA,NA,12.9116235,NA
1619,S,S3,LMH,15w,8.24479576,86,2,0,0,NA,NA,NA,8.947373096,NA
1620,S,S3,LMH,15w,63.90030873,179,1,0,0,NA,NA,NA,22.64004451,NA
1621,S,S3,LMH,15w,2.460573906,17.6,1,0,0,NA,NA,NA,3.518519377,NA
1622,S,S3,LMH,15w,102.7878851,111,2,4,1,NA,NA,NA,22.62106362,NA
1623,S,S3,MEGA,15w,167.8744592,400,2,NA,NA,NA,NA,NA,40.87926261,NA
1624,S,S3,MEGA,15w,NA,NA,NA,NA,NA,NA,NA,NA,NA,NA
1625,S,S3,MEGA,15w,0.833228912,NA,1,0,0,NA,NA,NA,NA,NA
1626,S,S3,MEGA,15w,7.694467267,49,1,0,0,NA,NA,NA,7.246354572,NA
1627,S,S3,MEGA,15w,23.73426126,34,3,0,0,NA,NA,NA,9.342216593,NA
1628,S,S3,MEGA,15w,3.332915646,27.5,1,0,0,NA,NA,NA,4.519222929,NA
1629,S,S3,MEGA,15w,10.75210086,23.5,3,0,0,NA,NA,NA,6.340042525,NA
1630,S,S3,MEGA,15w,10.52087964,31,1,0,0,NA,NA,NA,6.903990149,NA
1631,S,S3,MEGA,15w,69.10278617,224,2,0,0,NA,NA,NA,25.04614355,NA
1632,S,S3,MEGA,15w,NA,NA,NA,NA,NA,NA,NA,NA,NA,NA
1633,S,S3,MEGA,15w,7.068583471,57,1,0,0,NA,NA,NA,7.408756359,NA
1634,S,S3,MEGA,15w,4.19096314,14,1,0,0,NA,NA,NA,3.893966388,NA
1635,S,S3,MEGA,15w,NA,NA,NA,NA,NA,NA,NA,NA,NA,NA
1636,S,S3,MEGA,15w,60.59103357,278,2,1,1,NA,NA,NA,25.76299295,NA
1637,S,S3,MEGA,15w,42.6603935,NA,2,0,0,NA,NA,NA,NA,NA
1638,S,S3,MEGA,15w,NA,NA,NA,NA,NA,NA,NA,NA,NA,NA
1639,S,S3,MEGA,15w,7.021538121,146,1,0,0,NA,NA,NA,10.11921905,NA
1640,S,S3,MEGA,15w,7.354154243,79,1,1,1,NA,NA,NA,8.371657279,NA
1641,S,S3,MEGA,15w,11.64156428,44,1,0,0,NA,NA,NA,8.026963917,NA
1642,S,S3,MEGA,15w,15.49307833,109,2,0,0,NA,NA,NA,11.95414281,NA
1643,S,S3,MEGA,15w,6.424242817,134,1,0,0,NA,NA,NA,9.546007522,NA
1644,S,S3,MEGA,15w,7.54767635,23,1,0,0,NA,NA,NA,5.59329996,NA
1645,S,S3,MEGA,15w,20.26829916,42,1,0,0,NA,NA,NA,9.510409497,NA
1646,S,S3,MEGA,15w,8.604900818,NA,NA,NA,NA,NA,NA,NA,NA,NA
1647,S,S3,MEGA,15w,NA,NA,NA,NA,NA,NA,NA,NA,NA,NA
1648,S,S3,MEGA,15w,NA,NA,NA,NA,NA,NA,NA,NA,NA,NA
1649,S,S3,MEGA,15w,20.42820623,31,NA,NA,NA,NA,NA,NA,8.616047867,NA
1650,S,S3,MEGA,15w,4.031762932,6.5,3,0,0,NA,NA,NA,2.975321658,NA
1651,S,S3,MEGA,15w,NA,NA,NA,NA,NA,NA,NA,NA,NA,NA
1652,S,S3,MEGA,15w,80.57823873,182,4,0,0,NA,NA,NA,24.59861391,NA
1653,S,S3,MEGA,15w,NA,NA,NA,NA,NA,NA,NA,NA,NA,NA
1654,S,S3,MEGA,15w,6.069871166,16,3,0,0,NA,NA,NA,4.607417193,NA
1655,S,S3,MEGA,15w,NA,NA,NA,NA,NA,NA,NA,NA,NA,NA
1656,S,S3,MEGA,15w,NA,NA,NA,NA,NA,NA,NA,NA,NA,NA
1657,S,S3,MEGA,15w,NA,NA,NA,NA,NA,NA,NA,NA,NA,NA
1658,S,S3,MEGA,15w,52.42446347,162,1,0,0,NA,NA,NA,20.49784934,NA
1659,S,S3,MEGA,15w,1.606060704,23,1,0,0,NA,NA,NA,3.336603386,NA
1660,S,S3,MEGA,15w,NA,NA,NA,NA,NA,NA,NA,NA,NA,NA
1661,S,S3,MEGA,15w,8.143322317,128,1,0,0,NA,NA,NA,10.17558881,NA
1662,S,S3,MEGA,15w,20.02961666,63.5,1,0,0,NA,NA,NA,10.87466014,NA
1663,S,S3,MEGA,15w,14.32008617,46,1,0,0,NA,NA,NA,8.730131163,NA
1664,S,S3,MEGA,15w,17.05539236,78,1,0,0,NA,NA,NA,11.03898308,NA
1665,S,S3,MEGA,15w,19.0116621,98.5,1,0,0,NA,NA,NA,12.37387187,NA
1666,S,S3,MEGA,15w,NA,NA,NA,NA,NA,NA,NA,NA,NA,NA
1667,S,S3,MEGA,15w,8.50122826,55,1,0,0,NA,NA,NA,7.786178181,NA
1668,S,S3,MEGA,15w,22.7328786,22,1,0,0,NA,NA,NA,7.963127244,NA
1669,S,S3,MEGA,15w,22.6484483,80,1,0,0,NA,NA,NA,12.23833311,NA
1670,S,S3,MEGA,15w,9.897980354,29,1,0,0,NA,NA,NA,6.615792118,NA
1671,S,S3,MEGA,15w,59.99468075,52,1,0,0,NA,NA,NA,14.67257925,NA
1672,S,S3,MEGA,15w,33.52911883,52,2,0,0,NA,NA,NA,12.08219965,NA
1673,S,S3,MEGA,15w,10.86865394,72,1,0,0,NA,NA,NA,9.246859514,NA
1674,S,S3,MEGA,15w,30.23625849,65,NA,NA,NA,NA,NA,NA,12.5751004,NA
1675,S,S3,MEGA,15w,27.06238598,157,1,0,0,NA,NA,NA,16.26642676,NA
1676,S,S3,MEGA,15w,NA,NA,NA,NA,NA,NA,NA,NA,NA,NA
1677,S,S3,MESO,15w,11.46084416,135,1,0,0,NA,NA,NA,11.60987558,NA
1678,S,S3,MESO,15w,7.450601137,29,1,0,0,NA,NA,NA,6.017274729,NA
1679,S,S3,MESO,15w,13.92047559,21,1,0,0,NA,NA,NA,6.656238347,NA
1680,S,S3,MESO,15w,25.69697127,198,1,0,0,NA,NA,NA,17.27532837,NA
1681,S,S3,MESO,15w,18.6272097,106,1,0,0,NA,NA,NA,12.59456734,NA
1682,S,S3,MESO,15w,9.731397404,55,1,0,0,NA,NA,NA,8.145525413,NA
1683,S,S3,MESO,15w,27.80505848,176,1,2,1,NA,NA,NA,17.05221154,NA
1684,S,S3,MESO,15w,NA,NA,NA,NA,NA,NA,NA,NA,NA,NA
1685,S,S3,MESO,15w,NA,NA,NA,NA,NA,NA,NA,NA,NA,NA
1686,S,S3,MESO,15w,NA,NA,NA,NA,NA,NA,NA,NA,NA,NA
1687,S,S3,MESO,15w,NA,NA,NA,NA,NA,NA,NA,NA,NA,NA
1688,S,S3,MESO,15w,NA,NA,NA,NA,NA,NA,NA,NA,NA,NA
1689,S,S3,MESO,15w,17.72054606,28,NA,NA,NA,NA,NA,NA,7.942085425,NA
1690,S,S3,MESO,15w,NA,NA,NA,NA,NA,NA,NA,NA,NA,NA
1691,S,S3,MESO,15w,10.40621151,116,1,0,0,NA,NA,NA,10.68658027,NA
1692,S,S3,MESO,15w,29.41661697,330,1,NA,NA,NA,NA,NA,21.43338553,NA
1693,S,S3,MESO,15w,63.47595811,234,1,0,0,NA,NA,NA,24.70351833,NA
1694,S,S3,MESO,15w,46.44538433,330,1,1,1,NA,NA,NA,24.96373882,NA
1695,S,S3,MESO,15w,44.88833247,290,1,0,0,NA,NA,NA,23.63912482,NA
1696,S,S3,MESO,15w,NA,NA,NA,NA,NA,NA,NA,NA,NA,NA
1697,S,S3,MESO,15w,48.89268501,295,1,0,0,NA,NA,NA,24.46240551,NA
1698,S,S3,MESO,15w,NA,NA,NA,NA,NA,NA,NA,NA,NA,NA
1699,S,S3,MESO,15w,NA,NA,NA,NA,NA,NA,NA,NA,NA,NA
1700,S,S3,MESO,15w,NA,NA,NA,NA,NA,NA,NA,NA,NA,NA
1701,S,S3,MESO,15w,4.082813813,37,1,0,0,NA,NA,NA,5.339620415,NA
1702,S,S3,MESO,15w,12.37858191,42.7,3,0,0,NA,NA,NA,8.111538925,NA
1703,S,S3,MESO,15w,2.955924528,14,1,0,0,NA,NA,NA,3.465563625,NA
1704,S,S3,MESO,15w,NA,NA,NA,NA,NA,NA,NA,NA,NA,NA
1705,S,S3,MESO,15w,NA,NA,NA,NA,NA,NA,NA,NA,NA,NA
1706,S,S3,MESO,15w,2.323521927,9,1,0,0,NA,NA,NA,2.759372795,NA
1707,S,S3,MESO,15w,2.1382465,18,1,0,0,NA,NA,NA,3.382677618,NA
1708,S,S3,MESO,15w,5.227924335,15,1,0,0,NA,NA,NA,4.289928245,NA
1709,S,S3,MESO,15w,3.976078202,22.5,1,0,0,NA,NA,NA,4.482825317,NA
1710,S,S3,MESO,15w,0.801184666,17,1,0,0,NA,NA,NA,2.39136104,NA
1711,S,S3,MESO,15w,87.91464298,203,2,0,0,NA,NA,NA,26.26499289,NA
1712,S,S3,MESO,15w,7.992290251,140,NA,NA,NA,NA,NA,NA,10.41928655,NA
1713,S,S3,MESO,15w,29.70572204,223,1,4,1,NA,NA,NA,18.86621003,NA
1714,S,S3,MESO,15w,36.63796038,196,1,4,1,NA,NA,NA,19.38132761,NA
1715,S,S3,MESO,15w,NA,NA,NA,NA,NA,NA,NA,NA,NA,NA
1716,S,S3,MESO,15w,NA,NA,NA,NA,NA,NA,NA,NA,NA,NA
1717,C,C3,MEGA,15w,15.13627194,103.7,1,0,0,NA,NA,NA,11.6657649,NA
1718,N,N2,LMH,15w,93.14201753,134.4,1,12,1,NA,NA,NA,23.33245576,NA
1719,S,S1,MESO,15w,NA,NA,NA,NA,NA,NA,NA,NA,NA,NA
